{
"type": "FeatureCollection",
"name": "DA_ST_Bezirke",
"crs": { "type": "name", "properties": { "name": "urn:ogc:def:crs:EPSG::25832" } },
"features": [
{ "type": "Feature", "properties": { "StatBez": 810, "stat_Bez_1": "Wixhausen-West" }, "geometry": { "type": "MultiPolygon", "coordinates": [ [ [ [ 474748.825243331142701, 5531179.082750880159438 ], [ 474746.557636151381303, 5531157.387166960164905 ], [ 474740.595890729746316, 5531097.499356968328357 ], [ 474735.755580131546594, 5531044.850073594599962 ], [ 474717.260151389054954, 5530848.889960770495236 ], [ 474712.065269486338366, 5530797.100502381101251 ], [ 474704.751205601089168, 5530724.145352215506136 ], [ 474704.27294663223438, 5530719.366324973292649 ], [ 474701.131279957829975, 5530689.392426082864404 ], [ 474696.043594030896202, 5530640.782320545986295 ], [ 474693.264744505111594, 5530614.317707349546254 ], [ 474692.860698134929407, 5530611.028376882895827 ], [ 474690.139569519204088, 5530588.952870296314359 ], [ 474683.617106685822364, 5530535.693711061030626 ], [ 474672.749083911650814, 5530428.825463817454875 ], [ 474670.712360372010153, 5530407.269851407036185 ], [ 474670.069184517313261, 5530400.371255598962307 ], [ 474664.857810926041566, 5530345.212483024224639 ], [ 474654.195934259099886, 5530235.024911420419812 ], [ 474643.105273689085152, 5530123.957518902607262 ], [ 474624.964416251052171, 5530126.187065083533525 ], [ 474549.044927873066626, 5530137.694722728803754 ], [ 474523.71369421412237, 5530141.523943300358951 ], [ 474497.640334569150582, 5530145.473139451816678 ], [ 474488.330776365764905, 5530146.882852508686483 ], [ 474457.623252229765058, 5530151.531906206160784 ], [ 474452.230470064096153, 5530152.351739332079887 ], [ 474428.119621360208839, 5530156.01099449954927 ], [ 474358.590662306873128, 5530166.528853615745902 ], [ 474312.496392725792248, 5530173.527429074048996 ], [ 474285.144927215878852, 5530177.656588595360518 ], [ 474267.993571092607453, 5530180.256059478037059 ], [ 474261.141274487657938, 5530181.295847833156586 ], [ 474237.607634883956052, 5530184.845125386491418 ], [ 474228.273339147679508, 5530186.244840477593243 ], [ 474142.96183412335813, 5530199.122219321317971 ], [ 474135.919883099733852, 5530200.182003603316844 ], [ 474131.970123684790451, 5530200.781881500966847 ], [ 474029.2681330529158, 5530216.278727157972753 ], [ 473999.517126854567323, 5530220.757815450429916 ], [ 473994.693307944922708, 5530221.467670961283147 ], [ 473994.19031144323526, 5530216.698641684837639 ], [ 473989.597376173653174, 5530173.967339532449841 ], [ 473988.269795242929831, 5530161.539869111962616 ], [ 473985.062161814188585, 5530131.775927484035492 ], [ 473984.097398032143246, 5530122.697775319218636 ], [ 473983.58615568629466, 5530117.858760287985206 ], [ 473983.38000957906479, 5530113.799586521461606 ], [ 473974.55695618869504, 5530115.879163229838014 ], [ 473940.971632395579945, 5530123.787553497590125 ], [ 473905.217651554150507, 5530132.195842011831701 ], [ 473894.308399558474775, 5530134.775316967628896 ], [ 473891.257437171123456, 5530135.485172475688159 ], [ 473867.459930550248828, 5530141.084032843820751 ], [ 473840.438298811845016, 5530147.45273650996387 ], [ 473794.088408057810739, 5530158.360516260378063 ], [ 473780.622944332251791, 5530161.529871148057282 ], [ 473769.235433367721271, 5530164.219323713332415 ], [ 473719.158420994528569, 5530175.856954905204475 ], [ 473657.207392843731213, 5530190.423989822156727 ], [ 473631.463866970443632, 5530196.48275657556951 ], [ 473609.381495961803012, 5530201.671700379811227 ], [ 473596.229374319256749, 5530204.77106951083988 ], [ 473571.796937687962782, 5530210.519899352453649 ], [ 473561.35769881674787, 5530212.969400762580335 ], [ 473550.712313838477712, 5530215.478889961726964 ], [ 473545.566907001368236, 5530216.608660001307726 ], [ 473545.467956869979389, 5530212.539488269947469 ], [ 473543.769312946300488, 5530143.213599375449121 ], [ 473543.472462551784702, 5530130.726141165941954 ], [ 473542.351027728407644, 5530085.185410864651203 ], [ 473542.260323441179935, 5530081.236214713193476 ], [ 473542.15312746539712, 5530076.827112174592912 ], [ 473534.286592012795154, 5530078.686733653768897 ], [ 473421.90398018428823, 5530105.071363129653037 ], [ 473409.733114012225997, 5530107.930781102739275 ], [ 473324.413363143568859, 5530127.966702842153609 ], [ 473312.687772563309409, 5530130.716143202036619 ], [ 473226.395012068445794, 5530150.922030346468091 ], [ 473214.224145896383561, 5530153.771450351923704 ], [ 473195.802929752506316, 5530158.080573242157698 ], [ 473191.358419680211227, 5530159.110363632440567 ], [ 473180.647067947487812, 5530161.609854864887893 ], [ 473176.763275286939461, 5530162.519669675268233 ], [ 473173.25879146362422, 5530163.389492624439299 ], [ 473175.369727601937484, 5530171.957748578861356 ], [ 473180.680051324656233, 5530189.354207573458552 ], [ 473187.235497535264585, 5530210.879826090298593 ], [ 473194.409382067504339, 5530234.435031489469111 ], [ 473195.885388195340056, 5530239.264048554934561 ], [ 473198.557041745341849, 5530247.982273981906474 ], [ 473240.544880870031193, 5530385.62425731215626 ], [ 473238.969924610632006, 5530389.023565391078591 ], [ 473237.329001596954186, 5530392.472863294184208 ], [ 473174.55338901723735, 5530420.537150881253183 ], [ 473162.728848305298015, 5530425.816076370887458 ], [ 473158.350304987339769, 5530427.775677498430014 ], [ 473149.230401202628855, 5530431.884841089136899 ], [ 473116.535628592711873, 5530446.511863796040416 ], [ 473111.489171887282282, 5530448.761405906639993 ], [ 473084.904569896287285, 5530460.608994361944497 ], [ 473057.924167379445862, 5530472.646544148214161 ], [ 473047.443699286843184, 5530477.315593776293099 ], [ 473033.112421910802368, 5530483.714291336946189 ], [ 473020.21592144126771, 5530489.463121177628636 ], [ 473016.802141905180179, 5530490.622885110788047 ], [ 473017.898839195840992, 5530499.671043381094933 ], [ 473040.459469173219986, 5530631.784152098931372 ], [ 473039.626638899906538, 5530637.502988043241203 ], [ 473038.78556278225733, 5530643.111846376210451 ], [ 473025.765374648501165, 5530669.336508412845433 ], [ 473012.984315998910461, 5530695.011282378807664 ], [ 473015.895099033310544, 5530774.075189124792814 ], [ 473018.269902188854758, 5530839.171938848681748 ], [ 473018.443064918974414, 5530843.661025107838213 ], [ 473023.052491876995191, 5530970.035301949828863 ], [ 472990.201048225688282, 5530971.415021109394729 ], [ 472990.365965111472178, 5530974.924306804314256 ], [ 472990.522636153036729, 5530978.013677972368896 ], [ 472991.025632654665969, 5530987.781689718365669 ], [ 472994.991883758222684, 5530987.611724314279854 ], [ 472995.140308955335058, 5530990.561123970896006 ], [ 472997.655291463830508, 5531040.101040247827768 ], [ 472998.380925761302933, 5531054.168176920153201 ], [ 472999.403410453349352, 5531074.534031502902508 ], [ 473001.085562688473146, 5531107.567307663150132 ], [ 473001.357675550098065, 5531112.856231117621064 ], [ 473005.167255611973815, 5531187.641008867882192 ], [ 473009.364390355593059, 5531191.690184669569135 ], [ 473212.517256128310692, 5531196.709163069725037 ], [ 473224.696368144708686, 5531197.009102016687393 ], [ 473373.418415759108029, 5531200.688353115692735 ], [ 473375.199518125737086, 5531199.728548480197787 ], [ 473375.471630987362005, 5531204.787518739700317 ], [ 473377.566075437003747, 5531242.059932036325336 ], [ 473383.560804235865362, 5531278.842445052228868 ], [ 473389.769924986176193, 5531307.336645130068064 ], [ 473395.121477930457331, 5531329.892054035328329 ], [ 473402.221149864140898, 5531342.539479683153331 ], [ 473406.245121877582278, 5531358.70618899166584 ], [ 473434.206779864965938, 5531390.03981111291796 ], [ 473436.515616266173311, 5531392.429324734024704 ], [ 473452.124999507155735, 5531408.626027937047184 ], [ 473454.4338359083049, 5531411.035537487827241 ], [ 473467.099452737777028, 5531422.473209378309548 ], [ 473485.207326798699796, 5531438.839877986349165 ], [ 473498.219269088236615, 5531456.096365472301841 ], [ 473504.54383165872423, 5531465.604430129751563 ], [ 473516.541535100725014, 5531469.343669017776847 ], [ 473521.860104667721316, 5531476.712169177830219 ], [ 473535.045209687436, 5531494.948457228951156 ], [ 473541.76557278377004, 5531504.236566659063101 ], [ 473554.53013974474743, 5531526.452044755220413 ], [ 473563.666535218013451, 5531547.487762988545001 ], [ 473572.720472248387523, 5531573.332502360455692 ], [ 473577.6432412895374, 5531594.178259259089828 ], [ 473578.517300784355029, 5531600.926885592751205 ], [ 473581.436329662916251, 5531623.232345373369753 ], [ 473583.844116195687093, 5531641.8185621984303 ], [ 473587.497025216114707, 5531682.650251013226807 ], [ 473588.197921980754472, 5531691.708407249301672 ], [ 473589.245144205633551, 5531705.675564268603921 ], [ 473576.191972694476135, 5531707.7151491176337 ], [ 473564.590069778554607, 5531709.524780770763755 ], [ 473548.626115233113524, 5531826.590952252969146 ], [ 473546.886242087872233, 5531839.568310745060444 ], [ 473542.078914866840933, 5531875.161065932363272 ], [ 473539.069181700935587, 5531897.456527749076486 ], [ 473533.321828230808023, 5531940.047858393751085 ], [ 473533.247615632193629, 5531940.527760709635913 ], [ 473532.785848351952154, 5531944.007052510045469 ], [ 473477.761329404835124, 5531933.33922391757369 ], [ 473454.013297849567607, 5531928.74016004614532 ], [ 473431.939172685262747, 5531924.46103105135262 ], [ 473405.799846285954118, 5531919.39206282608211 ], [ 473401.544990632333793, 5531918.562231737188995 ], [ 473374.168787589587737, 5531913.263310318812728 ], [ 473319.878148784162477, 5531902.775445096194744 ], [ 473297.779286086966749, 5531898.506314067170024 ], [ 473250.695515191066079, 5531889.398168005980551 ], [ 473249.120558931666892, 5531951.745477372780442 ], [ 473248.551595675642602, 5531974.230900524184108 ], [ 473246.110825765819754, 5532070.321341560222208 ], [ 473241.344727766234428, 5532262.91214020177722 ], [ 473288.057435669004917, 5532270.350626116618514 ], [ 473310.271740186377428, 5532273.899903669022024 ], [ 473365.30450497783022, 5532282.678116885945201 ], [ 473365.873468233679887, 5532287.81707086507231 ], [ 473370.656057921936736, 5532330.988283477723598 ], [ 473371.86819703259971, 5532341.926057120785117 ], [ 473376.246740350616165, 5532381.418018634431064 ], [ 473376.700261786521878, 5532385.547178154811263 ], [ 473377.046587246702984, 5532388.636549321003258 ], [ 473377.500108682666905, 5532392.765708840452135 ], [ 473382.769203184056096, 5532440.366019920445979 ], [ 473383.981342294660863, 5532451.293795600533485 ], [ 473387.898118332435843, 5532486.536622013896704 ], [ 473390.075021224911325, 5532489.895938233472407 ], [ 473455.604745797580108, 5532447.244619799777865 ], [ 473464.823599713796284, 5532441.245840835385025 ], [ 473504.527339970052708, 5532415.401101464405656 ], [ 473547.727318205405027, 5532417.430688349530101 ], [ 473591.801355935400352, 5532431.827757861465216 ], [ 473602.257086495228577, 5532435.237063906155527 ], [ 473646.718678906792775, 5532449.754108999855816 ], [ 473653.340091871737968, 5532451.903671461157501 ], [ 473654.708902023907285, 5532452.363577850162983 ], [ 473657.553718303912319, 5532453.293388588353992 ], [ 473659.730621196504217, 5532452.713506622239947 ], [ 473665.321303625183646, 5532451.223809845745564 ], [ 473685.820472530089319, 5532528.208139883354306 ], [ 473689.399168951902539, 5532527.398304723203182 ], [ 473690.240245069551747, 5532527.198345423676074 ], [ 473693.315944989619311, 5532526.4984878776595 ], [ 473697.224475183116738, 5532525.598671033978462 ], [ 473719.084208395855967, 5532520.599688564427197 ], [ 473748.802231217094231, 5532513.811070370487869 ], [ 473776.961789467430208, 5532507.372380948625505 ], [ 473780.853827972314321, 5532506.492560034617782 ], [ 473881.494357531773858, 5532483.477244741283357 ], [ 473897.96130857890239, 5532479.708011958748102 ], [ 473934.185302544850856, 5532471.439694953151047 ], [ 473953.464086494932417, 5532467.000598520040512 ], [ 473976.750350769842044, 5532461.641689313575625 ], [ 473980.790814471954945, 5532460.721876538358629 ], [ 473985.993942219007295, 5532459.532118710689247 ], [ 474063.339961659163237, 5532441.885710590519011 ], [ 474085.27390747051686, 5532436.866732190363109 ], [ 474136.925876103108749, 5532425.089129492640495 ], [ 474140.925110583775677, 5532424.179314684122801 ], [ 474156.831344219157472, 5532421.089943516999483 ], [ 474161.03672480705427, 5532420.270110390149057 ], [ 474175.417477248818614, 5532419.570252845995128 ], [ 474197.260718773060944, 5532418.500470596365631 ], [ 474209.472814166510943, 5532414.92119914945215 ], [ 474221.841580601583701, 5532432.717576742172241 ], [ 474234.663868472503964, 5532451.203813915140927 ], [ 474240.337009343958925, 5532459.382149236276746 ], [ 474243.602363682817668, 5532464.081192758865654 ], [ 474258.057328723196406, 5532473.79921467974782 ], [ 474320.321698956948239, 5532485.756780747324228 ], [ 474354.121414701687172, 5532492.235462029464543 ], [ 474386.667762114375364, 5532498.484190115705132 ], [ 474392.002823369984981, 5532499.503982540220022 ], [ 474395.688715767639223, 5532500.213838052004576 ], [ 474418.150395613571163, 5532504.522960940375924 ], [ 474440.241012466372922, 5532508.762098074890673 ], [ 474457.986069378559478, 5532512.181402083486319 ], [ 474498.431935621018056, 5532519.939822878688574 ], [ 474506.504617180966306, 5532521.489507443271577 ], [ 474528.603479878162034, 5532525.718646613880992 ], [ 474535.579464147507679, 5532527.068371880799532 ], [ 474539.512731873837765, 5532527.818219250999391 ], [ 474540.749608517275192, 5532524.038988502696157 ], [ 474542.975986475532409, 5532517.270366238430142 ], [ 474549.968462433491368, 5532495.894717197865248 ], [ 474553.332766903855372, 5532485.656801098957658 ], [ 474604.250855394522659, 5532481.477651754394174 ], [ 474609.322049632901326, 5532489.066107142716646 ], [ 474612.661616570316255, 5532494.055091647431254 ], [ 474616.21557545941323, 5532495.814733477309346 ], [ 474666.564700694056228, 5532520.769653967581689 ], [ 474686.725789983116556, 5532530.757620942778885 ], [ 474815.814482343092095, 5532594.704604699276388 ], [ 474835.967325787816662, 5532604.692571673542261 ], [ 474851.716888381750323, 5532612.500982292927802 ], [ 474858.692872651154175, 5532615.960278160870075 ], [ 474862.939482460496947, 5532618.05985079985112 ], [ 474886.019600628118496, 5532618.129836554639041 ], [ 474865.503940034599509, 5532396.864874467253685 ], [ 474861.834539325616788, 5532349.274561352096498 ], [ 474856.342807028500829, 5532278.019065225496888 ], [ 474849.894556793617085, 5532215.401810805313289 ], [ 474837.855624130228534, 5532098.635578271001577 ], [ 474833.971831469680183, 5532054.134636323899031 ], [ 474821.199018664425239, 5531931.689559704624116 ], [ 474816.762754436465912, 5531890.577927869744599 ], [ 474809.877474454347976, 5531825.181239197961986 ], [ 474805.350505939044524, 5531778.990641172975302 ], [ 474798.465225956984796, 5531689.878779663704336 ], [ 474793.394031718606129, 5531631.190725466236472 ], [ 474787.242631878296379, 5531561.634883379563689 ], [ 474775.632483117922675, 5531447.158184816129506 ], [ 474767.72471844375832, 5531366.734554838389158 ], [ 474756.07334046199685, 5531248.278666228987277 ], [ 474755.71876915753819, 5531244.649404956027865 ], [ 474752.775002746086102, 5531216.645105158910155 ], [ 474748.825243331142701, 5531179.082750880159438 ] ] ] ] } },
{ "type": "Feature", "properties": { "StatBez": 820, "stat_Bez_1": "Wixhausen-Ost" }, "geometry": { "type": "MultiPolygon", "coordinates": [ [ [ [ 475214.195957525924314, 5530077.846904599107802 ], [ 475210.806915522669442, 5530078.746721442788839 ], [ 475204.647269838023931, 5530080.376389727927744 ], [ 475194.678044091444463, 5530080.166432464495301 ], [ 475184.997422894928604, 5530077.616951405070722 ], [ 475163.970519955561031, 5530064.239674314856529 ], [ 475160.127956516342238, 5530063.329859505407512 ], [ 475157.744907516578678, 5530062.739979573525488 ], [ 475156.277147232962307, 5530062.380052835680544 ], [ 475153.02003873832291, 5530061.57021767552942 ], [ 475149.82889699813677, 5530060.78037844505161 ], [ 475120.984933671657927, 5530067.129086181521416 ], [ 475090.368113822943997, 5530080.686326642520726 ], [ 475088.636486522096675, 5530081.446171976625919 ], [ 475033.480034066189546, 5530105.861202361062169 ], [ 475028.268660474917851, 5530108.170732260681689 ], [ 474975.025243894429877, 5530131.745933589525521 ], [ 474969.426315621414687, 5530136.364993391558528 ], [ 474965.187951656407677, 5530141.713904635049403 ], [ 474964.651971777551807, 5530142.603723513893783 ], [ 474917.881542964663822, 5530218.328309970907867 ], [ 474908.192675923928618, 5530234.015116961672902 ], [ 474877.081105417688377, 5530284.404860258102417 ], [ 474873.485917307320051, 5530290.213677889667451 ], [ 474868.637360864784569, 5530292.853140633553267 ], [ 474861.628393218328711, 5530296.652367310598493 ], [ 474858.387776412419043, 5530298.412009139545262 ], [ 474833.163738729257602, 5530314.318771358579397 ], [ 474806.05964854802005, 5530329.675645506940782 ], [ 474698.550330695055891, 5530390.613241816870868 ], [ 474681.473187170457095, 5530401.261074477806687 ], [ 474670.712360372010153, 5530407.269851407036185 ], [ 474672.749083911650814, 5530428.825463817454875 ], [ 474683.617106685822364, 5530535.693711061030626 ], [ 474690.139569519204088, 5530588.952870296314359 ], [ 474692.860698134929407, 5530611.028376882895827 ], [ 474693.264744505111594, 5530614.317707349546254 ], [ 474696.043594030896202, 5530640.782320545986295 ], [ 474701.131279957829975, 5530689.392426082864404 ], [ 474704.27294663223438, 5530719.366324973292649 ], [ 474704.751205601089168, 5530724.145352215506136 ], [ 474712.065269486338366, 5530797.100502381101251 ], [ 474717.260151389054954, 5530848.889960770495236 ], [ 474735.755580131546594, 5531044.850073594599962 ], [ 474740.595890729746316, 5531097.499356968328357 ], [ 474746.557636151381303, 5531157.387166960164905 ], [ 474748.825243331142701, 5531179.082750880159438 ], [ 474752.775002746086102, 5531216.645105158910155 ], [ 474755.71876915753819, 5531244.649404956027865 ], [ 474756.07334046199685, 5531248.278666228987277 ], [ 474767.72471844375832, 5531366.734554838389158 ], [ 474775.632483117922675, 5531447.158184816129506 ], [ 474787.242631878296379, 5531561.634883379563689 ], [ 474793.394031718606129, 5531631.190725466236472 ], [ 474798.465225956984796, 5531689.878779663704336 ], [ 474805.350505939044524, 5531778.990641172975302 ], [ 474809.877474454347976, 5531825.181239197961986 ], [ 474816.762754436465912, 5531890.577927869744599 ], [ 474821.199018664425239, 5531931.689559704624116 ], [ 474833.971831469680183, 5532054.134636323899031 ], [ 474837.855624130228534, 5532098.635578271001577 ], [ 474849.894556793617085, 5532215.401810805313289 ], [ 474856.342807028500829, 5532278.019065225496888 ], [ 474861.834539325616788, 5532349.274561352096498 ], [ 474865.503940034599509, 5532396.864874467253685 ], [ 474886.019600628118496, 5532618.129836554639041 ], [ 474909.388323346094694, 5532618.209820272400975 ], [ 474913.412295359536074, 5532618.219818237237632 ], [ 474940.8874485338456, 5532611.781128816306591 ], [ 474962.788410968147218, 5532606.642174837179482 ], [ 474990.725331422581803, 5532600.093507801182568 ], [ 474988.424740865651984, 5532563.650925595313311 ], [ 474987.00645564775914, 5532541.215492270886898 ], [ 474984.664635869383346, 5532504.253015887923539 ], [ 475157.159452571941074, 5532527.988184656016529 ], [ 475193.985393171082251, 5532517.580303153023124 ], [ 475215.638980276649818, 5532511.471546574495733 ], [ 475244.969448416144587, 5532503.173235674388707 ], [ 475247.731806253257673, 5532502.403392372652888 ], [ 475247.418464170361403, 5532464.661074724979699 ], [ 475274.712208770157304, 5532471.949591166339815 ], [ 475296.440008474339265, 5532477.728414901532233 ], [ 475427.6313911282341, 5532512.681300331838429 ], [ 475430.95446637715213, 5532513.571119210682809 ], [ 475435.794776975293644, 5532514.860856688581407 ], [ 475553.891758896759711, 5532546.324452353641391 ], [ 475575.619558600883465, 5532552.123272019438446 ], [ 475598.806872744346038, 5532558.292016387917101 ], [ 475605.26336882339092, 5532560.021664321422577 ], [ 475748.856501289468724, 5532598.283876148052514 ], [ 475755.238784769899212, 5532599.993528152815998 ], [ 475827.323955553059932, 5532619.199618802405894 ], [ 475849.060001101577654, 5532624.988440503366292 ], [ 475928.187122908362653, 5532646.074148561805487 ], [ 476105.621200340625364, 5532693.35452476143837 ], [ 476127.357245889026672, 5532699.143346462398767 ], [ 476190.743050946330186, 5532716.039907211437821 ], [ 476194.36297658958938, 5532723.83831986412406 ], [ 476243.524700246576685, 5532829.626786895096302 ], [ 476295.366323297843337, 5532939.564409375190735 ], [ 476296.941279557184316, 5532942.923725593835115 ], [ 476303.208121217554435, 5532956.211020999588072 ], [ 476311.470457196119241, 5532973.817437258549035 ], [ 476313.16910111985635, 5532977.436700567603111 ], [ 476350.291892113513313, 5533056.410625629127026 ], [ 476368.482224617269821, 5533047.822373745031655 ], [ 476372.23408376914449, 5533046.102723774500191 ], [ 476425.29609177535167, 5533159.489644160494208 ], [ 476481.656437497586012, 5533279.925129827111959 ], [ 476491.31232116103638, 5533300.510939639061689 ], [ 476499.920982599840499, 5533320.296912253834307 ], [ 476501.941214450867847, 5533325.105933391489089 ], [ 476571.692811299988534, 5533300.121019006706774 ], [ 476647.719495653873309, 5533285.364022754132748 ], [ 476669.801866662397515, 5533281.094891724176705 ], [ 476698.753025964600965, 5533275.476035429164767 ], [ 476840.655760351219214, 5533252.540703855454922 ], [ 476840.152763849531766, 5533247.651699000969529 ], [ 476836.48336314043263, 5533217.517832671292126 ], [ 476882.618861943075899, 5533212.568840026855469 ], [ 477147.599068202194758, 5533144.682658082805574 ], [ 477152.826933482079767, 5533143.332932815887034 ], [ 477202.48340779641876, 5533130.775488851591945 ], [ 477227.64147872524336, 5533112.949117364361882 ], [ 477243.399287163396366, 5533117.528185305185616 ], [ 477256.172099968593102, 5533097.222318514250219 ], [ 477265.564116614987142, 5533102.711201266385615 ], [ 477270.091085130174179, 5533115.188661510124803 ], [ 477282.138263637782075, 5533113.499005435965955 ], [ 477295.710923339123838, 5533118.078073379583657 ], [ 477322.402721305843443, 5533117.888112043961883 ], [ 477329.683801813982427, 5533108.520018896088004 ], [ 477336.033101917302702, 5533110.139689217321575 ], [ 477372.232358350302093, 5533092.493281096220016 ], [ 477390.801999691408128, 5533061.519585712812841 ], [ 477393.094344404118601, 5533045.772790932096541 ], [ 477393.902437144541182, 5533040.253914283588529 ], [ 477384.469191276817583, 5533019.488141103647649 ], [ 477393.05311518261442, 5533011.209826135076582 ], [ 477405.809436299256049, 5533018.63831408508122 ], [ 477410.394125724444166, 5532988.264496597461402 ], [ 477425.657183505303692, 5532985.175125431269407 ], [ 477408.670744267932605, 5532969.098397808149457 ], [ 477424.857336609216873, 5532956.410980299115181 ], [ 477431.445766196819022, 5532967.768668469972908 ], [ 477436.624156410980504, 5532961.659911891445518 ], [ 477452.439685759134591, 5532959.510349429212511 ], [ 477453.495153828291222, 5532950.832115861587226 ], [ 477481.918579096032772, 5532950.262231860309839 ], [ 477492.3495721227373, 5532956.700921282172203 ], [ 477507.744563412154093, 5532950.502183019183576 ], [ 477505.971706889860798, 5532943.123684893362224 ], [ 477521.020372719096486, 5532933.265691461972892 ], [ 477541.602000066952314, 5532941.923929101787508 ], [ 477558.91002723161364, 5532935.89515624102205 ], [ 477583.548609970137477, 5532931.995949914678931 ], [ 477582.773500606941525, 5532939.264470426365733 ], [ 477597.030565384367947, 5532950.352213544771075 ], [ 477614.783868140657432, 5532964.169401092454791 ], [ 477635.134611848450731, 5532980.006177556701005 ], [ 477653.522844615159556, 5532980.046169416047633 ], [ 477671.267901527229697, 5532967.628696960397065 ], [ 477690.554931321472395, 5532986.584838488139212 ], [ 477719.118535942048766, 5532961.909861014224589 ], [ 477746.651410026359372, 5532955.011265207082033 ], [ 477750.790823859977536, 5532936.185097225010395 ], [ 477766.606353208131623, 5532943.053699139505625 ], [ 477767.653575433010701, 5532928.716617413796484 ], [ 477778.703006781637669, 5532934.395461501553655 ], [ 477811.001978865591809, 5532932.625821705907583 ], [ 477833.455412867246196, 5532931.406069982796907 ], [ 477869.135181110061239, 5532929.446468855254352 ], [ 477905.375666764564812, 5532925.017370386049151 ], [ 477906.249726259382442, 5532913.119792107492685 ], [ 477917.868120863975491, 5532914.339543830603361 ], [ 477931.514993163989857, 5532915.759254854172468 ], [ 477975.712718558323104, 5532925.107352070510387 ], [ 477993.301104428886902, 5532926.107148566283286 ], [ 478011.93671252427157, 5532941.25406544841826 ], [ 478025.286734429770149, 5532973.08758581802249 ], [ 478040.863134293525945, 5532987.714608525857329 ], [ 478058.047473793965764, 5533009.280218902043998 ], [ 478089.975382884847932, 5533013.119437438435853 ], [ 478126.636406598147005, 5533036.684640802443027 ], [ 478138.38673471135553, 5533036.194740518927574 ], [ 478141.751039181719534, 5533036.154748660512269 ], [ 478144.447430264553986, 5533035.664848377928138 ], [ 478147.374704987567384, 5533035.134956237860024 ], [ 478169.498305217595771, 5533031.105776364915073 ], [ 478174.849858161760494, 5533030.125975801609457 ], [ 478192.932994689792395, 5533042.123533728532493 ], [ 478232.166721821529791, 5533052.791362321004272 ], [ 478249.441765609080903, 5533057.450413981452584 ], [ 478271.161319468985312, 5533063.309221436269581 ], [ 478288.436363256594632, 5533067.958275133743882 ], [ 478335.124333626474254, 5533048.792176343500614 ], [ 478341.275733466900419, 5533049.182096976786852 ], [ 478363.72092162433546, 5533050.601807998493314 ], [ 478371.843078249832615, 5533051.111704210750759 ], [ 478400.736516642034985, 5533039.184132038615644 ], [ 478421.54078178567579, 5533030.605878118425608 ], [ 478435.46801279153442, 5533024.86704624351114 ], [ 478449.246818600106053, 5533046.562630162574351 ], [ 478452.569893849024083, 5533079.335959235206246 ], [ 478447.886254292272497, 5533107.510224436409771 ], [ 478452.404976963240188, 5533110.399636304937303 ], [ 478471.345681297359988, 5533122.527167776599526 ], [ 478477.183739054598846, 5533126.246410734020174 ], [ 478510.769062847888563, 5533114.008901647292078 ], [ 478527.343209870741703, 5533117.708148675039411 ], [ 478535.580808316473849, 5533141.083390704356134 ], [ 478541.534307893831283, 5533145.212550224736333 ], [ 478560.021490791928954, 5533158.009945348836482 ], [ 478565.579189843439963, 5533161.86915981490165 ], [ 478567.335554677178152, 5533150.211532695218921 ], [ 478596.847431391070131, 5533140.863435477018356 ], [ 478622.203402582847048, 5533111.669377852231264 ], [ 478635.132886429608334, 5533109.199880513362586 ], [ 478657.215257438190747, 5533105.000735237263143 ], [ 478676.386845412431285, 5533101.351478032767773 ], [ 478727.997584823635407, 5533128.076038317754865 ], [ 478747.97726553818211, 5533138.413934065960348 ], [ 478765.730568294646218, 5533147.612061811611056 ], [ 478771.68406787206186, 5533146.802226651459932 ], [ 478792.513070548477117, 5533143.982800537720323 ], [ 478809.573722384520806, 5533131.355370818637311 ], [ 478827.656858912552707, 5533117.978093728423119 ], [ 478854.233215059153736, 5533098.312096691690385 ], [ 478879.284090012311935, 5533090.763633162714541 ], [ 478900.813989453425165, 5533084.264955950900912 ], [ 478913.125034978322219, 5533080.545712993480265 ], [ 478929.855853042798117, 5533097.872186235152185 ], [ 478949.13463699282147, 5533132.725092016160488 ], [ 478966.409680780372582, 5533144.022792397066951 ], [ 478989.118735955096781, 5533146.022385385818779 ], [ 479014.656115721154492, 5533130.115623166784644 ], [ 479023.874969637428876, 5533116.438407128676772 ], [ 479037.50535024877172, 5533122.637145391665399 ], [ 479057.988027465064079, 5533131.945250750519335 ], [ 479077.011190242134035, 5533140.583492457866669 ], [ 479081.859746684669517, 5533142.793042709119618 ], [ 479098.466877084691077, 5533150.331508274190128 ], [ 479118.949554301099852, 5533159.639613633044064 ], [ 479143.373745087999851, 5533170.737354718148708 ], [ 479155.767249055905268, 5533165.738372246734798 ], [ 479195.602922820893582, 5533187.893862554803491 ], [ 479215.261015608266462, 5533198.811640269123018 ], [ 479252.194152183248661, 5533219.357458219863474 ], [ 479254.618430404458195, 5533233.57456436380744 ], [ 479268.001435687125195, 5533238.57354683522135 ], [ 479289.069567848055158, 5533246.451943206600845 ], [ 479298.01630890276283, 5533249.791263497434556 ], [ 479317.740368444414344, 5533234.504375103861094 ], [ 479333.176588955277111, 5533224.946320622228086 ], [ 479342.700539110286627, 5533223.456623846665025 ], [ 479364.923089471762069, 5533220.007325941696763 ], [ 479397.279782465659082, 5533214.968351611867547 ], [ 479398.830001192225609, 5533215.40826206933707 ], [ 479403.513640748918988, 5533216.757987337186933 ], [ 479419.708478934597224, 5533221.417038997635245 ], [ 479434.427310992206912, 5533207.839802609756589 ], [ 479456.905482526752166, 5533211.129133075475693 ], [ 479464.219546411884949, 5533213.988551048561931 ], [ 479485.163990908535197, 5533222.186882298439741 ], [ 479523.193824774003588, 5533237.063854129053652 ], [ 479543.338422374450602, 5533236.324004724621773 ], [ 479545.350408381258603, 5533233.044672223739326 ], [ 479557.084244805912022, 5533213.848579538986087 ], [ 479558.329367293685209, 5533211.808994689956307 ], [ 479572.52871116111055, 5533221.796961666084826 ], [ 479589.020399741071742, 5533234.234430051408708 ], [ 479590.545880934689194, 5533232.724737346172333 ], [ 479591.609594848181587, 5533231.584969341754913 ], [ 479609.461847736034542, 5533252.510709961876273 ], [ 479615.802901994960848, 5533257.539686326868832 ], [ 479633.424271242693067, 5533271.516841311939061 ], [ 479703.002705361752305, 5533326.685611851513386 ], [ 479720.632320453820284, 5533340.662766838446259 ], [ 479778.114100999431685, 5533386.263484928756952 ], [ 479838.646843932277989, 5533390.852550836279988 ], [ 479861.075540401099715, 5533392.552204876206815 ], [ 479921.731970998283941, 5533397.161266713403165 ], [ 479934.793388353660703, 5533391.912335120141506 ], [ 479937.159945664927363, 5533384.50384309887886 ], [ 479950.600671857595444, 5533375.255725529976189 ], [ 479960.635864358453546, 5533387.39325496647507 ], [ 479981.646275609498844, 5533378.015163852833211 ], [ 479989.776678079389967, 5533356.959449688903987 ], [ 479989.801415612222627, 5533356.899461899884045 ], [ 479993.668716584215872, 5533355.649716283194721 ], [ 480001.444547749706544, 5533357.839270604774356 ], [ 480004.058480389649048, 5533364.217972235754132 ], [ 480018.645378938643262, 5533376.465479287318885 ], [ 480026.223309841239825, 5533362.118399599567056 ], [ 480022.207583671959583, 5533351.630534376949072 ], [ 480025.481183855095878, 5533346.861505100503564 ], [ 480031.25327485811431, 5533348.711128613911569 ], [ 480037.726262625772506, 5533347.011474573984742 ], [ 480040.33194942137925, 5533343.512186844833195 ], [ 480050.169241659343243, 5533334.853949206881225 ], [ 480057.99454789061565, 5533334.374046890996397 ], [ 480059.445816485618707, 5533327.925359503366053 ], [ 480042.888161151320674, 5533322.536456401459873 ], [ 480039.416660705173854, 5533315.297929784283042 ], [ 480050.268191790848505, 5533308.989213907159865 ], [ 480057.409092945919838, 5533313.078381568193436 ], [ 480061.738161198154557, 5533312.128574898466468 ], [ 480067.972019481472671, 5533304.630101194605231 ], [ 480066.520750886411406, 5533297.501552190631628 ], [ 480071.930024740751833, 5533290.103058136068285 ], [ 480078.78232134564314, 5533292.212628738023341 ], [ 480079.466726421786007, 5533301.010837884619832 ], [ 480087.02816563565284, 5533305.359952634200454 ], [ 480091.522150773671456, 5533310.708863876760006 ], [ 480088.58663020649692, 5533322.446474716067314 ], [ 480094.152575102285482, 5533328.455251647159457 ], [ 480101.128559371572919, 5533324.016155212186277 ], [ 480117.71095223876182, 5533336.733566616661847 ], [ 480122.007037113769911, 5533342.042485999874771 ], [ 480119.492054605332669, 5533348.321207982487977 ], [ 480118.890107972256374, 5533356.899461899884045 ], [ 480119.582758892560378, 5533362.038415879942477 ], [ 480124.101481563469861, 5533363.118196093477309 ], [ 480123.821122857683804, 5533366.267555048689246 ], [ 480114.18173088261392, 5533375.385699073784053 ], [ 480104.847435146337375, 5533373.576067421585321 ], [ 480099.39693207066739, 5533377.31530630774796 ], [ 480107.082058948872145, 5533385.473645698279142 ], [ 480111.213226938154548, 5533395.711561795324087 ], [ 480129.642688926367555, 5533395.661571972072124 ], [ 480137.18763645173749, 5533386.913352649658918 ], [ 480150.067645232658833, 5533385.29368232935667 ], [ 480156.309749360196292, 5533388.67299447953701 ], [ 480159.608087076281663, 5533395.741555691696703 ], [ 480163.862942729901988, 5533406.979268284514546 ], [ 480155.40270648826845, 5533410.608529557473958 ], [ 480156.911695993389003, 5533412.978047247976065 ], [ 480168.967120345390867, 5533431.964182670228183 ], [ 480171.655265583947767, 5533436.203319805674255 ], [ 480173.279696909070481, 5533447.700979486107826 ], [ 480187.314123890653718, 5533460.548364432528615 ], [ 480192.574972547590733, 5533455.819327015429735 ], [ 480205.883765231701545, 5533450.960316055454314 ], [ 480215.556140583823435, 5533472.475936606526375 ], [ 480231.594307727937121, 5533478.794650448486209 ], [ 480247.376853698922787, 5533477.544904830865562 ], [ 480248.729172162536997, 5533487.712835175916553 ], [ 480247.558262273378205, 5533489.8424017066136 ], [ 480292.226000792288687, 5533478.394731850363314 ], [ 480308.651722617913038, 5533496.121123690158129 ], [ 480313.211674510443117, 5533490.822202272713184 ], [ 480329.76108400040539, 5533503.709579078480601 ], [ 480347.497895068256184, 5533517.516768660396338 ], [ 480364.10502546816133, 5533530.454135293141007 ], [ 480387.721123514813371, 5533513.90750331711024 ], [ 480426.229216349020135, 5533486.922995945438743 ], [ 480465.834006473945919, 5533493.291699611581862 ], [ 480485.665261991438456, 5533484.663455868139863 ], [ 480502.725913827423938, 5533477.234967917203903 ], [ 480541.827707450604066, 5533467.866874768398702 ], [ 480573.615437188534997, 5533460.248425486497581 ], [ 480583.08991227770457, 5533450.300450368784368 ], [ 480616.196977102139499, 5533415.50753237772733 ], [ 480650.846014808688778, 5533418.466930001042783 ], [ 480663.660056835331488, 5533419.566706144250929 ], [ 480693.204916926450096, 5533416.877253575250506 ], [ 480709.935734990809578, 5533415.347564938478172 ], [ 480724.802992245764472, 5533413.158010616898537 ], [ 480752.245162042847369, 5533409.128830745816231 ], [ 480755.188928454299457, 5533405.009669192135334 ], [ 480759.344833976530936, 5533399.220847491174936 ], [ 480763.451264432980679, 5533393.482015615329146 ], [ 480788.930923288979102, 5533357.939250255003572 ], [ 480795.0575855965144, 5533349.380992265418172 ], [ 480803.080792090680916, 5533305.070011651143432 ], [ 480806.288425519422162, 5533287.323623882606626 ], [ 480808.308657370507717, 5533282.764551870524883 ], [ 480811.623486775089987, 5533275.296072060242295 ], [ 480847.278517485072371, 5533231.954894044436514 ], [ 480914.655311178590637, 5533150.11155304685235 ], [ 480932.688972640957218, 5533128.136026106774807 ], [ 480935.393609568069223, 5533121.037471000105143 ], [ 480937.191203623195179, 5533074.07702967710793 ], [ 480937.389103886147495, 5533068.698124539107084 ], [ 480943.062244757718872, 5532917.898819349706173 ], [ 480943.185932422056794, 5532914.389533655717969 ], [ 480917.978386427566875, 5532890.584379132837057 ], [ 480919.157542161003221, 5532886.695170771330595 ], [ 480934.593762671865989, 5532835.64556179009378 ], [ 480985.083067259634845, 5532721.298836768604815 ], [ 480986.30345221440075, 5532713.040517729707062 ], [ 480992.265197636152152, 5532672.518765827640891 ], [ 480998.449580853630323, 5532628.257775037549436 ], [ 480999.002052421157714, 5532624.298580922186375 ], [ 481003.726921199180651, 5532580.857423258014023 ], [ 481005.458548500144389, 5532567.020239780656993 ], [ 481009.952533638221212, 5532531.037563962861896 ], [ 481010.191663122619502, 5532527.028380020521581 ], [ 481015.666903731122147, 5532434.487216535024345 ], [ 481015.971999969915487, 5532427.388661427423358 ], [ 481018.453999101184309, 5532368.4506581062451 ], [ 481006.951046316651627, 5532308.392882713116705 ], [ 480988.323684065544512, 5532257.143314429558814 ], [ 480983.029852031380869, 5532252.824193575419486 ], [ 480933.505311225657351, 5532245.405703590251505 ], [ 480911.274515019787941, 5532242.066383301280439 ], [ 480806.741946955444291, 5532226.399572239257395 ], [ 480802.750958319054917, 5532225.789696377702057 ], [ 480817.898574279795866, 5532183.998202928341925 ], [ 480825.55896362522617, 5532162.862505045719445 ], [ 480843.106120274343994, 5532114.412366947159171 ], [ 480847.781513986701611, 5532097.865734971128404 ], [ 480853.899930449959356, 5532076.220140875317156 ], [ 480860.306951463280711, 5532053.52476046141237 ], [ 480862.657017085934058, 5532024.010767959058285 ], [ 480863.225980341958348, 5532016.902214886620641 ], [ 480864.372152698226273, 5532002.545137233100832 ], [ 480864.924624265637249, 5531998.076046905480325 ], [ 480866.615022345155012, 5531984.448820691555738 ], [ 480869.393871870823205, 5531962.123364980332553 ], [ 480871.092515794676729, 5531948.436150977388024 ], [ 480871.60375814064173, 5531944.296993494033813 ], [ 480872.180967240943573, 5531939.637941830791533 ], [ 480874.95157092239242, 5531917.312486119568348 ], [ 480876.402839517279062, 5531905.604869173839688 ], [ 480891.566947166691534, 5531818.34263117890805 ], [ 480892.74610290012788, 5531811.564010948874056 ], [ 480894.807563972601201, 5531799.686428599990904 ], [ 480897.198858816700522, 5531785.889236983843148 ], [ 480898.699602477543522, 5531777.250995275564492 ], [ 480900.777555238513742, 5531765.25343734677881 ], [ 480877.41707836498972, 5531698.147096669301391 ], [ 480859.680267297197133, 5531643.568206061609089 ], [ 480847.8392348967609, 5531588.889335805550218 ], [ 480834.48096714692656, 5531530.611198170110583 ], [ 480815.243412418407388, 5531452.537089953199029 ], [ 480814.97954540111823, 5531451.597281248308718 ], [ 480812.835625885694753, 5531444.048817720264196 ], [ 480791.998377364943735, 5531370.453797796741128 ], [ 480763.913031713105738, 5531268.194612389430404 ], [ 480763.170905727078207, 5531265.51515778619796 ], [ 480763.896540024550632, 5531224.81344251614064 ], [ 480765.158154201053549, 5531224.193568689748645 ], [ 480778.524667794990819, 5531217.634903688915074 ], [ 480790.505879548378289, 5531211.736104373820126 ], [ 480796.335691461456008, 5531208.416780015453696 ], [ 480815.894834117381833, 5531197.309040964581072 ], [ 480863.786697753646877, 5531170.084582433104515 ], [ 480940.761654200847261, 5531126.303493961691856 ], [ 480951.258613981946837, 5531120.154745522886515 ], [ 480970.677577284921426, 5531108.79705735296011 ], [ 480981.174537066137418, 5531102.658306878991425 ], [ 481018.049952731002122, 5531076.663598034530878 ], [ 481022.700608910585288, 5531073.384265534579754 ], [ 481076.323334328364581, 5531035.072063883766532 ], [ 481094.612616963568144, 5531022.00472370814532 ], [ 481130.094484943489078, 5530996.649884619750082 ], [ 481175.941379195894115, 5530960.287286133505404 ], [ 481239.88790166482795, 5530903.35887376498431 ], [ 481256.692932327860035, 5530888.421914144419134 ], [ 481275.443982243305072, 5530871.725312693975866 ], [ 481278.503190474933945, 5530868.865894721820951 ], [ 481290.171060145308729, 5530857.968112937174737 ], [ 481306.588536126597319, 5530842.591242859140038 ], [ 481336.290067259222269, 5530814.816896254196763 ], [ 481376.603999993065372, 5530765.157004399225116 ], [ 481377.494551176438108, 5530764.117216045036912 ], [ 481392.106187258206774, 5530747.020695997402072 ], [ 481399.593413873575628, 5530738.272476674988866 ], [ 481417.387945851427503, 5530711.587908249348402 ], [ 481419.061852242331952, 5530709.098414979875088 ], [ 481422.038602031010669, 5530703.189617699943483 ], [ 481432.148007130541373, 5530683.093708171509206 ], [ 481432.618020254943985, 5530682.173895397223532 ], [ 481436.691467334283516, 5530674.00555804092437 ], [ 481451.162924063217361, 5530648.140822740271688 ], [ 481456.902031689067371, 5530634.30363926384598 ], [ 481470.186086840170901, 5530602.230167736299336 ], [ 481483.165045752713922, 5530558.179134211502969 ], [ 481492.746716817724518, 5530509.62901646271348 ], [ 481495.096782440319657, 5530489.143186300992966 ], [ 481497.652994170261081, 5530466.807732624933124 ], [ 481498.452841066406108, 5530459.839151060208678 ], [ 481501.454328387917485, 5530426.215994967147708 ], [ 481503.441576861776412, 5530403.820553502999246 ], [ 481506.113230411778204, 5530373.956632226705551 ], [ 481502.113995931169484, 5530373.92663833219558 ], [ 481474.251288075291086, 5530374.056611875072122 ], [ 481451.764870696410071, 5530374.156591525301337 ], [ 481423.745491798967123, 5530374.286565069109201 ], [ 481423.935146217700094, 5530371.197193903848529 ], [ 481422.953890747157857, 5530344.632601057179272 ], [ 481422.129306318063755, 5530322.147177907638252 ], [ 481420.974888117460068, 5530290.973523223772645 ], [ 481419.886436671251431, 5530261.499522580765188 ], [ 481419.053606397996191, 5530239.02409739792347 ], [ 481418.863951979379635, 5530233.83515359275043 ], [ 481418.715526782092638, 5530229.835967617109418 ], [ 481420.166795377037488, 5530220.947776785120368 ], [ 481424.561830383609049, 5530194.043253129348159 ], [ 481429.567057867650874, 5530163.399490590207279 ], [ 481433.17873766674893, 5530141.293990108184516 ], [ 481432.857149739342276, 5530137.38478581700474 ], [ 481430.960605552769266, 5530114.979346385225654 ], [ 481430.119529435178265, 5530105.071363129653037 ], [ 481430.07005436939653, 5530104.481483197771013 ], [ 481432.980837403854821, 5530095.563298473134637 ], [ 481441.729678195493761, 5530090.70428751129657 ], [ 481461.684621377266012, 5530079.596548462286592 ], [ 481461.371279294253327, 5530075.617358416318893 ], [ 481460.225106937985402, 5530060.760382515378296 ], [ 481458.699625744251534, 5530041.234356988221407 ], [ 481457.553453387983609, 5530026.427370910532773 ], [ 481455.813580242800526, 5530004.011933515779674 ], [ 481453.521235530206468, 5529974.447951189242303 ], [ 481453.265614357194863, 5529971.128626829944551 ], [ 481449.538492738036439, 5529923.048413434065878 ], [ 481449.068479613517411, 5529917.059632433578372 ], [ 481448.243895184481516, 5529906.401801806874573 ], [ 481448.054240765923169, 5529903.932304467074573 ], [ 481446.314367620681878, 5529881.49687114264816 ], [ 481446.23190917778993, 5529880.517070576548576 ], [ 481445.910321250499692, 5529876.407906987704337 ], [ 481445.547504101763479, 5529871.738857359625399 ], [ 481437.779918780550361, 5529838.155693127773702 ], [ 481432.716970386449248, 5529816.240153978578746 ], [ 481423.580574913183227, 5529776.748192465864122 ], [ 481419.927665892639197, 5529760.951407860964537 ], [ 481419.688536408240907, 5529758.2419593622908 ], [ 481417.74251715594437, 5529735.836519932374358 ], [ 481417.470404294203036, 5529732.567185396328568 ], [ 481417.033374546910636, 5529727.518213101662695 ], [ 481416.588098955224268, 5529722.519230631180108 ], [ 481391.091948410496116, 5529720.639613221399486 ], [ 481368.655006097513251, 5529718.989949008449912 ], [ 481361.291467146598734, 5529718.460056865587831 ], [ 481313.762420658953488, 5529706.512488762848079 ], [ 481297.122306881705299, 5529699.054006917402148 ], [ 481276.598400443966966, 5529689.85587917175144 ], [ 481267.527971724921372, 5529685.786707440391183 ], [ 481226.133833389205392, 5529684.486971998587251 ], [ 481214.136129947204608, 5529674.469011128880084 ], [ 481210.895513141294941, 5529671.739566701464355 ], [ 481206.855049439123832, 5529668.490228094160557 ], [ 481198.642188526224345, 5529661.89157123491168 ], [ 481195.904568222002126, 5529661.181715723127127 ], [ 481174.110801763541531, 5529655.552861462347209 ], [ 481169.987879618536681, 5529654.483079214580357 ], [ 481163.918938221060671, 5529653.093362088315189 ], [ 481127.398093860596418, 5529651.243738573044538 ], [ 481117.940110460098367, 5529652.593463840894401 ], [ 481112.308198810031172, 5529657.12254195753485 ], [ 481107.171037817315664, 5529661.871575304307044 ], [ 481098.850980928633362, 5529661.641622111201286 ], [ 481091.446212756214663, 5529662.591428779996932 ], [ 481084.77532472560415, 5529664.291082819923759 ], [ 481078.994987878366373, 5529667.040523178875446 ], [ 481073.354830384021625, 5529669.989922835491598 ], [ 481067.929064841242507, 5529673.259257370606065 ], [ 481065.315132201241795, 5529681.517576412297785 ], [ 481058.108264291775413, 5529686.156632144004107 ], [ 481047.355683337606024, 5529680.967688340693712 ], [ 481037.023640442232136, 5529648.484300249256194 ], [ 481031.738054252404254, 5529643.135389007627964 ], [ 481016.879042841785122, 5529639.226184715516865 ], [ 481015.023727876483463, 5529638.736284432932734 ], [ 481001.714935192489065, 5529637.886457414366305 ], [ 480995.324405867781024, 5529637.47654085047543 ], [ 480990.632520466693677, 5529637.176601901650429 ], [ 480978.164803900173865, 5529636.376764708198607 ], [ 480976.292997246433515, 5529636.256789127364755 ], [ 480918.151549157686532, 5529649.554082497954369 ], [ 480854.205026688636281, 5529664.181105206720531 ], [ 480846.56937487621326, 5529665.600816226564348 ], [ 480829.277839400048833, 5529668.830158902332187 ], [ 480793.507366870006081, 5529675.488803553394973 ], [ 480784.098858535056934, 5529677.238447418436408 ], [ 480775.086150726187043, 5529678.928103493526578 ], [ 480741.72346472874051, 5529685.156835650093853 ], [ 480727.944658920168877, 5529687.71631467435509 ], [ 480685.058022767887451, 5529695.704688662663102 ], [ 480669.102314066782128, 5529698.684082214720547 ], [ 480650.771802210016176, 5529690.00584864616394 ], [ 480641.041705947951414, 5529685.416782738640904 ], [ 480636.00349508668296, 5529682.417393256910145 ], [ 480634.032738301437348, 5529682.237429887987673 ], [ 480617.145249195513315, 5529680.727737180888653 ], [ 480607.266727735986933, 5529679.847916267812252 ], [ 480558.03079148044344, 5529675.448811694048345 ], [ 480549.257213155913632, 5529675.848730291239917 ], [ 480526.383241095405538, 5529676.898516609333456 ], [ 480499.30388844711706, 5529678.138264263048768 ], [ 480479.513862151070498, 5529679.048079072497785 ], [ 480459.072414156165905, 5529679.977889811620116 ], [ 480454.306316156580579, 5529684.446980139240623 ], [ 480416.367186578223482, 5529718.779991744086146 ], [ 480392.347042161563877, 5529740.555559382773936 ], [ 480364.08028793532867, 5529767.67004029918462 ], [ 480366.809662395331543, 5529811.521114527247846 ], [ 480335.16211201029364, 5529810.161391294561327 ], [ 480327.336805779137649, 5529809.821460487321019 ], [ 480309.888599261408672, 5529809.081611081957817 ], [ 480301.205725224048365, 5529808.711686378344893 ], [ 480296.728231774701271, 5529808.521725044585764 ], [ 480287.797982408606913, 5529808.141802376136184 ], [ 480278.546145115222316, 5529807.741883778944612 ], [ 480265.377531784004532, 5529807.171999777667224 ], [ 480255.639189677604008, 5529806.752085250802338 ], [ 480246.997544861689676, 5529806.372162582352757 ], [ 480237.069548336439766, 5529805.982241949997842 ], [ 480227.050847524078563, 5529805.752288755960763 ], [ 480215.457190452376381, 5529805.46234777290374 ], [ 480204.976722359831911, 5529805.212398650124669 ], [ 480194.488008423009887, 5529804.942453596740961 ], [ 480179.843388963956386, 5529804.602522787638009 ], [ 480129.032496448839083, 5529803.352777170948684 ], [ 480106.207999454170931, 5529802.792891134507954 ], [ 480097.253012555243913, 5529802.582933872006834 ], [ 480074.073944256000686, 5529802.003051902167499 ], [ 480059.759158568573184, 5529801.65312313195318 ], [ 480049.723966067656875, 5529801.4231699379161 ], [ 479999.655199538741726, 5529791.435202961787581 ], [ 480004.239888964104466, 5529783.146890026517212 ], [ 479998.286389386747032, 5529777.108119203709066 ], [ 479939.468782066134736, 5529778.467842435464263 ], [ 479937.432058526494075, 5529781.147297039628029 ], [ 479908.87669975013705, 5529818.559681843966246 ], [ 479906.394700618926436, 5529818.439706265926361 ], [ 479850.883676858618855, 5529815.620280151255429 ], [ 479841.813248139631469, 5529821.139156799763441 ], [ 479832.676852666249033, 5529827.357890992425382 ], [ 479823.33431108581135, 5529833.696600763127208 ], [ 479808.376349543686956, 5529839.595400077290833 ], [ 479795.356161409756169, 5529844.734354057349265 ], [ 479768.895247083157301, 5529855.152233525179327 ], [ 479740.282167396799196, 5529823.938586981967092 ], [ 479735.037810428417288, 5529822.808816943317652 ], [ 479658.961651008867193, 5529827.037956113927066 ], [ 479602.477617622411344, 5529828.947567417286336 ], [ 479588.171077779203188, 5529829.797394436784089 ], [ 479581.648614945821464, 5529830.867176685482264 ], [ 479538.522849309199955, 5529837.945735862478614 ], [ 479482.937612950219773, 5529847.083875818178058 ], [ 479449.616156174452044, 5529852.54276467487216 ], [ 479379.402792045031674, 5529890.615015166811645 ], [ 479369.647958249959629, 5529895.913936586119235 ], [ 479354.277704493317287, 5529904.242241380736232 ], [ 479350.740237292950042, 5529902.292638217099011 ], [ 479259.714362175727729, 5529852.232827763073146 ], [ 479253.793845975480508, 5529850.6931411633268 ], [ 479236.527048032206949, 5529847.353820871561766 ], [ 479219.722017369174864, 5529844.114480231888592 ], [ 479196.724357644387055, 5529839.675383796915412 ], [ 479176.085009386471938, 5529840.135290184989572 ], [ 479161.704256944707595, 5529840.445227097719908 ], [ 479147.760534250352066, 5529840.775159941986203 ], [ 479119.914318082970567, 5529841.395033766515553 ], [ 479009.428250441269483, 5529881.676834511570632 ], [ 479001.042226798366755, 5529884.806197537109256 ], [ 478983.717707945092116, 5529891.254884923808277 ], [ 478969.551347454893403, 5529892.894551173783839 ], [ 478955.706574891926721, 5529894.494225564412773 ], [ 478941.160905564436689, 5529896.163885707966983 ], [ 478912.325188082177192, 5529899.513203963637352 ], [ 478903.741264176380355, 5529900.493004527874291 ], [ 478879.407777676649857, 5529903.312430641613901 ], [ 478869.512764528568368, 5529903.112471342086792 ], [ 478845.715257907635532, 5529902.612573095597327 ], [ 478836.776762697321828, 5529902.432609725743532 ], [ 478825.232580691226758, 5529902.182660602964461 ], [ 478785.264973417564761, 5529901.36282747797668 ], [ 478782.469632203341462, 5529901.302839688025415 ], [ 478772.351981259533204, 5529900.542994352057576 ], [ 478759.183367928373627, 5529899.553195824846625 ], [ 478721.178271595796105, 5529896.733769710175693 ], [ 478700.835773732338566, 5529895.214079040102661 ], [ 478691.410773708892521, 5529894.514221494086087 ], [ 478681.00451821484603, 5529893.734380227513611 ], [ 478672.569019506161567, 5529893.104508436284959 ], [ 478667.497825267841108, 5529892.724585769698024 ], [ 478650.024881217395887, 5529891.424850327894092 ], [ 478647.171819092938676, 5529891.204895098693669 ], [ 478635.058673830935732, 5529883.006563846953213 ], [ 478613.776149718498345, 5529868.599496368318796 ], [ 478603.559548643184826, 5529861.70090056117624 ], [ 478581.94719075912144, 5529864.970235096290708 ], [ 478564.004233584040776, 5529867.689681557938457 ], [ 478546.127243163296953, 5529896.763763604685664 ], [ 478478.700974404113367, 5529872.878625364042819 ], [ 478473.62153432139894, 5529869.079398686997592 ], [ 478466.134307706146501, 5529864.000432495959103 ], [ 478426.183192120981403, 5529860.461152907460928 ], [ 478418.959832522959914, 5529859.821283151395619 ], [ 478373.302592689171433, 5529853.132644606754184 ], [ 478260.136625653307419, 5529827.487864537164569 ], [ 478216.821205597836524, 5529818.689655388705432 ], [ 478209.119587031076662, 5529816.480105135589838 ], [ 478170.24043120368151, 5529805.87226433493197 ], [ 478056.678663641796447, 5529808.091812551952899 ], [ 477999.642158687813208, 5529815.560292362235487 ], [ 477994.719389646779746, 5529816.750050189904869 ], [ 477887.803772582556121, 5529843.744555528275669 ], [ 477798.130215928889811, 5529898.48341357614845 ], [ 477774.588330480852164, 5529907.371604407206178 ], [ 477710.600578790472355, 5529905.092068400233984 ], [ 477626.715604828379583, 5529905.731938156299293 ], [ 477622.559699306206312, 5529905.831917806528509 ], [ 477549.930302799795754, 5529906.191844544373453 ], [ 477505.34502272377722, 5529926.147782564163208 ], [ 477371.638657561503351, 5529977.687291828915477 ], [ 477351.007555147923995, 5529987.295336136594415 ], [ 477236.876824330014642, 5530030.866467345505953 ], [ 477225.142987905361224, 5530032.726088824681938 ], [ 477203.580105087021366, 5530041.744253200478852 ], [ 477132.88848198892083, 5530064.38964378926903 ], [ 477111.259632416244131, 5530071.31823349185288 ], [ 477098.429098700929899, 5530075.427397083491087 ], [ 477074.235791554034222, 5530083.175819911062717 ], [ 477042.43981597176753, 5530093.353748220950365 ], [ 477017.751758167520165, 5530101.282134417444468 ], [ 477000.773564774484839, 5530106.711029379628599 ], [ 476959.758735275943764, 5530119.848355310037732 ], [ 476944.404973207972944, 5530123.897531112655997 ], [ 476914.579754411010072, 5530131.386006852611899 ], [ 476912.674964380101301, 5530131.955890852957964 ], [ 476894.591827852127608, 5530136.534958796575665 ], [ 476875.346027279272676, 5530141.234002318233252 ], [ 476849.726189070206601, 5530148.35255335457623 ], [ 476831.882182026631199, 5530152.951617226935923 ], [ 476811.333538056001998, 5530158.590469454415143 ], [ 476785.705454002658371, 5530165.699022526852787 ], [ 476758.997164347383659, 5530167.208715233020484 ], [ 476739.330825715733226, 5530169.648218677379191 ], [ 476725.436578087043017, 5530171.377866611815989 ], [ 476699.890952476649545, 5530174.547221498563886 ], [ 476662.35586926859105, 5530179.216271124780178 ], [ 476660.376866638951469, 5530179.45622228179127 ], [ 476657.927850884851068, 5530179.766159196384251 ], [ 476657.795917376177385, 5530179.766159196384251 ], [ 476643.679031951643992, 5530180.216067619621754 ], [ 476533.077522489940748, 5530160.080166229046881 ], [ 476448.796748001885135, 5530144.75328597612679 ], [ 476444.879971964110155, 5530144.043430465273559 ], [ 476387.958908830187283, 5530132.345811486244202 ], [ 476377.255802941741422, 5530127.796737438067794 ], [ 476334.872163291205652, 5530109.750410721637309 ], [ 476321.711795804381836, 5530104.141552390530705 ], [ 476313.804031130275689, 5530100.78223617002368 ], [ 476303.867788760748226, 5530096.55309700127691 ], [ 476271.873912915587425, 5530082.94586671795696 ], [ 476247.227084332727827, 5530072.458001496270299 ], [ 476244.621397537179291, 5530071.338229422457516 ], [ 476241.628156059829053, 5530070.068487874232233 ], [ 476226.348606590472627, 5530065.159487089142203 ], [ 476225.532268005830701, 5530064.909537967294455 ], [ 476212.215229477384128, 5530060.620411006733775 ], [ 476207.218247837678064, 5530059.020736617036164 ], [ 476198.263260938751046, 5530056.141322714276612 ], [ 476184.566913573071361, 5530051.742218140512705 ], [ 476168.198912657389883, 5530046.483288583345711 ], [ 476163.713173363648821, 5530045.053579596802592 ], [ 476150.387888991041109, 5530040.774450600147247 ], [ 476147.831677261157893, 5530039.954617475159466 ], [ 476130.078374504751991, 5530035.195586164481938 ], [ 476116.563435713527724, 5530031.566324890591204 ], [ 476094.78616094350582, 5530025.737511330284178 ], [ 476071.598846800101455, 5530030.126617938280106 ], [ 476067.649087385158055, 5530030.88646327611059 ], [ 476059.840272842557169, 5530031.006438854150474 ], [ 476045.847075082361698, 5530031.216396117582917 ], [ 476035.597490629879758, 5530031.366365592926741 ], [ 476024.333667329745367, 5530030.626516186632216 ], [ 476010.373452946776524, 5530029.706703411415219 ], [ 475933.860263779875822, 5530024.667729082517326 ], [ 475919.891803552745841, 5530023.747916308231652 ], [ 475910.22767404478509, 5530023.108046552166343 ], [ 475908.421834145206958, 5530039.604688702151179 ], [ 475920.510241874435451, 5530052.282108247280121 ], [ 475918.374568203289527, 5530054.27170327026397 ], [ 475911.612975885509513, 5530060.730388620868325 ], [ 475892.853680125786923, 5530077.756922914646566 ], [ 475888.796724735002499, 5530072.977895672433078 ], [ 475876.82375882595079, 5530083.765699842013419 ], [ 475854.197162094234955, 5530057.261094787158072 ], [ 475850.280386056459974, 5530049.972578344866633 ], [ 475813.26479103876045, 5530048.532871395349503 ], [ 475807.740075364359654, 5530048.242930411361158 ], [ 475793.771615137055051, 5530047.533074899576604 ], [ 475793.260372791148257, 5530044.25374239962548 ], [ 475791.363828604458831, 5530036.175386728718877 ], [ 475779.588762958301231, 5530028.476953726261854 ], [ 475753.515403313329443, 5530028.316986286081374 ], [ 475711.420368212915491, 5530000.252698699012399 ], [ 475707.379904510744382, 5529997.563246130011976 ], [ 475704.1227960162214, 5529994.713826121762395 ], [ 475687.408469640417024, 5529980.146791204810143 ], [ 475629.778263897576835, 5529965.739723727107048 ], [ 475606.360066113993526, 5529975.017835190519691 ], [ 475587.584278665599413, 5529977.56731624994427 ], [ 475585.654751101799775, 5529977.957236883230507 ], [ 475583.642765095049981, 5529978.367153446190059 ], [ 475542.41354364505969, 5529985.385724833235145 ], [ 475464.531544325989671, 5529978.157196181826293 ], [ 475410.661443579359911, 5529956.761551210656762 ], [ 475398.927607154764701, 5529955.281852398067713 ], [ 475394.994339428434614, 5529957.881323283538222 ], [ 475389.667524017044343, 5529961.390608976595104 ], [ 475372.046154769312125, 5529963.250230455771089 ], [ 475366.488455717859324, 5529976.637505509890616 ], [ 475341.825135446444619, 5529992.874200573191047 ], [ 475329.777956938836724, 5529996.693423179909587 ], [ 475271.265445856959559, 5530037.555105890147388 ], [ 475245.134365301928483, 5530065.28946063388139 ], [ 475241.852519274514634, 5530068.778750397264957 ], [ 475227.933534113049973, 5530074.137659606523812 ], [ 475226.548232272325549, 5530074.497586344368756 ], [ 475214.195957525924314, 5530077.846904599107802 ] ] ] ] } },
{ "type": "Feature", "properties": { "StatBez": 630, "stat_Bez_1": "Arheilgen-West" }, "geometry": { "type": "MultiPolygon", "coordinates": [ [ [ [ 473324.413363143568859, 5530127.966702842153609 ], [ 473409.733114012225997, 5530107.930781102739275 ], [ 473421.90398018428823, 5530105.071363129653037 ], [ 473534.286592012795154, 5530078.686733653768897 ], [ 473542.15312746539712, 5530076.827112174592912 ], [ 473542.260323441179935, 5530081.236214713193476 ], [ 473542.351027728407644, 5530085.185410864651203 ], [ 473543.472462551784702, 5530130.726141165941954 ], [ 473543.769312946300488, 5530143.213599375449121 ], [ 473545.467956869979389, 5530212.539488269947469 ], [ 473545.566907001368236, 5530216.608660001307726 ], [ 473550.712313838477712, 5530215.478889961726964 ], [ 473561.35769881674787, 5530212.969400762580335 ], [ 473571.796937687962782, 5530210.519899352453649 ], [ 473596.229374319256749, 5530204.77106951083988 ], [ 473609.381495961803012, 5530201.671700379811227 ], [ 473631.463866970443632, 5530196.48275657556951 ], [ 473657.207392843731213, 5530190.423989822156727 ], [ 473719.158420994528569, 5530175.856954905204475 ], [ 473769.235433367721271, 5530164.219323713332415 ], [ 473780.622944332251791, 5530161.529871148057282 ], [ 473794.088408057810739, 5530158.360516260378063 ], [ 473840.438298811845016, 5530147.45273650996387 ], [ 473867.459930550248828, 5530141.084032843820751 ], [ 473891.257437171123456, 5530135.485172475688159 ], [ 473894.308399558474775, 5530134.775316967628896 ], [ 473905.217651554150507, 5530132.195842011831701 ], [ 473940.971632395579945, 5530123.787553497590125 ], [ 473974.55695618869504, 5530115.879163229838014 ], [ 473983.38000957906479, 5530113.799586521461606 ], [ 473983.58615568629466, 5530117.858760287985206 ], [ 473984.097398032143246, 5530122.697775319218636 ], [ 473985.062161814188585, 5530131.775927484035492 ], [ 473988.269795242929831, 5530161.539869111962616 ], [ 473989.597376173653174, 5530173.967339532449841 ], [ 473994.19031144323526, 5530216.698641684837639 ], [ 473994.693307944922708, 5530221.467670961283147 ], [ 473999.517126854567323, 5530220.757815450429916 ], [ 474029.2681330529158, 5530216.278727157972753 ], [ 474131.970123684790451, 5530200.781881500966847 ], [ 474135.919883099733852, 5530200.182003603316844 ], [ 474142.96183412335813, 5530199.122219321317971 ], [ 474228.273339147679508, 5530186.244840477593243 ], [ 474237.607634883956052, 5530184.845125386491418 ], [ 474261.141274487657938, 5530181.295847833156586 ], [ 474267.993571092607453, 5530180.256059478037059 ], [ 474285.144927215878852, 5530177.656588595360518 ], [ 474312.496392725792248, 5530173.527429074048996 ], [ 474358.590662306873128, 5530166.528853615745902 ], [ 474428.119621360208839, 5530156.01099449954927 ], [ 474452.230470064096153, 5530152.351739332079887 ], [ 474457.623252229765058, 5530151.531906206160784 ], [ 474488.330776365764905, 5530146.882852508686483 ], [ 474497.640334569150582, 5530145.473139451816678 ], [ 474523.71369421412237, 5530141.523943300358951 ], [ 474549.044927873066626, 5530137.694722728803754 ], [ 474624.964416251052171, 5530126.187065083533525 ], [ 474643.105273689085152, 5530123.957518902607262 ], [ 474654.195934259099886, 5530235.024911420419812 ], [ 474664.857810926041566, 5530345.212483024224639 ], [ 474670.069184517313261, 5530400.371255598962307 ], [ 474670.712360372010153, 5530407.269851407036185 ], [ 474681.473187170457095, 5530401.261074477806687 ], [ 474698.550330695055891, 5530390.613241816870868 ], [ 474806.05964854802005, 5530329.675645506940782 ], [ 474833.163738729257602, 5530314.318771358579397 ], [ 474858.387776412419043, 5530298.412009139545262 ], [ 474861.628393218328711, 5530296.652367310598493 ], [ 474868.637360864784569, 5530292.853140633553267 ], [ 474873.485917307320051, 5530290.213677889667451 ], [ 474877.081105417688377, 5530284.404860258102417 ], [ 474908.192675923928618, 5530234.015116961672902 ], [ 474917.881542964663822, 5530218.328309970907867 ], [ 474964.651971777551807, 5530142.603723513893783 ], [ 474965.187951656407677, 5530141.713904635049403 ], [ 474969.426315621414687, 5530136.364993391558528 ], [ 474975.025243894429877, 5530131.745933589525521 ], [ 475028.268660474917851, 5530108.170732260681689 ], [ 475033.480034066189546, 5530105.861202361062169 ], [ 475088.636486522096675, 5530081.446171976625919 ], [ 475090.368113822943997, 5530080.686326642520726 ], [ 475120.984933671657927, 5530067.129086181521416 ], [ 475149.82889699813677, 5530060.78037844505161 ], [ 475153.02003873832291, 5530061.57021767552942 ], [ 475156.277147232962307, 5530062.380052835680544 ], [ 475157.744907516578678, 5530062.739979573525488 ], [ 475160.127956516342238, 5530063.329859505407512 ], [ 475163.970519955561031, 5530064.239674314856529 ], [ 475184.997422894928604, 5530077.616951405070722 ], [ 475194.678044091444463, 5530080.166432464495301 ], [ 475204.647269838023931, 5530080.376389727927744 ], [ 475210.806915522669442, 5530078.746721442788839 ], [ 475214.195957525924314, 5530077.846904599107802 ], [ 475226.548232272325549, 5530074.497586344368756 ], [ 475219.465052027197089, 5530064.179686525836587 ], [ 475212.513805290742312, 5530054.191719549708068 ], [ 475204.465861263684928, 5530043.823829906992614 ], [ 475193.375200693670195, 5530029.946654571220279 ], [ 475182.243310902093071, 5530018.568970468826592 ], [ 475167.631674820207991, 5530004.921748327091336 ], [ 475196.129312686505727, 5529972.848276797682047 ], [ 475202.231237461033743, 5529963.750128702260554 ], [ 475206.428372204652987, 5529954.012110850773752 ], [ 475209.603022256284021, 5529941.314695377834141 ], [ 475210.65849032549886, 5529932.436502511613071 ], [ 475210.765686301223468, 5529921.098810269497335 ], [ 475208.539308342966251, 5529810.651291576214135 ], [ 475208.102278595615644, 5529783.016916482709348 ], [ 475206.411880516156089, 5529677.308433171361685 ], [ 475205.686246218567248, 5529632.567540065385401 ], [ 475205.372904135554563, 5529613.051512502133846 ], [ 475204.927628543868195, 5529585.147192355245352 ], [ 475203.822685409104452, 5529516.841095885261893 ], [ 475203.682506056153215, 5529508.102874526754022 ], [ 475201.950878755247686, 5529384.378058395348489 ], [ 475201.563324073562399, 5529356.283776912838221 ], [ 475200.243988987233024, 5529258.873604502528906 ], [ 475199.988367814163212, 5529240.11742227524519 ], [ 475199.518354689702392, 5529205.374494111165404 ], [ 475199.444142091029789, 5529199.825623569078743 ], [ 475198.866932990786154, 5529138.248157502152026 ], [ 475199.287471049581654, 5529129.369964635930955 ], [ 475200.557331070187502, 5529118.362205237150192 ], [ 475203.938127229106613, 5529109.264057140797377 ], [ 475209.438105370558333, 5529102.705392139963806 ], [ 475216.158468466892373, 5529097.946360828354955 ], [ 475224.1239540509996, 5529093.21732341311872 ], [ 475225.781368753407151, 5529092.237522849813104 ], [ 475231.182396763353609, 5529087.788428450003266 ], [ 475235.734102811315097, 5529083.139374753460288 ], [ 475238.793311042885762, 5529076.680689400993288 ], [ 475242.470957596320659, 5529065.982866914942861 ], [ 475271.751950670033693, 5528980.810203593224287 ], [ 475276.295410873892251, 5528970.542293598875403 ], [ 475288.565227177401539, 5528942.837932750582695 ], [ 475304.438477435673121, 5528909.194780726917088 ], [ 475313.855231614783406, 5528891.418399062938988 ], [ 475327.287711963232141, 5528867.723222155123949 ], [ 475331.732222035643645, 5528860.104772871360183 ], [ 475337.125004201196134, 5528852.80625846516341 ], [ 475343.0537662456627, 5528845.297786794602871 ], [ 475347.811618401028682, 5528841.278604890219867 ], [ 475353.204400566697586, 5528837.359402633272111 ], [ 475361.359540569537785, 5528832.60037132166326 ], [ 475371.3205204718397, 5528827.641380710527301 ], [ 475381.454663104261272, 5528823.192286313511431 ], [ 475387.803963207581546, 5528818.853169529698789 ], [ 475391.819689376803581, 5528815.783794292248785 ], [ 475396.371395424881484, 5528811.754614422097802 ], [ 475401.558031483262312, 5528806.575668582692742 ], [ 475405.788149603991769, 5528800.966810250654817 ], [ 475407.692939635075163, 5528794.218183916993439 ], [ 475408.534015752607957, 5528785.649927962571383 ], [ 475408.426819776825141, 5528776.331824638880789 ], [ 475407.165205600496847, 5528766.393847487866879 ], [ 475406.315883638628293, 5528760.994946421124041 ], [ 475396.338412047654856, 5528692.358917108736932 ], [ 475395.043814494158141, 5528683.530714065767825 ], [ 475391.036334169155452, 5528655.986320655792952 ], [ 475385.791977200773545, 5528619.873671293258667 ], [ 475378.469667471305002, 5528570.413738735020161 ], [ 475361.557440832431894, 5528456.107005576603115 ], [ 475358.984737413935363, 5528438.840520123951137 ], [ 475357.582943884655833, 5528429.432435115799308 ], [ 475343.474304304516409, 5528334.761705098673701 ], [ 475331.122029558056965, 5528256.957541936077178 ], [ 475311.900966518092901, 5528141.501042809337378 ], [ 475308.57789126917487, 5528119.325556571595371 ], [ 475306.673101238207892, 5528106.598147203214467 ], [ 475285.332856215711217, 5527964.177136634476483 ], [ 475282.240664606913924, 5527944.551131456159055 ], [ 475282.16645200829953, 5527944.081227103248239 ], [ 475266.928131760447286, 5527835.533321750350296 ], [ 475251.483665405306965, 5527729.544895422644913 ], [ 475236.558687240350991, 5527630.984957043081522 ], [ 475234.604422143602278, 5527619.387317712418735 ], [ 475231.883293527993374, 5527600.531155835837126 ], [ 475222.499522725876886, 5527535.724347095005214 ], [ 475216.628481591469608, 5527493.252992029301822 ], [ 475212.431346847792156, 5527493.872865855693817 ], [ 475211.549041508813389, 5527494.002839399501681 ], [ 475209.025813156040385, 5527494.372764103114605 ], [ 475206.428372204711195, 5527494.762684734538198 ], [ 475028.656215156603139, 5527521.057332527823746 ], [ 475016.295694565866143, 5527522.896958075463772 ], [ 474995.202824872045312, 5527526.006325172260404 ], [ 474992.069404041860253, 5527526.466231560334563 ], [ 474932.09737852064427, 5527535.334426460787654 ], [ 474823.812951304367743, 5527551.401156120933592 ], [ 474811.444184869411401, 5527553.230783704668283 ], [ 474805.399981004826259, 5527554.130600549280643 ], [ 474804.385742157115601, 5527554.280570023693144 ], [ 474796.230602154391818, 5527555.490323781035841 ], [ 474788.850571514805779, 5527556.590099923312664 ], [ 474788.561966964625753, 5527556.630091784521937 ], [ 474786.385064072033856, 5527556.960024625994265 ], [ 474759.346940645133145, 5527560.989204498939216 ], [ 474756.015619552053977, 5527561.489102744497359 ], [ 474753.822224970906973, 5527561.819035587832332 ], [ 474723.155930056411307, 5527566.398103530518711 ], [ 474709.261682427721098, 5527568.467682271264493 ], [ 474696.892915992706548, 5527570.317305788397789 ], [ 474604.663147609098814, 5527584.034513683989644 ], [ 474600.507242086925544, 5527584.324454667977989 ], [ 474580.2389568220824, 5527587.423823799006641 ], [ 474567.853698698512744, 5527589.323437138460577 ], [ 474528.100483376474585, 5527595.412197787314653 ], [ 474460.641231239889748, 5527605.230199357494712 ], [ 474450.894643289095256, 5527606.66990630980581 ], [ 474438.525876854138914, 5527608.489535927772522 ], [ 474402.491537306807004, 5527613.808453275822103 ], [ 474399.003545172221493, 5527577.415860894136131 ], [ 474397.807897750113625, 5527564.968394543975592 ], [ 474392.59652415884193, 5527510.56946730427444 ], [ 474385.175264297868125, 5527430.905682663433254 ], [ 474383.517849595518783, 5527413.139298965223134 ], [ 474378.001379765570164, 5527353.2014991492033 ], [ 474376.855207409185823, 5527340.754032799042761 ], [ 474374.298995679360814, 5527312.999682126566768 ], [ 474354.368790030363016, 5527168.769039901904762 ], [ 474344.613956235349178, 5527167.889218986034393 ], [ 474331.371130305575207, 5527165.859632103703916 ], [ 474288.492739997571334, 5527159.870851104147732 ], [ 474264.513824802299496, 5527158.761076997034252 ], [ 474252.037862391443923, 5527158.181195029988885 ], [ 474245.779266575351357, 5527157.89125404600054 ], [ 474232.34678622696083, 5527156.531530814245343 ], [ 474219.796611217665486, 5527155.231795373372734 ], [ 474183.7375341373845, 5527151.572540204040706 ], [ 474164.499979408923537, 5527149.62293704226613 ], [ 474160.311090509581845, 5527149.203022513538599 ], [ 474159.478260236268397, 5527149.113040830940008 ], [ 474155.281125492707361, 5527148.693126301281154 ], [ 474142.607262818957679, 5527147.403388826176524 ], [ 474137.659756244916935, 5527146.903490578755736 ], [ 474126.659799962013494, 5527147.873293177224696 ], [ 474109.071414091507904, 5527149.412979776971042 ], [ 474095.746129718841985, 5527150.582741675898433 ], [ 474086.626225934131071, 5527151.3825788712129 ], [ 474077.27543850929942, 5527152.202411995269358 ], [ 474059.192301981267519, 5527153.792088421992958 ], [ 474044.729091096611228, 5527155.061829969286919 ], [ 474031.543986076896545, 5527156.221593903377652 ], [ 474020.024541603808757, 5527157.261382254771888 ], [ 474007.581562570121605, 5527158.351160433143377 ], [ 473968.966273760073818, 5527161.730472583323717 ], [ 473965.280381362419575, 5527162.050407462753356 ], [ 473952.837402328848839, 5527163.140185641124845 ], [ 473934.663561513647437, 5527164.729862065985799 ], [ 473898.703434564929921, 5527179.406874598003924 ], [ 473893.60750279383501, 5527181.476453341543674 ], [ 473882.046829099243041, 5527186.205490756779909 ], [ 473841.188670642208308, 5527202.862100346945226 ], [ 473837.090486030152533, 5527204.541758456267416 ], [ 473825.521566491283011, 5527209.270795874297619 ], [ 473789.470735255395994, 5527224.007796193473041 ], [ 473758.647769299393985, 5527236.595234055072069 ], [ 473744.844225957873277, 5527242.244084244593978 ], [ 473732.145625751349144, 5527247.443026014603674 ], [ 473698.453105982393026, 5527261.120242051780224 ], [ 473783.962511269608513, 5527367.278633784502745 ], [ 473766.027799938863609, 5527424.327021731995046 ], [ 473734.339020332496148, 5527441.743476659059525 ], [ 473729.803805972915143, 5527444.232969927601516 ], [ 473673.047659724834375, 5527475.406624611467123 ], [ 473607.75706463662209, 5527530.115488761104643 ], [ 473604.673118872160558, 5527538.853710120543838 ], [ 473603.34553794155363, 5527542.632940866984427 ], [ 473594.73687650274951, 5527567.047971250489354 ], [ 473590.968525662261527, 5527577.755791701376438 ], [ 473588.263888735091314, 5527585.434228776022792 ], [ 473583.497790735447779, 5527598.971473305486143 ], [ 473581.386854597192723, 5527604.970252268016338 ], [ 473571.755708466516808, 5527632.284692483022809 ], [ 473556.781255235895514, 5527657.609537676908076 ], [ 473545.327777517028153, 5527676.96559779997915 ], [ 473529.718394276103936, 5527703.330231348983943 ], [ 473504.469619060051627, 5527722.546319963410497 ], [ 473486.576136950752698, 5527736.153550245799124 ], [ 473450.335651296249125, 5527763.717939585447311 ], [ 473417.18735725042643, 5527769.466769426129758 ], [ 473395.014281954616308, 5527773.305987964384258 ], [ 473375.018109551398084, 5527776.755285868421197 ], [ 473369.023380752536468, 5527777.795074220746756 ], [ 473355.483704428363126, 5527780.144595981575549 ], [ 473341.375064848165493, 5527782.59409739356488 ], [ 473297.771040242630988, 5527811.008313752710819 ], [ 473278.937531884235796, 5527823.285814697854221 ], [ 473230.410738237726036, 5527854.899379839189351 ], [ 473229.610891341581009, 5527890.6321065351367 ], [ 473229.495449521520641, 5527895.631089003756642 ], [ 473229.091403151222039, 5527913.117529683746397 ], [ 473228.423489763750695, 5527943.181410259567201 ], [ 473245.310978869674727, 5528011.917419222183526 ], [ 473250.679023502510972, 5528033.762972614727914 ], [ 473263.608507349214051, 5528086.372264129109681 ], [ 473279.234382278751582, 5528149.879337429068983 ], [ 473284.618918600142933, 5528171.714892857708037 ], [ 473298.43895363016054, 5528227.903455819934607 ], [ 473300.706560809863731, 5528237.121579494327307 ], [ 473299.329504813475069, 5528247.819401980377734 ], [ 473298.884229221846908, 5528251.248703955672681 ], [ 473297.078389322268777, 5528265.375828415155411 ], [ 473294.192343820875976, 5528287.681288195773959 ], [ 473293.070908997382503, 5528296.389515657909214 ], [ 473310.28823187481612, 5528319.404830950312316 ], [ 473323.761941444769036, 5528337.421163774095476 ], [ 473337.54899309767643, 5528355.847413158044219 ], [ 473352.762575812637806, 5528378.012901429086924 ], [ 473365.485913552111015, 5528396.539130464196205 ], [ 473377.277470886823721, 5528413.705636264756322 ], [ 473380.056320412608329, 5528417.764810030348599 ], [ 473380.806692242971621, 5528418.854588209651411 ], [ 473387.527055339363869, 5528428.642595885321498 ], [ 473400.258638923114631, 5528447.188820850104094 ], [ 473405.140178742760327, 5528454.287375955842435 ], [ 473416.156626714160666, 5528492.829530800692737 ], [ 473418.383004672417883, 5528500.567955664359033 ], [ 473440.250983729551081, 5528577.062385420314968 ], [ 473466.431539350363892, 5528668.503772760741413 ], [ 473467.544728329463396, 5528672.38298315834254 ], [ 473479.319793975504581, 5528713.524608885869384 ], [ 473312.407413857465144, 5528787.709508741274476 ], [ 473299.164587927632965, 5528793.598310090601444 ], [ 473297.556648291123565, 5528794.308165600523353 ], [ 473289.978717388643418, 5528796.16778708063066 ], [ 473239.55537955526961, 5528808.60525546502322 ], [ 473217.720383875363041, 5528813.984160604886711 ], [ 473150.89606174925575, 5528830.470804789103568 ], [ 473149.51900575280888, 5528833.160257357172668 ], [ 473130.685497394413687, 5528870.112735777162015 ], [ 473120.468896319100168, 5528890.14865751657635 ], [ 473104.438975019322243, 5528921.572261322289705 ], [ 473102.443480701127555, 5528938.848744738847017 ], [ 473099.854285594075918, 5528961.184198415838182 ], [ 473094.816074732865673, 5529004.745331658050418 ], [ 473090.107697643339634, 5529047.386652127839625 ], [ 473087.633944356290158, 5529069.742101734504104 ], [ 473082.810125446645543, 5529113.513192241080105 ], [ 473072.898620610067155, 5529110.253855669870973 ], [ 473051.52539221040206, 5529103.225286317057908 ], [ 473043.634119224909227, 5529100.635813397355378 ], [ 473042.817780640209094, 5529103.075316842645407 ], [ 473028.09894858248299, 5529146.856405315920711 ], [ 473020.941555738740135, 5529168.172066569328308 ], [ 473018.525523361866362, 5529175.330609465017915 ], [ 473017.85760997433681, 5529177.320204488933086 ], [ 473007.261700061731972, 5529173.770926935598254 ], [ 472986.836743755324278, 5529166.802345369942486 ], [ 472965.545973798551131, 5529159.533824859187007 ], [ 472949.227447948709596, 5529153.974956353195012 ], [ 472921.562640355725307, 5529144.526879485696554 ], [ 472900.263624554674607, 5529137.268356937915087 ], [ 472888.768917614419479, 5529133.349154681898654 ], [ 472888.950326188816689, 5529131.899449764750898 ], [ 472890.690199333999772, 5529118.002278498373926 ], [ 472893.485540548223071, 5529095.676822787150741 ], [ 472897.526004250335973, 5529063.493373647332191 ], [ 472897.897067243407946, 5529060.543973988853395 ], [ 472854.721826541004702, 5529048.606403850950301 ], [ 472833.043501902546268, 5529042.617622850462794 ], [ 472794.477688158222008, 5529031.939796295017004 ], [ 472763.349625963484868, 5529023.201574938371778 ], [ 472741.696038857917301, 5529017.112814288586378 ], [ 472723.439739599882159, 5529011.983858275227249 ], [ 472684.445141952426638, 5528996.576994301751256 ], [ 472663.525434988725465, 5528988.318675260990858 ], [ 472643.554000118281692, 5528980.430280924774706 ], [ 472643.356099855387583, 5528983.469662266783416 ], [ 472641.665701775986236, 5529009.724318197928369 ], [ 472638.837377184419893, 5529053.465414811857045 ], [ 472638.697197831526864, 5529055.714956922456622 ], [ 472638.276659772789571, 5529062.213634134270251 ], [ 472638.284905617067125, 5529063.873296312987804 ], [ 472638.334380682732444, 5529070.931859561242163 ], [ 472640.016532917856239, 5529334.978113627061248 ], [ 472778.521979457058478, 5529362.682474474422634 ], [ 472928.093349033384584, 5529394.835929722525179 ], [ 473107.011678437876981, 5529437.88716675247997 ], [ 473111.57163033017423, 5529434.857783377170563 ], [ 473110.384228752402123, 5529441.776375115849078 ], [ 473109.205073018965777, 5529448.644977028481662 ], [ 473099.136897140822839, 5529510.242439023219049 ], [ 473095.516971497505438, 5529532.447919157333672 ], [ 473094.824320577201433, 5529536.657062395475805 ], [ 473087.213406297494657, 5529583.28757087700069 ], [ 473085.55599159526173, 5529593.425507325679064 ], [ 473086.042496408394072, 5529596.854809300042689 ], [ 473088.178170079481788, 5529611.831760779954493 ], [ 473088.664674892555922, 5529615.301054613664746 ], [ 473090.684906743583269, 5529629.438177039846778 ], [ 473090.750873497861903, 5529629.938075286336243 ], [ 473092.696892750391271, 5529643.645285219885409 ], [ 473094.63466615852667, 5529657.362493117339909 ], [ 473096.531210345216095, 5529670.819753925316036 ], [ 473098.048445694614202, 5529681.567566238343716 ], [ 473101.206604057690129, 5529703.983003631234169 ], [ 473102.295055503898766, 5529711.641444776207209 ], [ 473104.579154372273479, 5529727.808154084719718 ], [ 473105.849014392879326, 5529736.766330669634044 ], [ 473106.929219994926825, 5529744.414773848839104 ], [ 473108.974189378786832, 5529758.941816907376051 ], [ 473110.04614913649857, 5529766.480282472446561 ], [ 473111.085125517100096, 5529773.848782633431256 ], [ 473113.74853322270792, 5529786.00630799960345 ], [ 473114.29275894589955, 5529788.465807375498116 ], [ 473121.895427381212357, 5529837.115904772654176 ], [ 473125.358681983023416, 5529859.331382870674133 ], [ 473135.336153573938645, 5529923.178386976011097 ], [ 473137.818152705207467, 5529938.975171580910683 ], [ 473148.628454569494352, 5530008.331054369919002 ], [ 473152.091709171305411, 5530030.556530431844294 ], [ 473172.021914820128586, 5530158.37051422521472 ], [ 473173.25879146362422, 5530163.389492624439299 ], [ 473176.763275286939461, 5530162.519669675268233 ], [ 473180.647067947487812, 5530161.609854864887893 ], [ 473191.358419680211227, 5530159.110363632440567 ], [ 473195.802929752506316, 5530158.080573242157698 ], [ 473214.224145896383561, 5530153.771450351923704 ], [ 473226.395012068445794, 5530150.922030346468091 ], [ 473312.687772563309409, 5530130.716143202036619 ], [ 473324.413363143568859, 5530127.966702842153609 ] ] ] ] } },
{ "type": "Feature", "properties": { "StatBez": 610, "stat_Bez_1": "Alt-Arheilgen" }, "geometry": { "type": "MultiPolygon", "coordinates": [ [ [ [ 475219.465052027197089, 5530064.179686525836587 ], [ 475226.548232272325549, 5530074.497586344368756 ], [ 475227.933534113049973, 5530074.137659606523812 ], [ 475241.852519274514634, 5530068.778750397264957 ], [ 475245.134365301928483, 5530065.28946063388139 ], [ 475271.265445856959559, 5530037.555105890147388 ], [ 475329.777956938836724, 5529996.693423179909587 ], [ 475341.825135446444619, 5529992.874200573191047 ], [ 475366.488455717859324, 5529976.637505509890616 ], [ 475372.046154769312125, 5529963.250230455771089 ], [ 475389.667524017044343, 5529961.390608976595104 ], [ 475394.994339428434614, 5529957.881323283538222 ], [ 475398.927607154764701, 5529955.281852398067713 ], [ 475410.661443579359911, 5529956.761551210656762 ], [ 475464.531544325989671, 5529978.157196181826293 ], [ 475542.41354364505969, 5529985.385724833235145 ], [ 475583.642765095049981, 5529978.367153446190059 ], [ 475585.654751101799775, 5529977.957236883230507 ], [ 475587.584278665599413, 5529977.56731624994427 ], [ 475606.360066113993526, 5529975.017835190519691 ], [ 475629.778263897576835, 5529965.739723727107048 ], [ 475687.408469640417024, 5529980.146791204810143 ], [ 475704.1227960162214, 5529994.713826121762395 ], [ 475707.379904510744382, 5529997.563246130011976 ], [ 475711.420368212915491, 5530000.252698699012399 ], [ 475753.515403313329443, 5530028.316986286081374 ], [ 475779.588762958301231, 5530028.476953726261854 ], [ 475791.363828604458831, 5530036.175386728718877 ], [ 475793.260372791148257, 5530044.25374239962548 ], [ 475793.771615137055051, 5530047.533074899576604 ], [ 475807.740075364359654, 5530048.242930411361158 ], [ 475813.26479103876045, 5530048.532871395349503 ], [ 475850.280386056459974, 5530049.972578344866633 ], [ 475854.197162094234955, 5530057.261094787158072 ], [ 475876.82375882595079, 5530083.765699842013419 ], [ 475888.796724735002499, 5530072.977895672433078 ], [ 475892.853680125786923, 5530077.756922914646566 ], [ 475911.612975885509513, 5530060.730388620868325 ], [ 475918.374568203289527, 5530054.27170327026397 ], [ 475920.510241874435451, 5530052.282108247280121 ], [ 475908.421834145206958, 5530039.604688702151179 ], [ 475910.22767404478509, 5530023.108046552166343 ], [ 475919.891803552745841, 5530023.747916308231652 ], [ 475933.860263779875822, 5530024.667729082517326 ], [ 476010.373452946776524, 5530029.706703411415219 ], [ 476024.333667329745367, 5530030.626516186632216 ], [ 476035.597490629879758, 5530031.366365592926741 ], [ 476045.847075082361698, 5530031.216396117582917 ], [ 476059.840272842557169, 5530031.006438854150474 ], [ 476067.649087385158055, 5530030.88646327611059 ], [ 476071.598846800101455, 5530030.126617938280106 ], [ 476094.78616094350582, 5530025.737511330284178 ], [ 476116.563435713527724, 5530031.566324890591204 ], [ 476130.078374504751991, 5530035.195586164481938 ], [ 476147.831677261157893, 5530039.954617475159466 ], [ 476150.387888991041109, 5530040.774450600147247 ], [ 476163.713173363648821, 5530045.053579596802592 ], [ 476168.198912657389883, 5530046.483288583345711 ], [ 476184.566913573071361, 5530051.742218140512705 ], [ 476198.263260938751046, 5530056.141322714276612 ], [ 476207.218247837678064, 5530059.020736617036164 ], [ 476212.215229477384128, 5530060.620411006733775 ], [ 476225.532268005830701, 5530064.909537967294455 ], [ 476226.348606590472627, 5530065.159487089142203 ], [ 476241.628156059829053, 5530070.068487874232233 ], [ 476244.621397537179291, 5530071.338229422457516 ], [ 476247.227084332727827, 5530072.458001496270299 ], [ 476271.873912915587425, 5530082.94586671795696 ], [ 476303.867788760748226, 5530096.55309700127691 ], [ 476313.804031130275689, 5530100.78223617002368 ], [ 476321.711795804381836, 5530104.141552390530705 ], [ 476334.872163291205652, 5530109.750410721637309 ], [ 476377.255802941741422, 5530127.796737438067794 ], [ 476387.958908830187283, 5530132.345811486244202 ], [ 476444.879971964110155, 5530144.043430465273559 ], [ 476448.796748001885135, 5530144.75328597612679 ], [ 476533.077522489940748, 5530160.080166229046881 ], [ 476643.679031951643992, 5530180.216067619621754 ], [ 476657.795917376177385, 5530179.766159196384251 ], [ 476657.927850884851068, 5530179.766159196384251 ], [ 476660.376866638951469, 5530179.45622228179127 ], [ 476667.798126499983482, 5529784.536607153713703 ], [ 476669.900816793844569, 5529673.899127126671374 ], [ 476670.692417845770251, 5529631.907674378715456 ], [ 476677.602435360779054, 5529360.712875382974744 ], [ 476677.750860558007844, 5529345.2660195492208 ], [ 476684.001210529881064, 5529104.115105197764933 ], [ 476682.87152986205183, 5529086.748640096746385 ], [ 476504.233559163461905, 5529043.457451905123889 ], [ 476491.040208299527876, 5529040.398074634373188 ], [ 476439.775794348563068, 5528809.934984801337123 ], [ 476439.30578122404404, 5528808.055367394350469 ], [ 476419.317854665103368, 5528729.671322264708579 ], [ 476398.060068085440435, 5528690.399315980263054 ], [ 476408.021047987858765, 5528685.000414911657572 ], [ 476417.41306463413639, 5528679.481538265012205 ], [ 476426.739114526135381, 5528672.442970948293805 ], [ 476437.269057684403379, 5528662.484997866675258 ], [ 476446.397207313450053, 5528650.937348362058401 ], [ 476453.183537164120935, 5528641.669234860688448 ], [ 476465.750203862087801, 5528622.143209333531559 ], [ 476473.493051650351845, 5528609.585765369236469 ], [ 476477.739661459694616, 5528602.717163456603885 ], [ 476479.644451490719803, 5528599.607796360738575 ], [ 476521.162277490831912, 5528531.871583892032504 ], [ 476536.318139295850415, 5528507.126620665192604 ], [ 476529.152500607888214, 5528502.177628019824624 ], [ 476526.736468231014442, 5528487.210674502886832 ], [ 476523.504097269265912, 5528450.53813910484314 ], [ 476521.483865418180358, 5528427.832760725170374 ], [ 476519.447141878597904, 5528403.467720165848732 ], [ 476518.935899532574695, 5528397.538926958106458 ], [ 476518.243248612212483, 5528389.580546864308417 ], [ 476515.950903899618424, 5528370.804368707351387 ], [ 476506.649591540452093, 5528319.454820775426924 ], [ 476503.986183834786061, 5528320.224664077162743 ], [ 476437.961708604882006, 5528341.690294803120196 ], [ 476374.87275394203607, 5528343.289969192817807 ], [ 476338.426122180128004, 5528331.842299336567521 ], [ 476337.469604242534842, 5528331.732321722432971 ], [ 476334.212495748011861, 5528331.352399054914713 ], [ 476333.033340014575515, 5528331.212427545338869 ], [ 476330.163786201563198, 5528335.18161962646991 ], [ 476325.908930547942873, 5528338.440956195816398 ], [ 476320.598606825165916, 5528345.579503164626658 ], [ 476307.94948168436531, 5528360.866391558200121 ], [ 476305.162386314361356, 5528364.175717952661216 ], [ 476303.801822006411385, 5528366.275290589779615 ], [ 476275.172250631556381, 5528371.214285269379616 ], [ 476270.653527960705105, 5528372.104104149155319 ], [ 476268.39416662522126, 5528373.3638477306813 ], [ 476266.769735300040338, 5528375.203473282046616 ], [ 476265.252499950758647, 5528378.512799676507711 ], [ 476264.304227857326623, 5528381.822126071900129 ], [ 476263.405430829734541, 5528386.02127134706825 ], [ 476262.622075622261036, 5528388.280811423435807 ], [ 476261.302740535815246, 5528389.960469532757998 ], [ 476259.785505186475348, 5528390.910276201553643 ], [ 476256.627346823399421, 5528392.329987224191427 ], [ 476254.532902373699471, 5528394.009645332582295 ], [ 476253.320763263094705, 5528395.739293267950416 ], [ 476252.743554162792861, 5528398.468737697228789 ], [ 476252.801275072910357, 5528401.148192300461233 ], [ 476253.378484173153993, 5528404.507508520036936 ], [ 476254.747294325265102, 5528408.186759617179632 ], [ 476255.745041484304238, 5528412.175947629846632 ], [ 476256.272775518882554, 5528415.175337112508714 ], [ 476256.371725650387816, 5528418.064748979173601 ], [ 476256.107858633156866, 5528421.104130320250988 ], [ 476255.167832384060603, 5528423.943552365526557 ], [ 476253.749547166167758, 5528426.563019177876413 ], [ 476252.273541038273834, 5528428.462632517330348 ], [ 476249.700837619835511, 5528430.40223771519959 ], [ 476247.655868235859089, 5528432.141883615404367 ], [ 476245.973716000735294, 5528433.811543758958578 ], [ 476244.291563765553292, 5528436.1310716252774 ], [ 476243.029949589224998, 5528439.020483494736254 ], [ 476242.345544513082132, 5528441.489980833604932 ], [ 476240.778834098018706, 5528444.219425262883306 ], [ 476238.041213793738279, 5528447.20881678070873 ], [ 476231.848584731982555, 5528451.827876581810415 ], [ 476230.21590756252408, 5528453.937447183765471 ], [ 476229.325356379209552, 5528455.867054417729378 ], [ 476228.954293386253994, 5528458.28656193241477 ], [ 476228.170938178547658, 5528460.446122361347079 ], [ 476227.115470109449234, 5528462.125780469737947 ], [ 476225.334367742878385, 5528463.545491490513086 ], [ 476223.388348490407225, 5528464.225353106856346 ], [ 476220.337386103114113, 5528464.435310370288789 ], [ 476214.771441207383759, 5528464.855224898084998 ], [ 476209.20549631153699, 5528465.805031567811966 ], [ 476205.165032609540503, 5528466.754838237538934 ], [ 476200.563851495680865, 5528468.004583854228258 ], [ 476196.18530817766441, 5528470.084160561673343 ], [ 476183.618641479755752, 5528477.142723809927702 ], [ 476180.782071043970063, 5528479.722198765724897 ], [ 476175.63666420703521, 5528487.750564611516893 ], [ 476164.81811649852898, 5528490.380029389634728 ], [ 476148.532574025797658, 5528495.788928423076868 ], [ 476133.516891573730391, 5528499.728126608766615 ], [ 476118.33629223582102, 5528501.987666686996818 ], [ 476110.436773405934218, 5528506.806685786694288 ], [ 476106.783864385448396, 5528509.026234002783895 ], [ 476089.871637746691704, 5528526.722631947137415 ], [ 476077.164791695773602, 5528540.959734021686018 ], [ 476067.764529205218423, 5528554.566964304074645 ], [ 476063.715819658827968, 5528558.236217437312007 ], [ 476059.246572053642012, 5528560.285800250247121 ], [ 476053.425005984958261, 5528561.59553365688771 ], [ 476029.998562356980983, 5528574.99280667770654 ], [ 475983.261116921319626, 5528597.528219651430845 ], [ 475957.360920006467495, 5528604.566786969080567 ], [ 475944.3407318724785, 5528608.186050278134644 ], [ 475936.0948875824688, 5528610.75552726816386 ], [ 475929.160132534569129, 5528612.755120255984366 ], [ 475903.688719522790052, 5528617.534147498197854 ], [ 475891.658032703737263, 5528621.37336603552103 ], [ 475879.891212901857216, 5528625.572511308826506 ], [ 475861.049458699300885, 5528630.911424586549401 ], [ 475858.922030872432515, 5528631.51130248233676 ], [ 475846.173955600010231, 5528647.787989406846464 ], [ 475823.910176017088816, 5528667.004078020341694 ], [ 475812.613369339786004, 5528683.030815819278359 ], [ 475805.216847011586651, 5528694.478485674597323 ], [ 475784.57749875378795, 5528712.544808322563767 ], [ 475765.084322852198966, 5528689.229554082266986 ], [ 475757.110591423814185, 5528680.031426336616278 ], [ 475746.539419043983798, 5528667.853905039839447 ], [ 475739.876776857650839, 5528660.185465931892395 ], [ 475737.914265916624572, 5528658.815744733437896 ], [ 475736.933010446140543, 5528658.135883118957281 ], [ 475733.626426885835826, 5528655.976322690956295 ], [ 475690.616103069158271, 5528631.291347254067659 ], [ 475686.097380398248788, 5528629.091794967651367 ], [ 475665.400311230390798, 5528617.534147496335208 ], [ 475638.172533384757116, 5528609.895702282898128 ], [ 475632.515884201973677, 5528608.306025857105851 ], [ 475613.352542071894277, 5528602.937118685804307 ], [ 475588.615009201865178, 5528595.838563578203321 ], [ 475578.29121215082705, 5528593.129115077666938 ], [ 475556.959212972607929, 5528587.520256745629013 ], [ 475550.280079097719863, 5528585.760614917613566 ], [ 475534.967546251195017, 5528581.871406557038426 ], [ 475532.658709849987645, 5528581.29152458999306 ], [ 475517.981107013707515, 5528577.57228163164109 ], [ 475514.592065010569058, 5528576.262548225931823 ], [ 475511.978132370684762, 5528575.262751731090248 ], [ 475509.207528689235914, 5528574.20296744722873 ], [ 475491.041933718370274, 5528573.973014254122972 ], [ 475471.862099899793975, 5528573.733063094317913 ], [ 475467.516539959062357, 5528573.683073270134628 ], [ 475450.967130468983669, 5528573.473116005770862 ], [ 475445.392939728859346, 5528575.992603169754148 ], [ 475422.510721824131906, 5528573.773054953664541 ], [ 475413.83609363110736, 5528572.943223863840103 ], [ 475389.667524017102551, 5528570.463728559203446 ], [ 475378.469667471305002, 5528570.413738735020161 ], [ 475385.791977200773545, 5528619.873671293258667 ], [ 475391.036334169155452, 5528655.986320655792952 ], [ 475395.043814494158141, 5528683.530714065767825 ], [ 475396.338412047654856, 5528692.358917108736932 ], [ 475406.315883638628293, 5528760.994946421124041 ], [ 475407.165205600496847, 5528766.393847487866879 ], [ 475408.426819776825141, 5528776.331824638880789 ], [ 475408.534015752607957, 5528785.649927962571383 ], [ 475407.692939635075163, 5528794.218183916993439 ], [ 475405.788149603991769, 5528800.966810250654817 ], [ 475401.558031483262312, 5528806.575668582692742 ], [ 475396.371395424881484, 5528811.754614422097802 ], [ 475391.819689376803581, 5528815.783794292248785 ], [ 475387.803963207581546, 5528818.853169529698789 ], [ 475381.454663104261272, 5528823.192286313511431 ], [ 475371.3205204718397, 5528827.641380710527301 ], [ 475361.359540569537785, 5528832.60037132166326 ], [ 475353.204400566697586, 5528837.359402633272111 ], [ 475347.811618401028682, 5528841.278604890219867 ], [ 475343.0537662456627, 5528845.297786794602871 ], [ 475337.125004201196134, 5528852.80625846516341 ], [ 475331.732222035643645, 5528860.104772871360183 ], [ 475327.287711963232141, 5528867.723222155123949 ], [ 475313.855231614783406, 5528891.418399062938988 ], [ 475304.438477435673121, 5528909.194780726917088 ], [ 475288.565227177401539, 5528942.837932750582695 ], [ 475276.295410873892251, 5528970.542293598875403 ], [ 475271.751950670033693, 5528980.810203593224287 ], [ 475242.470957596320659, 5529065.982866914942861 ], [ 475238.793311042885762, 5529076.680689400993288 ], [ 475235.734102811315097, 5529083.139374753460288 ], [ 475231.182396763353609, 5529087.788428450003266 ], [ 475225.781368753407151, 5529092.237522849813104 ], [ 475224.1239540509996, 5529093.21732341311872 ], [ 475216.158468466892373, 5529097.946360828354955 ], [ 475209.438105370558333, 5529102.705392139963806 ], [ 475203.938127229106613, 5529109.264057140797377 ], [ 475200.557331070187502, 5529118.362205237150192 ], [ 475199.287471049581654, 5529129.369964635930955 ], [ 475198.866932990786154, 5529138.248157502152026 ], [ 475199.444142091029789, 5529199.825623569078743 ], [ 475199.518354689702392, 5529205.374494111165404 ], [ 475199.988367814163212, 5529240.11742227524519 ], [ 475200.243988987233024, 5529258.873604502528906 ], [ 475201.563324073562399, 5529356.283776912838221 ], [ 475201.950878755247686, 5529384.378058395348489 ], [ 475203.682506056153215, 5529508.102874526754022 ], [ 475203.822685409104452, 5529516.841095885261893 ], [ 475204.927628543868195, 5529585.147192355245352 ], [ 475205.372904135554563, 5529613.051512502133846 ], [ 475205.686246218567248, 5529632.567540065385401 ], [ 475206.411880516156089, 5529677.308433171361685 ], [ 475208.102278595615644, 5529783.016916482709348 ], [ 475208.539308342966251, 5529810.651291576214135 ], [ 475210.765686301223468, 5529921.098810269497335 ], [ 475210.65849032549886, 5529932.436502511613071 ], [ 475209.603022256284021, 5529941.314695377834141 ], [ 475206.428372204652987, 5529954.012110850773752 ], [ 475202.231237461033743, 5529963.750128702260554 ], [ 475196.129312686505727, 5529972.848276797682047 ], [ 475167.631674820207991, 5530004.921748327091336 ], [ 475182.243310902093071, 5530018.568970468826592 ], [ 475193.375200693670195, 5530029.946654571220279 ], [ 475204.465861263684928, 5530043.823829906992614 ], [ 475212.513805290742312, 5530054.191719549708068 ], [ 475219.465052027197089, 5530064.179686525836587 ] ] ] ] } },
{ "type": "Feature", "properties": { "StatBez": 640, "stat_Bez_1": "Arheilgen-Ost" }, "geometry": { "type": "MultiPolygon", "coordinates": [ [ [ [ 475862.805823532980867, 5527741.812398402020335 ], [ 475871.266059774556197, 5527806.219288545660675 ], [ 475872.931720321066678, 5527818.846718264743686 ], [ 475880.971418503904715, 5527878.604554710909724 ], [ 475885.143815714574885, 5527911.577843084000051 ], [ 475890.346943461569026, 5527911.417875643819571 ], [ 475897.875399298325647, 5527972.065530969761312 ], [ 475921.623430853534956, 5528163.656533116474748 ], [ 475928.162385375471786, 5528163.246616553515196 ], [ 476122.220084896369372, 5528151.039101361297071 ], [ 476121.19760020438116, 5528139.601429469883442 ], [ 476120.274065644014627, 5528128.863615124486387 ], [ 476292.702915592177305, 5528117.585910672321916 ], [ 476288.184192921209615, 5528130.573267129249871 ], [ 476281.546288267767522, 5528147.559809562750161 ], [ 476273.729227880830877, 5528163.786506660282612 ], [ 476264.8402077362407, 5528179.743258703500032 ], [ 476250.706830623210408, 5528201.95873680151999 ], [ 476240.036708111991175, 5528216.185840912163258 ], [ 476231.411554984573741, 5528227.293579958379269 ], [ 476233.110198908252642, 5528229.193193297833204 ], [ 476254.887473678216338, 5528253.708203329704702 ], [ 476286.097994315903634, 5528288.851050093770027 ], [ 476322.660067897697445, 5528330.01267175283283 ], [ 476327.937408243247773, 5528330.622547613456845 ], [ 476328.696025917946827, 5528330.712529298849404 ], [ 476331.944888568250462, 5528331.092451967298985 ], [ 476333.033340014575515, 5528331.212427545338869 ], [ 476334.212495748011861, 5528331.352399054914713 ], [ 476337.469604242534842, 5528331.732321722432971 ], [ 476338.426122180128004, 5528331.842299336567521 ], [ 476374.87275394203607, 5528343.289969192817807 ], [ 476437.961708604882006, 5528341.690294803120196 ], [ 476503.986183834786061, 5528320.224664077162743 ], [ 476506.649591540452093, 5528319.454820775426924 ], [ 476515.950903899618424, 5528370.804368707351387 ], [ 476518.243248612212483, 5528389.580546864308417 ], [ 476518.935899532574695, 5528397.538926958106458 ], [ 476519.447141878597904, 5528403.467720165848732 ], [ 476521.483865418180358, 5528427.832760725170374 ], [ 476523.504097269265912, 5528450.53813910484314 ], [ 476526.736468231014442, 5528487.210674502886832 ], [ 476529.152500607888214, 5528502.177628019824624 ], [ 476536.318139295850415, 5528507.126620665192604 ], [ 476521.162277490831912, 5528531.871583892032504 ], [ 476479.644451490719803, 5528599.607796360738575 ], [ 476477.739661459694616, 5528602.717163456603885 ], [ 476473.493051650351845, 5528609.585765369236469 ], [ 476465.750203862087801, 5528622.143209333531559 ], [ 476453.183537164120935, 5528641.669234860688448 ], [ 476446.397207313450053, 5528650.937348362058401 ], [ 476437.269057684403379, 5528662.484997866675258 ], [ 476426.739114526135381, 5528672.442970948293805 ], [ 476417.41306463413639, 5528679.481538265012205 ], [ 476408.021047987858765, 5528685.000414911657572 ], [ 476398.060068085440435, 5528690.399315980263054 ], [ 476419.317854665103368, 5528729.671322264708579 ], [ 476439.30578122404404, 5528808.055367394350469 ], [ 476439.775794348563068, 5528809.934984801337123 ], [ 476491.040208299527876, 5529040.398074634373188 ], [ 476504.233559163461905, 5529043.457451905123889 ], [ 476682.87152986205183, 5529086.748640096746385 ], [ 476684.001210529881064, 5529104.115105197764933 ], [ 476677.750860558007844, 5529345.2660195492208 ], [ 476677.602435360779054, 5529360.712875382974744 ], [ 476670.692417845770251, 5529631.907674378715456 ], [ 476669.900816793844569, 5529673.899127126671374 ], [ 476667.798126499983482, 5529784.536607153713703 ], [ 476660.376866638951469, 5530179.45622228179127 ], [ 476662.35586926859105, 5530179.216271124780178 ], [ 476699.890952476649545, 5530174.547221498563886 ], [ 476725.436578087043017, 5530171.377866611815989 ], [ 476739.330825715733226, 5530169.648218677379191 ], [ 476758.997164347383659, 5530167.208715233020484 ], [ 476785.705454002658371, 5530165.699022526852787 ], [ 476811.333538056001998, 5530158.590469454415143 ], [ 476831.882182026631199, 5530152.951617226935923 ], [ 476849.726189070206601, 5530148.35255335457623 ], [ 476875.346027279272676, 5530141.234002318233252 ], [ 476894.591827852127608, 5530136.534958796575665 ], [ 476912.674964380101301, 5530131.955890852957964 ], [ 476914.579754411010072, 5530131.386006852611899 ], [ 476944.404973207972944, 5530123.897531112655997 ], [ 476959.758735275943764, 5530119.848355310037732 ], [ 477000.773564774484839, 5530106.711029379628599 ], [ 477017.751758167520165, 5530101.282134417444468 ], [ 477042.43981597176753, 5530093.353748220950365 ], [ 477074.235791554034222, 5530083.175819911062717 ], [ 477098.429098700929899, 5530075.427397083491087 ], [ 477111.259632416244131, 5530071.31823349185288 ], [ 477132.88848198892083, 5530064.38964378926903 ], [ 477203.580105087021366, 5530041.744253200478852 ], [ 477225.142987905361224, 5530032.726088824681938 ], [ 477236.876824330014642, 5530030.866467345505953 ], [ 477351.007555147923995, 5529987.295336136594415 ], [ 477371.638657561503351, 5529977.687291828915477 ], [ 477505.34502272377722, 5529926.147782564163208 ], [ 477549.930302799795754, 5529906.191844544373453 ], [ 477622.559699306206312, 5529905.831917806528509 ], [ 477626.715604828379583, 5529905.731938156299293 ], [ 477710.600578790472355, 5529905.092068400233984 ], [ 477774.588330480852164, 5529907.371604407206178 ], [ 477798.130215928889811, 5529898.48341357614845 ], [ 477887.803772582556121, 5529843.744555528275669 ], [ 477994.719389646779746, 5529816.750050189904869 ], [ 477999.642158687813208, 5529815.560292362235487 ], [ 478056.678663641796447, 5529808.091812551952899 ], [ 478170.24043120368151, 5529805.87226433493197 ], [ 478209.119587031076662, 5529816.480105135589838 ], [ 478216.821205597836524, 5529818.689655388705432 ], [ 478260.136625653307419, 5529827.487864537164569 ], [ 478373.302592689171433, 5529853.132644606754184 ], [ 478418.959832522959914, 5529859.821283151395619 ], [ 478426.661451089836191, 5529842.304848576895893 ], [ 478426.77689290989656, 5529838.02571958117187 ], [ 478427.189185124414507, 5529824.028568666428328 ], [ 478427.230414345860481, 5529822.688841365277767 ], [ 478429.910313740081619, 5529812.011014808900654 ], [ 478431.270878048031591, 5529806.602115775458515 ], [ 478425.218428339168895, 5529799.183625790290534 ], [ 478403.919412537943572, 5529773.018951542675495 ], [ 478395.088113303412683, 5529762.181157547049224 ], [ 478381.556682823516894, 5529745.564539818093181 ], [ 478377.029714308329858, 5529740.005671311169863 ], [ 478373.871555945253931, 5529736.126460913568735 ], [ 478346.23973172949627, 5529709.711837543174624 ], [ 478336.122080785571598, 5529700.033807480707765 ], [ 478311.821577662951313, 5529676.798536960966885 ], [ 478299.774399155285209, 5529665.460844718851149 ], [ 478289.582535612920765, 5529655.852800411172211 ], [ 478245.327089308411814, 5529614.171284576877952 ], [ 478235.077504855988082, 5529603.773401038721204 ], [ 478184.744871309783775, 5529552.703796125017107 ], [ 478174.924070760374889, 5529542.72582711558789 ], [ 478153.344696253421716, 5529520.850279825739563 ], [ 478146.690299911424518, 5529513.171842752955854 ], [ 478137.520921060931869, 5529502.603993810713291 ], [ 478135.715081161470152, 5529500.514419138431549 ], [ 478130.825295497488696, 5529494.875566912814975 ], [ 478109.534525540715549, 5529458.812907373532653 ], [ 478108.182207077101339, 5529457.103255367837846 ], [ 478099.466349662630819, 5529446.165481723845005 ], [ 478098.617027700762264, 5529445.095699476078153 ], [ 478070.24307749880245, 5529395.895714006386697 ], [ 478063.242355696682353, 5529383.768182533793151 ], [ 478042.446336397202685, 5529347.725518924184144 ], [ 478034.744717830384616, 5529336.777747316285968 ], [ 478032.567814937850926, 5529334.078296782448888 ], [ 478023.753007391933352, 5529323.190512961708009 ], [ 477999.798829729494173, 5529293.556544880382717 ], [ 477974.294433340372052, 5529261.793010266497731 ], [ 477954.908453414682299, 5529237.647924936376512 ], [ 477932.999245136044919, 5529210.753399247303605 ], [ 477928.661931039590854, 5529202.505078172311187 ], [ 477926.715911787119694, 5529191.537310632877052 ], [ 477899.974638754734769, 5529180.039650950580835 ], [ 477904.551082335587125, 5529158.074121979065239 ], [ 477896.024879339733161, 5529148.036165177822113 ], [ 477826.899966656696051, 5529120.371796188876033 ], [ 477782.718732950801495, 5529097.986352688632905 ], [ 477753.69336104998365, 5529081.619684082455933 ], [ 477717.073566558130551, 5529055.794940641149879 ], [ 477672.183190243376885, 5529018.932443907484412 ], [ 477639.018404508999083, 5528982.009959384799004 ], [ 477603.932337055099197, 5528946.507185882888734 ], [ 477594.70523729454726, 5528937.119096804410219 ], [ 477564.129646667337511, 5528906.025425841100514 ], [ 477515.017398076015525, 5528860.764638558030128 ], [ 477441.645875583577435, 5528784.47016810066998 ], [ 477422.094978771929163, 5528764.284276886843145 ], [ 477367.91978178662248, 5528708.315669151954353 ], [ 477287.019803457485978, 5528624.772674114443362 ], [ 477182.94900267344201, 5528519.524097190238535 ], [ 477171.338853913126513, 5528507.386567753739655 ], [ 477161.674724405223969, 5528497.268627234734595 ], [ 477100.927589520812035, 5528433.721562074497342 ], [ 477012.985660167934839, 5528347.729065626859665 ], [ 476839.946617742243689, 5528149.889335392974317 ], [ 476836.491608984710183, 5528146.070112786255777 ], [ 476832.871683341450989, 5528142.060928843915462 ], [ 476770.640296484867577, 5528073.164952444843948 ], [ 476698.604600767430384, 5527992.401391658931971 ], [ 476637.131831585429609, 5527924.165280942805111 ], [ 476610.266870888648555, 5527890.182198111899197 ], [ 476590.064552378084045, 5527864.507424146868289 ], [ 476588.448366897297092, 5527862.387855579145253 ], [ 476586.873410637839697, 5527860.408258520066738 ], [ 476584.729491122532636, 5527857.738801881670952 ], [ 476565.557903148233891, 5527836.803063295781612 ], [ 476564.098388709011488, 5527835.203388907015324 ], [ 476562.92747881973628, 5527833.93364735879004 ], [ 476551.243117460748181, 5527821.186242062598467 ], [ 476538.791892582899891, 5527807.589009743183851 ], [ 476537.332378143561073, 5527805.999333317391574 ], [ 476530.801669465843588, 5527798.870784314349294 ], [ 476473.179709567397367, 5527741.212520505301654 ], [ 476459.557574800332077, 5527726.775459132157266 ], [ 476432.247338511748239, 5527695.161893993616104 ], [ 476418.880824917694554, 5527679.675046300515532 ], [ 476333.907399509218521, 5527583.714578805491328 ], [ 476281.257683717587497, 5527524.816567346453667 ], [ 476259.719538432196714, 5527500.711473874747753 ], [ 476184.558667728793807, 5527416.148686412721872 ], [ 476179.223606473125983, 5527398.232333239167929 ], [ 476177.195128777762875, 5527391.423719115555286 ], [ 476170.161423598474357, 5527390.193969427607954 ], [ 476166.203418339195196, 5527389.504109847359359 ], [ 476158.526537305209786, 5527388.194376438856125 ], [ 476156.572272208577488, 5527387.684480228461325 ], [ 476132.280014930176549, 5527381.195800981484354 ], [ 476122.896244128118269, 5527378.536342307925224 ], [ 476110.865557309007272, 5527375.117038298398256 ], [ 476097.004293057543691, 5527371.177840110845864 ], [ 476086.499087432108354, 5527365.269042833708227 ], [ 476075.606327125045937, 5527359.150288290344179 ], [ 476062.82526847551344, 5527351.961751496419311 ], [ 476037.70018092385726, 5527347.522655064240098 ], [ 476033.164966564334463, 5527346.722817867994308 ], [ 476014.702521199127659, 5527343.453483332879841 ], [ 476004.617853632487822, 5527341.643851678818464 ], [ 476003.55413971899543, 5527341.453890345990658 ], [ 475991.251340038259514, 5527339.264336022548378 ], [ 475989.165141432953533, 5527338.894411319866776 ], [ 475984.118684727465734, 5527338.004592441022396 ], [ 475975.930561347515322, 5527336.544889559037983 ], [ 475967.668225368950516, 5527334.19536779820919 ], [ 475955.654030238394625, 5527330.776063788682222 ], [ 475939.426208675722592, 5527326.176999917253852 ], [ 475935.476449260779191, 5527325.047229878604412 ], [ 475913.080736169125885, 5527318.67852621152997 ], [ 475898.955604900373146, 5527316.848898627795279 ], [ 475805.670368447550572, 5527311.439999595284462 ], [ 475839.659738610964268, 5527567.167946831323206 ], [ 475849.595980980375316, 5527641.95272458344698 ], [ 475853.900311699777376, 5527674.456108600832522 ], [ 475862.805823532980867, 5527741.812398402020335 ] ] ] ] } },
{ "type": "Feature", "properties": { "StatBez": 920, "stat_Bez_1": "Kranichstein-Nord" }, "geometry": { "type": "MultiPolygon", "coordinates": [ [ [ [ 477793.743426766595803, 5527051.332943716086447 ], [ 477760.240561416372657, 5527034.516366686671972 ], [ 477715.927394201920833, 5527082.896519032306969 ], [ 477717.386908641143236, 5527109.311142403632402 ], [ 477718.162018004397396, 5527123.278299423865974 ], [ 477719.250469450722449, 5527142.844316811300814 ], [ 477719.547319845180027, 5527148.773110020905733 ], [ 477719.778203485242557, 5527153.402167787775397 ], [ 477719.91013699391624, 5527156.011636637151241 ], [ 477720.108037256926764, 5527159.80086534935981 ], [ 477720.314183364156634, 5527163.940022834576666 ], [ 477720.56155869277427, 5527168.959001234732568 ], [ 477718.434130866022315, 5527180.816587654873729 ], [ 477714.748238468484487, 5527188.964929080568254 ], [ 477708.984393309685402, 5527201.722332343459129 ], [ 477702.395963721908629, 5527216.289367261342704 ], [ 477700.482927846664097, 5527220.638482009992003 ], [ 477680.610443107783794, 5527265.749299818649888 ], [ 477674.970285613380838, 5527278.556692907586694 ], [ 477660.45759966300102, 5527311.489989419467747 ], [ 477648.410421155334916, 5527335.945011662319303 ], [ 477647.594082570634782, 5527336.604877348057926 ], [ 477636.676584730739705, 5527345.353096672333777 ], [ 477632.487695831281599, 5527348.712412890978158 ], [ 477630.541676578926854, 5527350.272095422260463 ], [ 477565.407752532220911, 5527402.471470373682678 ], [ 477524.343447968014516, 5527435.394768921658397 ], [ 477520.129821535781957, 5527438.764083107933402 ], [ 477509.21232369588688, 5527447.522300392389297 ], [ 477505.138876616605558, 5527450.781636964529753 ], [ 477503.464970225642901, 5527452.121364266611636 ], [ 477498.979230931901839, 5527455.720631645061076 ], [ 477480.582752321031876, 5527470.457631966099143 ], [ 477466.276212477823719, 5527481.905301821418107 ], [ 477455.350468793592881, 5527490.653521144762635 ], [ 477449.644344544911291, 5527495.232589087449014 ], [ 477453.511645516846329, 5527498.591905307024717 ], [ 477454.171313060098328, 5527499.171787273138762 ], [ 477441.72008818219183, 5527506.760242664255202 ], [ 477429.755368117417675, 5527514.048759104683995 ], [ 477419.728421460778918, 5527520.167513647116721 ], [ 477359.245153593656141, 5527535.974296217784286 ], [ 477291.843622367130592, 5527554.520521180704236 ], [ 477287.638241779292002, 5527569.147543888539076 ], [ 477277.487607458198909, 5527570.477273225784302 ], [ 477267.205039628664963, 5527571.836996457539499 ], [ 477217.787694798607845, 5527578.32567570451647 ], [ 477202.969912609492894, 5527585.544206391088665 ], [ 477187.566675475856755, 5527593.052678060717881 ], [ 477171.883079636259936, 5527586.304051726125181 ], [ 477166.564510069147218, 5527593.062676025554538 ], [ 477155.102786506118719, 5527602.540746788494289 ], [ 477113.964269343297929, 5527621.34691883996129 ], [ 477077.171312121325172, 5527638.183491799049079 ], [ 477059.970480932388455, 5527646.051890207454562 ], [ 477049.621946348343045, 5527665.247982891276479 ], [ 477042.044015445979312, 5527665.407950331456959 ], [ 477032.14075645362027, 5527665.617907594889402 ], [ 477024.867921789817046, 5527665.767877069301903 ], [ 477017.56210374890361, 5527665.927844508551061 ], [ 476996.955738868215121, 5527666.357757000252604 ], [ 476995.999220930563752, 5527667.027620650827885 ], [ 476990.614684609114192, 5527670.79685343336314 ], [ 476985.230148287781049, 5527674.576084180735052 ], [ 476979.862103654944804, 5527678.345316963270307 ], [ 476976.522536717588082, 5527680.684840759262443 ], [ 476974.939334613911342, 5527682.624445958063006 ], [ 476970.766937403124757, 5527687.733406042680144 ], [ 476965.563809656130616, 5527694.092111743986607 ], [ 476963.650773780827876, 5527696.4416335048154 ], [ 476957.886928622086998, 5527702.73035345133394 ], [ 476953.656810501473956, 5527707.379407149739563 ], [ 476949.410200692072976, 5527712.028460845351219 ], [ 476945.171836727065966, 5527716.667516578920186 ], [ 476940.933472761942539, 5527721.286576381884515 ], [ 476937.849526997422799, 5527724.66588853020221 ], [ 476937.008450879831798, 5527726.275560886599123 ], [ 476933.924505115428474, 5527732.184358164668083 ], [ 476931.211622343980707, 5527737.383299933746457 ], [ 476929.743862060422543, 5527740.222721976228058 ], [ 476928.894540098495781, 5527741.812398402020335 ], [ 476925.662169136863668, 5527748.231091894209385 ], [ 476887.351976565434597, 5527680.434891636483371 ], [ 476882.594124410243239, 5527671.236763890832663 ], [ 476877.143621334456839, 5527657.669525466859341 ], [ 476874.125642324332148, 5527646.851727402769029 ], [ 476869.103923151735216, 5527648.271438424475491 ], [ 476750.066914981231093, 5527684.274110172875226 ], [ 476714.139771409681998, 5527731.97440090123564 ], [ 476612.757115864253137, 5527769.006863038986921 ], [ 476593.329906717000995, 5527776.105418146587908 ], [ 476577.011380867101252, 5527807.149099284783006 ], [ 476576.516630209749565, 5527808.088907990604639 ], [ 476576.252763192402199, 5527808.578808270394802 ], [ 476568.880978397210129, 5527822.615951047278941 ], [ 476562.92747881973628, 5527833.93364735879004 ], [ 476564.098388709011488, 5527835.203388907015324 ], [ 476565.557903148233891, 5527836.803063295781612 ], [ 476584.729491122532636, 5527857.738801881670952 ], [ 476586.873410637839697, 5527860.408258520066738 ], [ 476588.448366897297092, 5527862.387855579145253 ], [ 476590.064552378084045, 5527864.507424146868289 ], [ 476610.266870888648555, 5527890.182198111899197 ], [ 476637.131831585429609, 5527924.165280942805111 ], [ 476698.604600767430384, 5527992.401391658931971 ], [ 476770.640296484867577, 5528073.164952444843948 ], [ 476832.871683341450989, 5528142.060928843915462 ], [ 476836.491608984710183, 5528146.070112786255777 ], [ 476839.946617742243689, 5528149.889335392974317 ], [ 477012.985660167934839, 5528347.729065626859665 ], [ 477100.927589520812035, 5528433.721562074497342 ], [ 477161.674724405223969, 5528497.268627234734595 ], [ 477171.338853913126513, 5528507.386567753739655 ], [ 477182.94900267344201, 5528519.524097190238535 ], [ 477287.019803457485978, 5528624.772674114443362 ], [ 477367.91978178662248, 5528708.315669151954353 ], [ 477422.094978771929163, 5528764.284276886843145 ], [ 477441.645875583577435, 5528784.47016810066998 ], [ 477515.017398076015525, 5528860.764638558030128 ], [ 477564.129646667337511, 5528906.025425841100514 ], [ 477594.70523729454726, 5528937.119096804410219 ], [ 477603.932337055099197, 5528946.507185882888734 ], [ 477639.018404508999083, 5528982.009959384799004 ], [ 477672.183190243376885, 5529018.932443907484412 ], [ 477717.073566558130551, 5529055.794940641149879 ], [ 477753.69336104998365, 5529081.619684082455933 ], [ 477782.718732950801495, 5529097.986352688632905 ], [ 477826.899966656696051, 5529120.371796188876033 ], [ 477896.024879339733161, 5529148.036165177822113 ], [ 477904.551082335587125, 5529158.074121979065239 ], [ 477899.974638754734769, 5529180.039650950580835 ], [ 477926.715911787119694, 5529191.537310632877052 ], [ 477928.661931039590854, 5529202.505078172311187 ], [ 477932.999245136044919, 5529210.753399247303605 ], [ 477954.908453414682299, 5529237.647924936376512 ], [ 477974.294433340372052, 5529261.793010266497731 ], [ 477999.798829729494173, 5529293.556544880382717 ], [ 478023.753007391933352, 5529323.190512961708009 ], [ 478032.567814937850926, 5529334.078296782448888 ], [ 478034.744717830384616, 5529336.777747316285968 ], [ 478042.446336397202685, 5529347.725518924184144 ], [ 478063.242355696682353, 5529383.768182533793151 ], [ 478070.24307749880245, 5529395.895714006386697 ], [ 478098.617027700762264, 5529445.095699476078153 ], [ 478099.466349662630819, 5529446.165481723845005 ], [ 478108.182207077101339, 5529457.103255367837846 ], [ 478109.534525540715549, 5529458.812907373532653 ], [ 478130.825295497488696, 5529494.875566912814975 ], [ 478135.715081161470152, 5529500.514419138431549 ], [ 478137.520921060931869, 5529502.603993810713291 ], [ 478146.690299911424518, 5529513.171842752955854 ], [ 478153.344696253421716, 5529520.850279825739563 ], [ 478174.924070760374889, 5529542.72582711558789 ], [ 478184.744871309783775, 5529552.703796125017107 ], [ 478235.077504855988082, 5529603.773401038721204 ], [ 478245.327089308411814, 5529614.171284576877952 ], [ 478289.582535612920765, 5529655.852800411172211 ], [ 478299.774399155285209, 5529665.460844718851149 ], [ 478311.821577662951313, 5529676.798536960966885 ], [ 478336.122080785571598, 5529700.033807480707765 ], [ 478346.23973172949627, 5529709.711837543174624 ], [ 478373.871555945253931, 5529736.126460913568735 ], [ 478377.029714308329858, 5529740.005671311169863 ], [ 478381.556682823516894, 5529745.564539818093181 ], [ 478395.088113303412683, 5529762.181157547049224 ], [ 478403.919412537943572, 5529773.018951542675495 ], [ 478425.218428339168895, 5529799.183625790290534 ], [ 478431.270878048031591, 5529806.602115775458515 ], [ 478429.910313740081619, 5529812.011014808900654 ], [ 478427.230414345860481, 5529822.688841365277767 ], [ 478427.189185124414507, 5529824.028568666428328 ], [ 478426.77689290989656, 5529838.02571958117187 ], [ 478426.661451089836191, 5529842.304848576895893 ], [ 478418.959832522959914, 5529859.821283151395619 ], [ 478426.183192120981403, 5529860.461152907460928 ], [ 478466.134307706146501, 5529864.000432495959103 ], [ 478473.62153432139894, 5529869.079398686997592 ], [ 478478.700974404113367, 5529872.878625364042819 ], [ 478546.127243163296953, 5529896.763763604685664 ], [ 478564.004233584040776, 5529867.689681557938457 ], [ 478581.94719075912144, 5529864.970235096290708 ], [ 478603.559548643184826, 5529861.70090056117624 ], [ 478613.776149718498345, 5529868.599496368318796 ], [ 478635.058673830935732, 5529883.006563846953213 ], [ 478647.171819092938676, 5529891.204895098693669 ], [ 478650.024881217395887, 5529891.424850327894092 ], [ 478667.497825267841108, 5529892.724585769698024 ], [ 478672.569019506161567, 5529893.104508436284959 ], [ 478681.00451821484603, 5529893.734380227513611 ], [ 478691.410773708892521, 5529894.514221494086087 ], [ 478700.835773732338566, 5529895.214079040102661 ], [ 478721.178271595796105, 5529896.733769710175693 ], [ 478759.183367928373627, 5529899.553195824846625 ], [ 478772.351981259533204, 5529900.542994352057576 ], [ 478782.469632203341462, 5529901.302839688025415 ], [ 478785.264973417564761, 5529901.36282747797668 ], [ 478825.232580691226758, 5529902.182660602964461 ], [ 478836.776762697321828, 5529902.432609725743532 ], [ 478845.715257907635532, 5529902.612573095597327 ], [ 478869.512764528568368, 5529903.112471342086792 ], [ 478879.407777676649857, 5529903.312430641613901 ], [ 478903.741264176380355, 5529900.493004527874291 ], [ 478912.325188082177192, 5529899.513203963637352 ], [ 478941.160905564436689, 5529896.163885707966983 ], [ 478955.706574891926721, 5529894.494225564412773 ], [ 478969.551347454893403, 5529892.894551173783839 ], [ 478983.717707945092116, 5529891.254884923808277 ], [ 479001.042226798366755, 5529884.806197537109256 ], [ 479009.428250441269483, 5529881.676834511570632 ], [ 479119.914318082970567, 5529841.395033766515553 ], [ 479147.760534250352066, 5529840.775159941986203 ], [ 479161.704256944707595, 5529840.445227097719908 ], [ 479176.085009386471938, 5529840.135290184989572 ], [ 479196.724357644387055, 5529839.675383796915412 ], [ 479219.722017369174864, 5529844.114480231888592 ], [ 479236.527048032206949, 5529847.353820871561766 ], [ 479253.793845975480508, 5529850.6931411633268 ], [ 479259.714362175727729, 5529852.232827763073146 ], [ 479350.740237292950042, 5529902.292638217099011 ], [ 479354.277704493317287, 5529904.242241380736232 ], [ 479369.647958249959629, 5529895.913936586119235 ], [ 479379.402792045031674, 5529890.615015166811645 ], [ 479449.616156174452044, 5529852.54276467487216 ], [ 479482.937612950219773, 5529847.083875818178058 ], [ 479538.522849309199955, 5529837.945735862478614 ], [ 479581.648614945821464, 5529830.867176685482264 ], [ 479588.171077779203188, 5529829.797394436784089 ], [ 479602.477617622411344, 5529828.947567417286336 ], [ 479658.961651008867193, 5529827.037956113927066 ], [ 479735.037810428417288, 5529822.808816943317652 ], [ 479740.282167396799196, 5529823.938586981967092 ], [ 479768.895247083157301, 5529855.152233525179327 ], [ 479795.356161409756169, 5529844.734354057349265 ], [ 479808.376349543686956, 5529839.595400077290833 ], [ 479823.33431108581135, 5529833.696600763127208 ], [ 479832.676852666249033, 5529827.357890992425382 ], [ 479841.813248139631469, 5529821.139156799763441 ], [ 479850.883676858618855, 5529815.620280151255429 ], [ 479906.394700618926436, 5529818.439706265926361 ], [ 479908.87669975013705, 5529818.559681843966246 ], [ 479937.432058526494075, 5529781.147297039628029 ], [ 479939.468782066134736, 5529778.467842435464263 ], [ 479998.286389386747032, 5529777.108119203709066 ], [ 480004.239888964104466, 5529783.146890026517212 ], [ 479999.655199538741726, 5529791.435202961787581 ], [ 480049.723966067656875, 5529801.4231699379161 ], [ 480059.759158568573184, 5529801.65312313195318 ], [ 480074.073944256000686, 5529802.003051902167499 ], [ 480097.253012555243913, 5529802.582933872006834 ], [ 480106.207999454170931, 5529802.792891134507954 ], [ 480129.032496448839083, 5529803.352777170948684 ], [ 480179.843388963956386, 5529804.602522787638009 ], [ 480194.488008423009887, 5529804.942453596740961 ], [ 480204.976722359831911, 5529805.212398650124669 ], [ 480215.457190452376381, 5529805.46234777290374 ], [ 480227.050847524078563, 5529805.752288755960763 ], [ 480237.069548336439766, 5529805.982241949997842 ], [ 480246.997544861689676, 5529806.372162582352757 ], [ 480255.639189677604008, 5529806.752085250802338 ], [ 480265.377531784004532, 5529807.171999777667224 ], [ 480278.546145115222316, 5529807.741883778944612 ], [ 480287.797982408606913, 5529808.141802376136184 ], [ 480296.728231774701271, 5529808.521725044585764 ], [ 480301.205725224048365, 5529808.711686378344893 ], [ 480309.888599261408672, 5529809.081611081957817 ], [ 480327.336805779137649, 5529809.821460487321019 ], [ 480335.16211201029364, 5529810.161391294561327 ], [ 480366.809662395331543, 5529811.521114527247846 ], [ 480364.08028793532867, 5529767.67004029918462 ], [ 480392.347042161563877, 5529740.555559382773936 ], [ 480416.367186578223482, 5529718.779991744086146 ], [ 480454.306316156580579, 5529684.446980139240623 ], [ 480459.072414156165905, 5529679.977889811620116 ], [ 480479.513862151070498, 5529679.048079072497785 ], [ 480499.30388844711706, 5529678.138264263048768 ], [ 480526.383241095405538, 5529676.898516609333456 ], [ 480549.257213155913632, 5529675.848730291239917 ], [ 480558.03079148044344, 5529675.448811694048345 ], [ 480607.266727735986933, 5529679.847916267812252 ], [ 480617.145249195513315, 5529680.727737180888653 ], [ 480634.032738301437348, 5529682.237429887987673 ], [ 480636.00349508668296, 5529682.417393256910145 ], [ 480641.041705947951414, 5529685.416782738640904 ], [ 480650.771802210016176, 5529690.00584864616394 ], [ 480669.102314066782128, 5529698.684082214720547 ], [ 480685.058022767887451, 5529695.704688662663102 ], [ 480727.944658920168877, 5529687.71631467435509 ], [ 480741.72346472874051, 5529685.156835650093853 ], [ 480775.086150726187043, 5529678.928103493526578 ], [ 480784.098858535056934, 5529677.238447418436408 ], [ 480793.507366870006081, 5529675.488803553394973 ], [ 480829.277839400048833, 5529668.830158902332187 ], [ 480846.56937487621326, 5529665.600816226564348 ], [ 480854.205026688636281, 5529664.181105206720531 ], [ 480918.151549157686532, 5529649.554082497954369 ], [ 480976.292997246433515, 5529636.256789127364755 ], [ 480978.164803900173865, 5529636.376764708198607 ], [ 480990.632520466693677, 5529637.176601901650429 ], [ 480995.324405867781024, 5529637.47654085047543 ], [ 480977.942166104388889, 5529616.220867388881743 ], [ 480967.610123209015001, 5529603.573441739194095 ], [ 480965.202336676302366, 5529595.095167470164597 ], [ 480959.298312164726667, 5529594.395309925079346 ], [ 480946.896562352601904, 5529592.885617217980325 ], [ 480943.210669954889454, 5529592.435708795674145 ], [ 480935.591509830963332, 5529591.515896021388471 ], [ 480905.312769598094746, 5529561.022102955728769 ], [ 480888.301592827891, 5529568.730533923022449 ], [ 480876.914081863418687, 5529573.879485866986215 ], [ 480856.291225294058677, 5529583.207587156444788 ], [ 480844.029654834768735, 5529588.746459733694792 ], [ 480834.621146499877796, 5529593.005592797882855 ], [ 480823.233635535463691, 5529598.154544742777944 ], [ 480819.358088719076477, 5529599.904188605956733 ], [ 480815.556754501478281, 5529601.623838576488197 ], [ 480810.361872598761693, 5529603.97336033731699 ], [ 480784.51939659396885, 5529609.252285826019943 ], [ 480690.533263376448303, 5529619.470205993391573 ], [ 480679.31891514203744, 5529600.104147904552519 ], [ 480673.043827637389768, 5529589.276351875625551 ], [ 480663.709531901113223, 5529573.15963239222765 ], [ 480659.520643001771532, 5529569.310415889136493 ], [ 480627.914321838179603, 5529540.686242267489433 ], [ 480598.056119664164726, 5529552.943747282959521 ], [ 480586.503691813792102, 5529557.692780630663037 ], [ 480561.70843803382013, 5529567.880706903524697 ], [ 480414.767492785991635, 5529492.436063467524946 ], [ 480403.652094683086034, 5529486.71722752135247 ], [ 480382.402553947758861, 5529475.8094477718696 ], [ 480327.254347336187493, 5529392.776348943822086 ], [ 480320.34432982117869, 5529382.368467442691326 ], [ 480313.904325430805329, 5529372.670441450551152 ], [ 480309.426831981167197, 5529365.931813080795109 ], [ 480302.005572120193392, 5529354.744090313091874 ], [ 480295.087308760965243, 5529344.336208810098469 ], [ 480289.142055027827155, 5529335.398028153926134 ], [ 480207.475213179714046, 5529287.867702829651535 ], [ 480196.673157159762923, 5529281.588980846107006 ], [ 480131.522741424443666, 5529243.666699829511344 ], [ 480083.837023895408493, 5529228.179852138273418 ], [ 480071.954762273526285, 5529224.320637670345604 ], [ 480019.923484803643078, 5529207.414078957401216 ], [ 479985.8928854187252, 5529170.481596468947828 ], [ 479981.184508329199161, 5529165.372636385262012 ], [ 479953.536192424769979, 5529135.368743600323796 ], [ 479942.552727830596268, 5529118.832109589129686 ], [ 479935.642710315529257, 5529108.424228087067604 ], [ 479908.365457404288463, 5529067.362586077302694 ], [ 479901.455439889221452, 5529056.954704574309289 ], [ 479855.303449398081284, 5528987.508840102702379 ], [ 479801.103514879883733, 5528937.738970629870892 ], [ 479791.884660963609349, 5528929.290690256282687 ], [ 479743.382604849990457, 5528884.749756447970867 ], [ 479730.205745674553327, 5528860.654660942964256 ], [ 479724.219262720027473, 5528849.6968913692981 ], [ 479715.016900492308196, 5528832.880314339883626 ], [ 479710.539407042786479, 5528824.671985123306513 ], [ 479699.127158545539714, 5528803.816230260767043 ], [ 479684.045509339019191, 5528776.231844990514219 ], [ 479681.406839166244026, 5528773.462408700957894 ], [ 479675.098768284369726, 5528766.863751841709018 ], [ 479671.495334329665639, 5528763.094519059173763 ], [ 479649.173833836684935, 5528739.739272958599031 ], [ 479647.269043805601541, 5528737.279773583635688 ], [ 479639.616900304565206, 5528727.401784222573042 ], [ 479583.223571205220651, 5528654.516619810834527 ], [ 479456.402486025064718, 5528522.17355789989233 ], [ 479179.52352645539213, 5528009.857838444411755 ], [ 479156.006378540303558, 5527982.023504051379859 ], [ 479149.813749478547834, 5527974.674999820068479 ], [ 479115.774904249410611, 5527934.363205180503428 ], [ 479081.299029272864573, 5527913.907368914224207 ], [ 479028.74001776840305, 5527860.178305327892303 ], [ 479025.961168242734857, 5527858.748596341349185 ], [ 479013.872760513622779, 5527851.460079899989069 ], [ 478977.87140434345929, 5527838.092800775542855 ], [ 478973.064077122311573, 5527836.313163015991449 ], [ 478957.776281808735803, 5527830.644316894933581 ], [ 478930.020769928523805, 5527820.156451672315598 ], [ 478858.751937730121426, 5527793.291919877752662 ], [ 478845.665782841912005, 5527788.352925198152661 ], [ 478840.693538735096809, 5527786.473307790234685 ], [ 478836.422191392804962, 5527784.893629329279065 ], [ 478793.824159790587146, 5527769.216820303350687 ], [ 478780.688529836712405, 5527764.377805272117257 ], [ 478711.390454423613846, 5527738.872996709309518 ], [ 478610.80764577415539, 5527647.121672456152737 ], [ 478588.279999173828401, 5527617.477706409059465 ], [ 478584.734286129125394, 5527613.608493976294994 ], [ 478585.608345623884816, 5527612.668685272336006 ], [ 478586.523634340090211, 5527611.408941689878702 ], [ 478589.64880932593951, 5527605.410162725485861 ], [ 478593.878927446727175, 5527597.101853861473501 ], [ 478595.536342148960102, 5527591.353024020791054 ], [ 478596.740235415403731, 5527582.794766032136977 ], [ 478598.356420896190684, 5527563.648663172498345 ], [ 478597.391657114261761, 5527543.772708870470524 ], [ 478601.704233677999582, 5527535.454402042552829 ], [ 478599.857164556975476, 5527523.046927550807595 ], [ 478597.795703484443948, 5527509.199746106751263 ], [ 478595.214754221728072, 5527491.873272866941988 ], [ 478581.823503094725311, 5527471.37744474131614 ], [ 478552.196184560714755, 5527442.46333013381809 ], [ 478541.072540613589808, 5527435.924661062657833 ], [ 478529.008870417368598, 5527428.836103920824826 ], [ 478505.417509903607424, 5527414.968926548957825 ], [ 478500.618428526795469, 5527412.139502472244203 ], [ 478498.375558879983146, 5527411.029728362336755 ], [ 478427.642706560262013, 5527386.124797696247697 ], [ 478414.449355696327984, 5527381.475743999704719 ], [ 478359.152723887586035, 5527361.999708297662437 ], [ 478351.780939092335757, 5527359.400237412191927 ], [ 478334.077111401653383, 5527353.101519499905407 ], [ 478320.908498070552014, 5527348.402475978247821 ], [ 478314.130414064216893, 5527345.982968462631106 ], [ 478304.01276312029222, 5527342.373703119345009 ], [ 478290.827658100693952, 5527337.674659597687423 ], [ 478279.011363233032171, 5527333.46551635954529 ], [ 478248.732623000163585, 5527316.43898206576705 ], [ 478236.5370192953269, 5527309.57038015127182 ], [ 478223.088047258264851, 5527302.011918657459319 ], [ 478168.327395328378771, 5527266.769092243164778 ], [ 478146.071861589793116, 5527246.683180678635836 ], [ 478140.860487998405006, 5527239.464649992994964 ], [ 478135.442968299903441, 5527231.96617628633976 ], [ 478131.43548797495896, 5527224.127771773375571 ], [ 478122.925776667601895, 5527207.221213061362505 ], [ 478119.78410999319749, 5527200.992480904795229 ], [ 478075.347255114407744, 5527112.750442343764007 ], [ 478052.910312801250257, 5527032.036871382035315 ], [ 478009.108387932821643, 5527024.528399712406099 ], [ 478005.826541905349586, 5527023.98850960470736 ], [ 477992.022998563945293, 5527021.728969529271126 ], [ 477987.265146408579312, 5527020.949128263629973 ], [ 477980.80865032953443, 5527036.735914903692901 ], [ 477962.610071981500369, 5527043.714494431391358 ], [ 477937.922014177253004, 5527053.212561124935746 ], [ 477924.860596821818035, 5527058.241537490859628 ], [ 477858.40733768872451, 5527083.776339947246015 ], [ 477806.260618398839142, 5527057.611665697768331 ], [ 477793.743426766595803, 5527051.332943716086447 ] ] ] ] } },
{ "type": "Feature", "properties": { "StatBez": 310, "stat_Bez_1": "Am Oberfeld" }, "geometry": { "type": "MultiPolygon", "coordinates": [ [ [ [ 477267.526627555955201, 5524085.546621878631413 ], [ 477263.72529333824059, 5524089.685779363848269 ], [ 477262.19981214456493, 5524091.345441544428468 ], [ 477258.744803387089632, 5524095.084680431522429 ], [ 477246.747099945088848, 5524108.082034855149686 ], [ 477212.518600297451485, 5524140.775380208157003 ], [ 477170.571990394149907, 5524175.838243253529072 ], [ 477129.095393615425564, 5524205.762152318842709 ], [ 477121.228858162765391, 5524210.791128682903945 ], [ 477084.320459120790474, 5524233.826439904049039 ], [ 477035.942090671276674, 5524261.840737666934729 ], [ 477028.768206138978712, 5524265.999891081824899 ], [ 477028.702239384700079, 5524263.990300128236413 ], [ 477026.047077523253392, 5524253.582418626174331 ], [ 477024.587563083972782, 5524247.823590820655227 ], [ 476982.723411623621359, 5524272.608545906841755 ], [ 476951.042877861415036, 5524287.78545668721199 ], [ 476947.389968840929214, 5524290.254954024218023 ], [ 476947.051889225083869, 5524290.324939779937267 ], [ 476869.400773546192795, 5524330.906679472886026 ], [ 476867.512475203839131, 5524332.256404738873243 ], [ 476865.335572311189026, 5524333.806089304387569 ], [ 476860.140690408530645, 5524337.505336332134902 ], [ 476836.19475859036902, 5524355.77161827776581 ], [ 476835.279469874163624, 5524356.52146564796567 ], [ 476828.443664957711007, 5524362.200309733860195 ], [ 476798.981263309600763, 5524387.215218015015125 ], [ 476761.858472316002008, 5524421.488241828046739 ], [ 476751.006941230327357, 5524432.945909650996327 ], [ 476727.539268380962312, 5524458.930620529688895 ], [ 476707.353441559127532, 5524482.515819822438061 ], [ 476683.786818578315433, 5524513.269559977576137 ], [ 476666.676691676548216, 5524539.874144681729376 ], [ 476647.224744996346999, 5524575.646863237954676 ], [ 476644.973629505257122, 5524577.006586470641196 ], [ 476635.606350391753949, 5524595.332856204360723 ], [ 476631.071136032231152, 5524604.221047036349773 ], [ 476592.010571630496997, 5524683.554898836649954 ], [ 476574.059368611196987, 5524674.926655092276633 ], [ 476567.322513826249633, 5524671.687314451672137 ], [ 476534.957574988133274, 5524729.515543665736914 ], [ 476530.405868939938955, 5524735.124401996843517 ], [ 476524.59254871547455, 5524740.723262363113463 ], [ 476517.715514577692375, 5524745.062379146926105 ], [ 476512.743270470760763, 5524747.501882590353489 ], [ 476474.078506594989449, 5524834.804112447425723 ], [ 476504.744801509426907, 5524850.250968280248344 ], [ 476477.228419113787822, 5524901.51053452771157 ], [ 476472.907596705772448, 5524909.558896305039525 ], [ 476448.92868151050061, 5524937.743159471079707 ], [ 476436.337277279642876, 5524959.83866198733449 ], [ 476430.490973678068258, 5524970.086576051078737 ], [ 476383.201056674821302, 5525050.170275219716132 ], [ 476358.026494057558011, 5525093.441467481665313 ], [ 476347.661467785015702, 5525114.487183679826558 ], [ 476347.17496297188336, 5525115.746927261352539 ], [ 476340.35564974398585, 5525133.43332723993808 ], [ 476315.527412586845458, 5525188.222175111994147 ], [ 476291.268138685671147, 5525241.761277365498245 ], [ 476289.033514883136377, 5525248.419922015629709 ], [ 476286.617482506146189, 5525255.618456772528589 ], [ 476279.847644343972206, 5525269.055721651762724 ], [ 476263.661052002804354, 5525297.090015343390405 ], [ 476253.081633778638206, 5525314.966376657597721 ], [ 476250.030671391345095, 5525319.08553821220994 ], [ 476239.756349406088702, 5525332.952715583145618 ], [ 476224.905583839747123, 5525351.149011773988605 ], [ 476204.826952993636951, 5525372.364693376235664 ], [ 476200.102084215381183, 5525377.103728759102523 ], [ 476196.259520776337013, 5525380.942947297357023 ], [ 476209.692001124669332, 5525393.200452311895788 ], [ 476217.179227739979979, 5525406.577729401178658 ], [ 476226.538261009147391, 5525419.13517336640507 ], [ 476231.0157544586109, 5525425.133952329866588 ], [ 476236.111686229822226, 5525431.972560348920524 ], [ 476252.933208581467625, 5525453.028274511918426 ], [ 476275.048562967218459, 5525479.362914164550602 ], [ 476295.250881477782968, 5525501.468414647504687 ], [ 476315.040907773771323, 5525521.614314000122249 ], [ 476359.469516808283515, 5525564.135658891871572 ], [ 476370.584914911130909, 5525566.995076864026487 ], [ 476396.600553646101616, 5525634.931248631328344 ], [ 476397.746726002427749, 5525637.550715446472168 ], [ 476416.407071630761493, 5525680.132048124447465 ], [ 476434.82004193024477, 5525719.374060513451695 ], [ 476473.047776058723684, 5525797.738109713420272 ], [ 476486.71938589157071, 5525825.892378985881805 ], [ 476507.00416284496896, 5525867.703868364915252 ], [ 476520.923148006491829, 5525896.408025708049536 ], [ 476524.872907421318814, 5525904.606356958858669 ], [ 476557.551188342622481, 5525972.592518550343812 ], [ 476563.628375584317837, 5525984.979997111484408 ], [ 476586.452872579044197, 5526031.520523905754089 ], [ 476622.388261994870845, 5526106.705220256000757 ], [ 476642.203025823750068, 5526148.006813422776759 ], [ 476650.589049466711003, 5526165.493254103697836 ], [ 476654.843905120331328, 5526176.401033851318061 ], [ 476657.095020611479413, 5526182.159861656837165 ], [ 476661.885856143955607, 5526194.447360567748547 ], [ 476666.099482576188166, 5526207.654672254808247 ], [ 476674.328835177584551, 5526233.429425870068371 ], [ 476677.841564845119137, 5526251.145819744095206 ], [ 476682.582925311930012, 5526275.090945774689317 ], [ 476683.349788830906618, 5526283.469240393489599 ], [ 476685.889508872176521, 5526336.178511557169259 ], [ 476691.026669864833821, 5526421.271191162057221 ], [ 476696.963677753636148, 5526476.419965771026909 ], [ 476698.596354923036415, 5526492.376717816106975 ], [ 476700.080606895266101, 5526514.752163352444768 ], [ 476699.223039089178201, 5526547.745447652414441 ], [ 476696.683319047791883, 5526575.039891939610243 ], [ 476693.253047823207453, 5526596.635496210306883 ], [ 476687.917986567539629, 5526621.780378033407032 ], [ 476681.44499879993964, 5526644.125829674303532 ], [ 476673.471267371496651, 5526665.411497032269835 ], [ 476672.300357482279651, 5526668.510866163298488 ], [ 476663.666958510701079, 5526689.086678009480238 ], [ 476657.499066981778014, 5526701.724105694331229 ], [ 476650.27570738364011, 5526713.881631061434746 ], [ 476641.50212905916851, 5526725.829199166037142 ], [ 476667.418817662575748, 5526760.642113085836172 ], [ 476703.733515915810131, 5526809.282212518155575 ], [ 476733.583472245605662, 5526849.154096698388457 ], [ 476759.62384851340903, 5526884.036996374838054 ], [ 476761.644080364436377, 5526886.756442838348448 ], [ 476770.599067263363395, 5526898.744002802297473 ], [ 476783.676976307411678, 5526915.51059000659734 ], [ 476794.850095320260152, 5526927.9480583909899 ], [ 476808.694867883285042, 5526942.045188955962658 ], [ 476825.706044653488789, 5526954.49265530705452 ], [ 476828.715777819277719, 5526956.352276786230505 ], [ 476844.250948461645748, 5526965.920329234562814 ], [ 476864.15641657775268, 5526975.358408137224615 ], [ 476880.986184773559216, 5526981.827091454528272 ], [ 476896.092571512854192, 5526986.396161430515349 ], [ 476929.199636337230913, 5526993.234769450500607 ], [ 476951.537628518883139, 5526997.103981881402433 ], [ 476974.254929537884891, 5527002.202944000251591 ], [ 477033.344649719889276, 5527012.250898766331375 ], [ 477045.474286670563743, 5527006.9019875228405 ], [ 477074.631592079997063, 5526994.02460868190974 ], [ 477083.273236895911396, 5526989.165597720071673 ], [ 477095.468840600806288, 5526982.306993771344423 ], [ 477104.110485416662414, 5526977.4379848446697 ], [ 477120.115669183607679, 5526968.419820467941463 ], [ 477125.129142511927057, 5526965.590396391227841 ], [ 477140.705542375741061, 5526956.812183174304664 ], [ 477152.901146080694161, 5526949.943581259809434 ], [ 477182.17389331018785, 5526933.456937073729932 ], [ 477226.033539088675752, 5526907.482224158942699 ], [ 477229.488547846209258, 5526905.432641346938908 ], [ 477232.399330880492926, 5526903.712991376407444 ], [ 477236.208910942543298, 5526901.45345130097121 ], [ 477242.87155312881805, 5526901.663408564403653 ], [ 477246.11216993490234, 5526901.763388214632869 ], [ 477249.121903100633062, 5526901.853369899094105 ], [ 477252.115144577983301, 5526901.943351583555341 ], [ 477255.355761383834761, 5526902.053329196758568 ], [ 477265.160070244688541, 5526902.353268144652247 ], [ 477271.657795545179397, 5526902.553227444179356 ], [ 477277.974112271331251, 5526902.753186742775142 ], [ 477284.480083416157868, 5526902.953146040439606 ], [ 477290.961317028151825, 5526903.163103304803371 ], [ 477298.366085200512316, 5526903.393056498840451 ], [ 477299.957533148466609, 5526903.443046323023736 ], [ 477308.953749268839601, 5526903.722989342175424 ], [ 477317.949965389270801, 5526903.992934395559132 ], [ 477326.93793566536624, 5526904.272877413779497 ], [ 477335.9423976301332, 5526904.542822467163205 ], [ 477347.387629504548386, 5526904.912747170776129 ], [ 477352.368119455699343, 5526905.072714610025287 ], [ 477352.384611144429073, 5526905.072714610025287 ], [ 477353.415341680520214, 5526905.102708504535258 ], [ 477368.810332969995216, 5526905.582610819488764 ], [ 477370.3110766307218, 5526905.632600646466017 ], [ 477384.304274390859064, 5526906.06251313816756 ], [ 477385.805018051643856, 5526906.112502963282168 ], [ 477399.369431908766273, 5526906.542415455915034 ], [ 477418.169956889993045, 5526898.833984485827386 ], [ 477425.475774930906482, 5526895.83459500502795 ], [ 477438.413504622003529, 5526890.515677656047046 ], [ 477454.393950855941512, 5526883.957012655213475 ], [ 477464.140538806677796, 5526879.967824645340443 ], [ 477477.078268497658428, 5526874.648907296359539 ], [ 477488.07822478050366, 5526870.139825109392405 ], [ 477497.932008707080968, 5526866.090649307705462 ], [ 477520.740014013194013, 5526856.492602965794504 ], [ 477534.931112036341801, 5526850.503821967169642 ], [ 477543.844869713881053, 5526846.754585113376379 ], [ 477551.15068775479449, 5526843.335281103849411 ], [ 477555.248872366908472, 5526841.415671835653484 ], [ 477563.733846141316462, 5526837.426483825780451 ], [ 477576.399462970788591, 5526831.467696719802916 ], [ 477579.837980039708782, 5526829.848026399500668 ], [ 477592.099550498882309, 5526823.699277961626649 ], [ 477603.487061463412829, 5526817.990439981222153 ], [ 477629.816042281396221, 5526809.172234904952347 ], [ 477635.893229523091577, 5526807.142648021690547 ], [ 477651.88192160136532, 5526803.573374537751079 ], [ 477663.228203344449867, 5526801.043889408931136 ], [ 477672.801628565241117, 5526798.894326946698129 ], [ 477686.456746709358413, 5526795.854945603758097 ], [ 477699.63360588485375, 5526792.925541877746582 ], [ 477717.659021502709948, 5526788.906359971500933 ], [ 477721.88913962355582, 5526793.365452335216105 ], [ 477731.536777442786843, 5526803.503388782963157 ], [ 477734.983540356042795, 5526807.122652091085911 ], [ 477765.971423197886907, 5526839.696021867915988 ], [ 477779.906900047906674, 5526854.333042537793517 ], [ 477789.554537867195904, 5526864.470978987403214 ], [ 477812.197626287641469, 5526888.276133510284126 ], [ 477817.062674418732058, 5526893.385093593969941 ], [ 477818.01919235632522, 5526894.394888053648174 ], [ 477820.855762792052701, 5526897.374281604774296 ], [ 477834.494389247847721, 5526911.711363328620791 ], [ 477844.142027067020535, 5526921.849299778230488 ], [ 477855.859371803177055, 5526934.166792584583163 ], [ 477888.413965060084593, 5526968.389826574362814 ], [ 477888.776782208879013, 5526968.75975127518177 ], [ 477898.407928339554928, 5526978.89768772572279 ], [ 477898.770745488291141, 5526979.267612429335713 ], [ 477905.664271314744838, 5526986.506139045581222 ], [ 477919.006047375965863, 5526994.344543557614088 ], [ 477954.990911857632454, 5527015.530231266282499 ], [ 477959.74876401288202, 5527016.340066427364945 ], [ 477973.552307354344521, 5527018.639598363079131 ], [ 477975.679735181096476, 5527018.999525099992752 ], [ 477981.245680076885037, 5527019.93933380395174 ], [ 477985.228422868996859, 5527020.609197455458343 ], [ 477987.265146408579312, 5527020.949128263629973 ], [ 477992.022998563945293, 5527021.728969529271126 ], [ 478005.826541905349586, 5527023.98850960470736 ], [ 478009.108387932821643, 5527024.528399712406099 ], [ 478052.910312801250257, 5527032.036871382035315 ], [ 478075.347255114407744, 5527112.750442343764007 ], [ 478119.78410999319749, 5527200.992480904795229 ], [ 478122.925776667601895, 5527207.221213061362505 ], [ 478131.43548797495896, 5527224.127771773375571 ], [ 478135.442968299903441, 5527231.96617628633976 ], [ 478140.860487998405006, 5527239.464649992994964 ], [ 478146.071861589793116, 5527246.683180678635836 ], [ 478168.327395328378771, 5527266.769092243164778 ], [ 478223.088047258264851, 5527302.011918657459319 ], [ 478236.5370192953269, 5527309.57038015127182 ], [ 478248.732623000163585, 5527316.43898206576705 ], [ 478279.011363233032171, 5527333.46551635954529 ], [ 478290.827658100693952, 5527337.674659597687423 ], [ 478304.01276312029222, 5527342.373703119345009 ], [ 478314.130414064216893, 5527345.982968462631106 ], [ 478320.908498070552014, 5527348.402475978247821 ], [ 478334.077111401653383, 5527353.101519499905407 ], [ 478351.780939092335757, 5527359.400237412191927 ], [ 478359.152723887586035, 5527361.999708297662437 ], [ 478414.449355696327984, 5527381.475743999704719 ], [ 478427.642706560262013, 5527386.124797696247697 ], [ 478498.375558879983146, 5527411.029728362336755 ], [ 478500.618428526795469, 5527412.139502472244203 ], [ 478505.417509903607424, 5527414.968926548957825 ], [ 478529.008870417368598, 5527428.836103920824826 ], [ 478541.072540613589808, 5527435.924661062657833 ], [ 478552.196184560714755, 5527442.46333013381809 ], [ 478581.823503094725311, 5527471.37744474131614 ], [ 478595.214754221728072, 5527491.873272866941988 ], [ 478597.795703484443948, 5527509.199746106751263 ], [ 478599.857164556975476, 5527523.046927550807595 ], [ 478601.704233677999582, 5527535.454402042552829 ], [ 478597.391657114261761, 5527543.772708870470524 ], [ 478598.356420896190684, 5527563.648663172498345 ], [ 478596.740235415403731, 5527582.794766032136977 ], [ 478595.536342148960102, 5527591.353024020791054 ], [ 478593.878927446727175, 5527597.101853861473501 ], [ 478589.64880932593951, 5527605.410162725485861 ], [ 478586.523634340090211, 5527611.408941689878702 ], [ 478585.608345623884816, 5527612.668685272336006 ], [ 478584.734286129125394, 5527613.608493976294994 ], [ 478588.279999173828401, 5527617.477706409059465 ], [ 478610.80764577415539, 5527647.121672456152737 ], [ 478711.390454423613846, 5527738.872996709309518 ], [ 478780.688529836712405, 5527764.377805272117257 ], [ 478793.824159790587146, 5527769.216820303350687 ], [ 478836.422191392804962, 5527784.893629329279065 ], [ 478840.693538735096809, 5527786.473307790234685 ], [ 478845.665782841912005, 5527788.352925198152661 ], [ 478858.751937730121426, 5527793.291919877752662 ], [ 478930.020769928523805, 5527820.156451672315598 ], [ 478957.776281808735803, 5527830.644316894933581 ], [ 478973.064077122311573, 5527836.313163015991449 ], [ 478977.87140434345929, 5527838.092800775542855 ], [ 479013.872760513622779, 5527851.460079899989069 ], [ 479025.961168242734857, 5527858.748596341349185 ], [ 479028.74001776840305, 5527860.178305327892303 ], [ 479081.299029272864573, 5527913.907368914224207 ], [ 479115.774904249410611, 5527934.363205180503428 ], [ 479149.813749478547834, 5527974.674999820068479 ], [ 479156.006378540303558, 5527982.023504051379859 ], [ 479179.52352645539213, 5528009.857838444411755 ], [ 479456.402486025064718, 5528522.17355789989233 ], [ 479583.223571205220651, 5528654.516619810834527 ], [ 479639.616900304565206, 5528727.401784222573042 ], [ 479647.269043805601541, 5528737.279773583635688 ], [ 479649.173833836684935, 5528739.739272958599031 ], [ 479671.495334329665639, 5528763.094519059173763 ], [ 479675.098768284369726, 5528766.863751841709018 ], [ 479681.406839166244026, 5528773.462408700957894 ], [ 479684.045509339019191, 5528776.231844990514219 ], [ 479699.127158545539714, 5528803.816230260767043 ], [ 479710.539407042786479, 5528824.671985123306513 ], [ 479715.016900492308196, 5528832.880314339883626 ], [ 479724.219262720027473, 5528849.6968913692981 ], [ 479730.205745674553327, 5528860.654660942964256 ], [ 479743.382604849990457, 5528884.749756447970867 ], [ 479791.884660963609349, 5528929.290690256282687 ], [ 479801.103514879883733, 5528937.738970629870892 ], [ 479855.303449398081284, 5528987.508840102702379 ], [ 479901.455439889221452, 5529056.954704574309289 ], [ 479908.365457404288463, 5529067.362586077302694 ], [ 479935.642710315529257, 5529108.424228087067604 ], [ 479942.552727830596268, 5529118.832109589129686 ], [ 479953.536192424769979, 5529135.368743600323796 ], [ 479981.184508329199161, 5529165.372636385262012 ], [ 479985.8928854187252, 5529170.481596468947828 ], [ 480019.923484803643078, 5529207.414078957401216 ], [ 480071.954762273526285, 5529224.320637670345604 ], [ 480083.837023895408493, 5529228.179852138273418 ], [ 480131.522741424443666, 5529243.666699829511344 ], [ 480196.673157159762923, 5529281.588980846107006 ], [ 480207.475213179714046, 5529287.867702829651535 ], [ 480289.142055027827155, 5529335.398028153926134 ], [ 480295.087308760965243, 5529344.336208810098469 ], [ 480302.005572120193392, 5529354.744090313091874 ], [ 480309.426831981167197, 5529365.931813080795109 ], [ 480313.904325430805329, 5529372.670441450551152 ], [ 480320.34432982117869, 5529382.368467442691326 ], [ 480327.254347336187493, 5529392.776348943822086 ], [ 480382.402553947758861, 5529475.8094477718696 ], [ 480403.652094683086034, 5529486.71722752135247 ], [ 480414.767492785991635, 5529492.436063467524946 ], [ 480561.70843803382013, 5529567.880706903524697 ], [ 480586.503691813792102, 5529557.692780630663037 ], [ 480598.056119664164726, 5529552.943747282959521 ], [ 480627.914321838179603, 5529540.686242267489433 ], [ 480659.520643001771532, 5529569.310415889136493 ], [ 480663.709531901113223, 5529573.15963239222765 ], [ 480673.043827637389768, 5529589.276351875625551 ], [ 480679.31891514203744, 5529600.104147904552519 ], [ 480690.533263376448303, 5529619.470205993391573 ], [ 480784.51939659396885, 5529609.252285826019943 ], [ 480810.361872598761693, 5529603.97336033731699 ], [ 480815.556754501478281, 5529601.623838576488197 ], [ 480819.358088719076477, 5529599.904188605956733 ], [ 480823.233635535463691, 5529598.154544742777944 ], [ 480834.621146499877796, 5529593.005592797882855 ], [ 480844.029654834768735, 5529588.746459733694792 ], [ 480856.291225294058677, 5529583.207587156444788 ], [ 480876.914081863418687, 5529573.879485866986215 ], [ 480888.301592827891, 5529568.730533923022449 ], [ 480905.312769598094746, 5529561.022102955728769 ], [ 480935.591509830963332, 5529591.515896021388471 ], [ 480943.210669954889454, 5529592.435708795674145 ], [ 480946.896562352601904, 5529592.885617217980325 ], [ 480959.298312164726667, 5529594.395309925079346 ], [ 480965.202336676302366, 5529595.095167470164597 ], [ 480967.610123209015001, 5529603.573441739194095 ], [ 480977.942166104388889, 5529616.220867388881743 ], [ 480995.324405867781024, 5529637.47654085047543 ], [ 481001.714935192489065, 5529637.886457414366305 ], [ 481015.023727876483463, 5529638.736284432932734 ], [ 481016.879042841785122, 5529639.226184715516865 ], [ 481031.738054252404254, 5529643.135389007627964 ], [ 481037.023640442232136, 5529648.484300249256194 ], [ 481047.355683337606024, 5529680.967688340693712 ], [ 481058.108264291775413, 5529686.156632144004107 ], [ 481065.315132201241795, 5529681.517576412297785 ], [ 481067.929064841242507, 5529673.259257370606065 ], [ 481073.354830384021625, 5529669.989922835491598 ], [ 481078.994987878366373, 5529667.040523178875446 ], [ 481084.77532472560415, 5529664.291082819923759 ], [ 481091.446212756214663, 5529662.591428779996932 ], [ 481098.850980928633362, 5529661.641622111201286 ], [ 481107.171037817315664, 5529661.871575304307044 ], [ 481112.308198810031172, 5529657.12254195753485 ], [ 481117.940110460098367, 5529652.593463840894401 ], [ 481127.398093860596418, 5529651.243738573044538 ], [ 481163.918938221060671, 5529653.093362088315189 ], [ 481169.987879618536681, 5529654.483079214580357 ], [ 481168.660298687871546, 5529649.384117095731199 ], [ 481162.92943690624088, 5529627.378596262075007 ], [ 481161.700806107081007, 5529612.531618325039744 ], [ 481183.96458569006063, 5529588.186573697254062 ], [ 481184.525303101749159, 5529587.196775167249143 ], [ 481206.962245414906647, 5529554.063519356772304 ], [ 481222.200565662758891, 5529536.557082746177912 ], [ 481238.436633069824893, 5529525.659300962463021 ], [ 481246.674231515498832, 5529520.130426350980997 ], [ 481249.683964681345969, 5529498.304868886247277 ], [ 481268.591685638297349, 5529483.607860425487161 ], [ 481272.896016357641201, 5529480.258542168885469 ], [ 481273.176375063543674, 5529471.370351338759065 ], [ 481273.522700523782987, 5529460.002665202133358 ], [ 481273.860780139570124, 5529448.894926153123379 ], [ 481273.951484426856041, 5529446.015512250363827 ], [ 481274.141138845530804, 5529440.006735322065651 ], [ 481274.20710559975123, 5529438.127117913216352 ], [ 481274.413251707097515, 5529431.118544490076602 ], [ 481272.417757388902828, 5529415.961629640311003 ], [ 481274.520447682822123, 5529395.235848319716752 ], [ 481280.350259595899843, 5529389.407034760341048 ], [ 481296.25649323122343, 5529373.510270505212247 ], [ 481310.678474894491956, 5529359.083207095973194 ], [ 481335.498466207413003, 5529327.709593115374446 ], [ 481362.849931717326399, 5529308.873427168466151 ], [ 481365.777206440223381, 5529300.955038935877383 ], [ 481366.824428665044252, 5529298.125614858232439 ], [ 481371.227709516009782, 5529286.248032509349287 ], [ 481376.068020114209503, 5529298.04563113860786 ], [ 481377.64297637360869, 5529301.864853744395077 ], [ 481381.658702542888932, 5529311.64286345615983 ], [ 481399.692364005022682, 5529289.357399605214596 ], [ 481406.833265160268638, 5529280.529196563176811 ], [ 481405.456209163705353, 5529279.479410245083272 ], [ 481405.266554745088797, 5529278.559597469866276 ], [ 481401.86926689761458, 5529266.382076173089445 ], [ 481421.667539037938695, 5529254.434508070349693 ], [ 481422.203518916678149, 5529254.114573190920055 ], [ 481422.376681646856014, 5529254.004595576785505 ], [ 481428.857915258791763, 5529250.085393321700394 ], [ 481429.121782276139129, 5529249.955419776029885 ], [ 481429.847416573495138, 5529249.485515424050391 ], [ 481443.766401735076215, 5529238.067839463241398 ], [ 481458.064695733948611, 5529241.837072245776653 ], [ 481460.324057069374248, 5529242.446948106400669 ], [ 481464.339783238596283, 5529240.987245225347579 ], [ 481476.428190967824776, 5529236.618134546093643 ], [ 481483.799975763133261, 5529230.549369828775525 ], [ 481488.945382599951699, 5529226.310232693329453 ], [ 481493.571301246643998, 5529222.50100805144757 ], [ 481509.147701110458001, 5529209.68361699860543 ], [ 481510.631953082629479, 5529205.844398462213576 ], [ 481529.448969752527773, 5529157.254288854077458 ], [ 481531.559905890724622, 5529151.815395925194025 ], [ 481554.475107172562275, 5529144.036979204043746 ], [ 481558.424866587563884, 5529142.64726207498461 ], [ 481564.056778237631079, 5529138.848035397939384 ], [ 481589.388011896517128, 5529124.460963848978281 ], [ 481616.57456052058842, 5529116.142657020129263 ], [ 481618.339171198604163, 5529112.253448657691479 ], [ 481619.229722381976899, 5529110.293847530148923 ], [ 481628.53103474114323, 5529089.818015332333744 ], [ 481629.421585924457759, 5529087.868412168696523 ], [ 481636.686174743925221, 5529071.841674369759858 ], [ 481640.339083764411043, 5529063.803310558199883 ], [ 481642.153169508208521, 5529059.784128653816879 ], [ 481629.875107360363472, 5529029.710250114090741 ], [ 481631.301638422592077, 5529028.230551301501691 ], [ 481646.853300753573421, 5529011.983858276158571 ], [ 481652.287312140630092, 5529006.295016223564744 ], [ 481662.182325288536958, 5528995.977116405032575 ], [ 481703.197154787078034, 5528982.229914613999426 ], [ 481712.350041948957369, 5528945.627364967949688 ], [ 481731.843217850488145, 5528920.192542160861194 ], [ 481735.68578128964873, 5528909.784660658799112 ], [ 481745.316927420441061, 5528883.749959954991937 ], [ 481759.260650114738382, 5528881.570403599180281 ], [ 481759.05450400756672, 5528880.59060303401202 ], [ 481794.726026406162418, 5528877.821166744455695 ], [ 481820.354110459389631, 5528858.795039464719594 ], [ 481855.250523494614754, 5528792.988434230908751 ], [ 481875.469333693792578, 5528771.672772976569831 ], [ 481879.443830641452223, 5528730.601133001968265 ], [ 481897.807325875328388, 5528708.755579610355198 ], [ 481886.46104413230205, 5528677.721896435134113 ], [ 481883.706932139466517, 5528672.293001473881304 ], [ 481875.312662652228028, 5528655.486422408372164 ], [ 481872.632763258006889, 5528646.828184771351516 ], [ 481852.76852436340414, 5528602.14727945625782 ], [ 481865.970121071615722, 5528568.674092834815383 ], [ 481869.870405420835596, 5528558.736115684732795 ], [ 481872.764696766622365, 5528538.280279417522252 ], [ 481875.155991610779893, 5528520.913814317435026 ], [ 481875.20546667650342, 5528520.513895719312131 ], [ 481875.906363441084977, 5528515.454925458878279 ], [ 481870.241468413849361, 5528509.266185161657631 ], [ 481866.506100950588007, 5528505.177017501555383 ], [ 481860.882435144740157, 5528499.038267027586699 ], [ 481856.578104425396305, 5528480.172107186168432 ], [ 481847.400479730626103, 5528440.060271847061813 ], [ 481841.653126260382123, 5528415.8851926214993 ], [ 481835.905772790312767, 5528389.790504129603505 ], [ 481849.808266263338737, 5528345.25956828519702 ], [ 481850.006166526174638, 5528344.569708704948425 ], [ 481857.847964445943944, 5528340.350567501038313 ], [ 481860.329963577270973, 5528339.01084019895643 ], [ 481866.077317047398537, 5528335.96146089117974 ], [ 481873.399626776925288, 5528332.032260671257973 ], [ 481881.406341582536697, 5528327.743133711628616 ], [ 481882.560759783198591, 5528327.133257849141955 ], [ 481884.820121118624229, 5528325.913506127893925 ], [ 481886.691927772422787, 5528323.214055593125522 ], [ 481911.083135182212573, 5528287.681288197636604 ], [ 481939.168480833934154, 5528246.759617697447538 ], [ 481947.983288379968144, 5528233.912232749164104 ], [ 481949.145952424849384, 5528230.662894144654274 ], [ 481956.682654105883557, 5528209.477206435054541 ], [ 481957.837072306603659, 5528206.237865795381367 ], [ 481958.925523752870504, 5528203.178488524630666 ], [ 481960.937509759678505, 5528197.529638333246112 ], [ 481968.482457284932025, 5528176.343950625509024 ], [ 481971.780795000959188, 5528167.075837125070393 ], [ 481991.001858040865045, 5528098.489797637797892 ], [ 481995.297942916047759, 5528081.153326432220638 ], [ 482013.64494646131061, 5528058.347968402318656 ], [ 482030.449977124284487, 5527994.360992787405849 ], [ 482038.415462708449923, 5527938.98226498439908 ], [ 482031.159119733201806, 5527891.481933552771807 ], [ 482008.326376894314308, 5527829.674514294601977 ], [ 482001.737947306595743, 5527805.409453386440873 ], [ 482006.734928946243599, 5527719.406958972103894 ], [ 482006.09175309172133, 5527672.026603121310472 ], [ 481991.23274168104399, 5527615.258158192038536 ], [ 481988.701267484051641, 5527613.228571308776736 ], [ 481951.644443244847935, 5527583.574607296846807 ], [ 481947.628717075567693, 5527580.345264622010291 ], [ 481932.613034623442218, 5527568.26772297360003 ], [ 481862.432653871248476, 5527531.26525473035872 ], [ 481790.974167254171334, 5527498.231978570111096 ], [ 481717.883003467519302, 5527436.514540995471179 ], [ 481666.338230810768437, 5527385.125001202337444 ], [ 481633.618720668077003, 5527357.690585408359766 ], [ 481628.564018118311651, 5527353.44145030900836 ], [ 481591.325785304652527, 5527321.797891273163259 ], [ 481504.917582989728544, 5527233.25591376516968 ], [ 481454.230378139123786, 5527184.745787875726819 ], [ 481395.379787441401277, 5527101.342764346860349 ], [ 481382.615220480482094, 5527074.93813893944025 ], [ 481379.151965878729243, 5527056.211950605735183 ], [ 481378.03053105523577, 5527050.20317367836833 ], [ 481360.227753233106341, 5526957.392065139487386 ], [ 481369.405377927876543, 5526879.098001695238054 ], [ 481366.568807492032647, 5526809.582151467911899 ], [ 481353.276506496593356, 5526741.885930857621133 ], [ 481328.580202848068438, 5526687.337034146301448 ], [ 481327.087705031619407, 5526684.077697576023638 ], [ 481324.193413685774431, 5526677.778979662805796 ], [ 481271.494222828419879, 5526577.239444226026535 ], [ 481281.00168129481608, 5526520.291035928763449 ], [ 481285.23179941548733, 5526494.986186666414142 ], [ 481255.431318151473533, 5526484.09840284474194 ], [ 481228.846716160478536, 5526480.359163958579302 ], [ 481206.574690733163152, 5526477.23979889601469 ], [ 481203.845316273276694, 5526476.859876228496432 ], [ 481184.080027510062791, 5526438.277729526162148 ], [ 481181.944353838975076, 5526436.478095836006105 ], [ 481164.735276805760805, 5526422.001042602583766 ], [ 481100.392953810864128, 5526367.802074663341045 ], [ 481091.602883797779214, 5526361.95326517149806 ], [ 481072.884817259502597, 5526349.495800857432187 ], [ 481023.723093602573499, 5526316.792457539588213 ], [ 481017.786085713771172, 5526312.75327970366925 ], [ 480991.119025279884227, 5526307.204409162513912 ], [ 480969.10262102552224, 5526302.615343254059553 ], [ 480959.108657746051904, 5526300.535766548477113 ], [ 480892.399777439888567, 5526273.591251033358276 ], [ 480859.119549885450397, 5526261.783654438331723 ], [ 480837.919484215904959, 5526254.255186839960515 ], [ 480825.402292583778035, 5526249.806092441082001 ], [ 480817.478036220942158, 5526247.00666225887835 ], [ 480809.933088695630431, 5526240.108066448941827 ], [ 480793.309466606995557, 5526224.951151601038873 ], [ 480785.888206746079959, 5526218.172531371004879 ], [ 480708.303057821351103, 5526161.134141388349235 ], [ 480695.794112033443525, 5526143.697690533474088 ], [ 480682.674973768123891, 5526125.4214106220752 ], [ 480658.712550261290744, 5526092.018209758214653 ], [ 480637.265109263011254, 5526062.094300692901015 ], [ 480586.61088778951671, 5525996.457660862244666 ], [ 480576.641662042937241, 5525982.130577102303505 ], [ 480563.802882483461872, 5525963.664335858076811 ], [ 480545.917646218498703, 5525937.959567998535931 ], [ 480536.212287489091977, 5525924.352337714284658 ], [ 480527.405725787393749, 5525911.994853049516678 ], [ 480526.234815898234956, 5525910.345188832841814 ], [ 480522.285056483291555, 5525904.826312187127769 ], [ 480474.838468438654672, 5525838.309851440601051 ], [ 480472.76876152184559, 5525834.34065935947001 ], [ 480462.329522650805302, 5525814.424713199958205 ], [ 480459.220839353336487, 5525808.485922024585307 ], [ 480423.879150726366788, 5525774.822774072177708 ], [ 480368.821648402081337, 5525740.12983572948724 ], [ 480335.788796176319011, 5525701.737650360912085 ], [ 480314.366092710988596, 5525645.489099607802927 ], [ 480309.501044579898007, 5525631.261995498090982 ], [ 480292.275475858012214, 5525580.942237953655422 ], [ 480293.660777698794845, 5525574.243601445108652 ], [ 480295.021342006628402, 5525567.644944586791098 ], [ 480297.96510841808049, 5525553.377848614938557 ], [ 480302.516814466158394, 5525531.362329817377031 ], [ 480307.035537137126084, 5525509.456788633950055 ], [ 480315.347348181414418, 5525491.220500585623085 ], [ 480349.262505746155512, 5525417.375531537458301 ], [ 480352.016617739049252, 5525412.586506330408156 ], [ 480363.239211817854084, 5525393.100472663529217 ], [ 480365.144001848762855, 5525389.791146268136799 ], [ 480373.26615847449284, 5525344.100446492433548 ], [ 480361.631272181228269, 5525310.997184575535357 ], [ 480360.52632904634811, 5525304.468513469211757 ], [ 480356.774469894357026, 5525282.293027232401073 ], [ 480356.131294039892964, 5525278.503798519261181 ], [ 480385.923529459571, 5525226.554372691549361 ], [ 480406.538140184537042, 5525196.210549099370837 ], [ 480403.899470011820085, 5525188.672083534300327 ], [ 480396.486455995065626, 5525167.446403966285288 ], [ 480393.592164649220649, 5525159.148093067109585 ], [ 480393.03144723753212, 5525157.548418675549328 ], [ 480383.680659812700469, 5525130.783866532146931 ], [ 480380.736893401131965, 5525125.344973605126143 ], [ 480364.979084962978959, 5525096.110924119129777 ], [ 480359.429631755803712, 5525085.823018195107579 ], [ 480348.751263400306925, 5525066.027047616429627 ], [ 480342.566880182770547, 5525054.559381829574704 ], [ 480319.7753665651544, 5525033.343700226396322 ], [ 480318.439539790211711, 5525031.294117414392531 ], [ 480309.352619382552803, 5525017.276970568113029 ], [ 480306.202706863812637, 5525012.427957572042942 ], [ 480303.951591372664552, 5525008.958663738332689 ], [ 480313.327116330445278, 5524997.051087494939566 ], [ 480327.246101491968147, 5524979.374685481190681 ], [ 480383.029238113726024, 5524908.519107948988676 ], [ 480407.337987080623861, 5524870.896765881218016 ], [ 480476.372195476666093, 5524797.231760202907026 ], [ 480482.210253233963158, 5524788.793477794155478 ], [ 480488.74920775584178, 5524779.335402960889041 ], [ 480501.555003938323352, 5524760.849165786057711 ], [ 480508.399054698937107, 5524750.951180496253073 ], [ 480510.419286549964454, 5524748.031774732284248 ], [ 480515.746101961412933, 5524740.33334173168987 ], [ 480517.40351666364586, 5524675.696498392149806 ], [ 480519.217602407443337, 5524605.070874055847526 ], [ 480519.37427344894968, 5524599.062097128480673 ], [ 480516.042952355812304, 5524571.127783085219562 ], [ 480509.297851726529188, 5524538.934335978701711 ], [ 480504.680178924172651, 5524516.908819215372205 ], [ 480496.351876191212796, 5524477.166908578947186 ], [ 480475.597086113353726, 5524428.676778621040285 ], [ 480474.937418570101727, 5524427.127094055525959 ], [ 480473.370708155038301, 5524425.707383032888174 ], [ 480453.88577809772687, 5524408.070972878485918 ], [ 480437.220926787587814, 5524392.964047853834927 ], [ 480421.908393941121176, 5524379.086872518062592 ], [ 480404.658087686519139, 5524312.030521664768457 ], [ 480399.050913569342811, 5524290.254954025149345 ], [ 480381.173923148482572, 5524220.799091588705778 ], [ 480405.936193551344331, 5524191.924968840554357 ], [ 480420.572567166236695, 5524174.848444724455476 ], [ 480444.436040541331749, 5524146.994114400818944 ], [ 480525.509181600646116, 5524120.819442187435925 ], [ 480565.946801998885348, 5524098.693945775739849 ], [ 480585.679107384756207, 5524087.906141607090831 ], [ 480610.086806483159307, 5524074.568856376223266 ], [ 480645.214103158679791, 5524041.215645334683359 ], [ 480650.565656102902722, 5524036.116683216765523 ], [ 480666.875936108524911, 5524020.629835523664951 ], [ 480669.316706018231343, 5524018.300309694372118 ], [ 480671.279216959315818, 5524016.44068821426481 ], [ 480671.147283450700343, 5524011.831626376137137 ], [ 480670.281469800218474, 5523982.29763794504106 ], [ 480670.190765513107181, 5523979.138281023129821 ], [ 480669.885669274313841, 5523968.850375100038946 ], [ 480669.102314066782128, 5523941.875865692272782 ], [ 480668.434400679252576, 5523919.400440507568419 ], [ 480667.535603651660495, 5523888.586712561547756 ], [ 480666.331710385275073, 5523853.753802710212767 ], [ 480665.317471537564415, 5523824.929669789038599 ], [ 480664.50937879725825, 5523801.734391128644347 ], [ 480663.717777745332569, 5523778.899039205163717 ], [ 480662.926176693523303, 5523756.083683212287724 ], [ 480662.14282148599159, 5523733.598260060884058 ], [ 480661.969658755871933, 5523728.589279627427459 ], [ 480661.829479402978905, 5523724.690073299221694 ], [ 480661.590349918580614, 5523717.581520228646696 ], [ 480661.120336794119794, 5523703.564373381435871 ], [ 480649.922480248205829, 5523702.85451787058264 ], [ 480646.830288639466744, 5523702.664556537754834 ], [ 480643.738097030785866, 5523702.474595203064382 ], [ 480636.968258868611883, 5523691.886750332079828 ], [ 480624.59124658931978, 5523643.386622407473624 ], [ 480619.025301693589427, 5523621.591058838181198 ], [ 480613.376898354908917, 5523599.455564462579787 ], [ 480607.019352407427505, 5523574.540635831654072 ], [ 480606.648289414239116, 5523573.080932949669659 ], [ 480561.089999712014105, 5523570.721413224935532 ], [ 480551.755703975853976, 5523560.74344421364367 ], [ 480404.765283662185539, 5523603.914656824432313 ], [ 480173.411630417627748, 5523675.140159057453275 ], [ 480000.619963320670649, 5523727.47950551752001 ], [ 479961.419219566043466, 5523731.30872609000653 ], [ 479801.763182423135731, 5523730.828823773190379 ], [ 479774.766288217622787, 5523726.049796532839537 ], [ 479600.770727854396682, 5523660.203199437819421 ], [ 479576.511453953222372, 5523652.914682995527983 ], [ 479551.411103934398852, 5523650.405193797312677 ], [ 479510.305570148746483, 5523651.594951623119414 ], [ 479465.019393308146391, 5523654.584343141876161 ], [ 479358.301676506875083, 5523660.593120069243014 ], [ 478861.959571158862673, 5523688.407458532601595 ], [ 478409.287457170721609, 5523714.622122606262565 ], [ 477905.606550404743757, 5523939.44636021181941 ], [ 477800.669935970217921, 5523985.946895146742463 ], [ 477725.368885913921986, 5524017.980374814942479 ], [ 477716.718995253671892, 5524018.090352429077029 ], [ 477616.433036998671014, 5524019.330100080929697 ], [ 477604.336383425281383, 5524019.180130607448518 ], [ 477591.926387768820859, 5524017.520468427799642 ], [ 477577.553881171392277, 5524014.191146104596555 ], [ 477564.550184726074804, 5524008.442316262051463 ], [ 477555.916785754438024, 5524002.083610561676323 ], [ 477551.991763872443698, 5523997.704501916654408 ], [ 477543.663461139425635, 5523988.166443363763392 ], [ 477508.412476799741853, 5524020.839792788028717 ], [ 477439.36177671526093, 5524088.855948274955153 ], [ 477418.912082876078784, 5524070.209743661805987 ], [ 477401.224746874009725, 5524047.854294055141509 ], [ 477394.050862341711763, 5524041.765533407218754 ], [ 477385.326759082905483, 5524038.056288414634764 ], [ 477374.813307613192592, 5524036.866530587896705 ], [ 477364.778115112159867, 5524036.746555007994175 ], [ 477356.045766009192448, 5524038.776141890324652 ], [ 477347.321662750211544, 5524042.845313621684909 ], [ 477338.828443131526001, 5524048.694123109802604 ], [ 477332.132817568082828, 5524055.152808461338282 ], [ 477326.641085271025077, 5524061.841447007842362 ], [ 477309.1928787532961, 5524084.916750086471438 ], [ 477300.345087830151897, 5524090.895533122122288 ], [ 477291.027283782430459, 5524093.275048778392375 ], [ 477282.179492859344464, 5524092.2052665296942 ], [ 477273.694519084878266, 5524089.375842452049255 ], [ 477267.526627555955201, 5524085.546621878631413 ] ] ] ] } },
{ "type": "Feature", "properties": { "StatBez": 910, "stat_Bez_1": "Kranichstein-Süd" }, "geometry": { "type": "MultiPolygon", "coordinates": [ [ [ [ 476562.92747881973628, 5527833.93364735879004 ], [ 476568.880978397210129, 5527822.615951047278941 ], [ 476576.252763192402199, 5527808.578808270394802 ], [ 476576.516630209749565, 5527808.088907990604639 ], [ 476577.011380867101252, 5527807.149099284783006 ], [ 476593.329906717000995, 5527776.105418146587908 ], [ 476612.757115864253137, 5527769.006863038986921 ], [ 476714.139771409681998, 5527731.97440090123564 ], [ 476750.066914981231093, 5527684.274110172875226 ], [ 476869.103923151735216, 5527648.271438424475491 ], [ 476874.125642324332148, 5527646.851727402769029 ], [ 476877.143621334456839, 5527657.669525466859341 ], [ 476882.594124410243239, 5527671.236763890832663 ], [ 476887.351976565434597, 5527680.434891636483371 ], [ 476925.662169136863668, 5527748.231091894209385 ], [ 476928.894540098495781, 5527741.812398402020335 ], [ 476929.743862060422543, 5527740.222721976228058 ], [ 476931.211622343980707, 5527737.383299933746457 ], [ 476933.924505115428474, 5527732.184358164668083 ], [ 476937.008450879831798, 5527726.275560886599123 ], [ 476937.849526997422799, 5527724.66588853020221 ], [ 476940.933472761942539, 5527721.286576381884515 ], [ 476945.171836727065966, 5527716.667516578920186 ], [ 476949.410200692072976, 5527712.028460845351219 ], [ 476953.656810501473956, 5527707.379407149739563 ], [ 476957.886928622086998, 5527702.73035345133394 ], [ 476963.650773780827876, 5527696.4416335048154 ], [ 476965.563809656130616, 5527694.092111743986607 ], [ 476970.766937403124757, 5527687.733406042680144 ], [ 476974.939334613911342, 5527682.624445958063006 ], [ 476976.522536717588082, 5527680.684840759262443 ], [ 476979.862103654944804, 5527678.345316963270307 ], [ 476985.230148287781049, 5527674.576084180735052 ], [ 476990.614684609114192, 5527670.79685343336314 ], [ 476995.999220930563752, 5527667.027620650827885 ], [ 476996.955738868215121, 5527666.357757000252604 ], [ 477017.56210374890361, 5527665.927844508551061 ], [ 477024.867921789817046, 5527665.767877069301903 ], [ 477032.14075645362027, 5527665.617907594889402 ], [ 477042.044015445979312, 5527665.407950331456959 ], [ 477049.621946348343045, 5527665.247982891276479 ], [ 477059.970480932388455, 5527646.051890207454562 ], [ 477077.171312121325172, 5527638.183491799049079 ], [ 477113.964269343297929, 5527621.34691883996129 ], [ 477155.102786506118719, 5527602.540746788494289 ], [ 477166.564510069147218, 5527593.062676025554538 ], [ 477171.883079636259936, 5527586.304051726125181 ], [ 477187.566675475856755, 5527593.052678060717881 ], [ 477202.969912609492894, 5527585.544206391088665 ], [ 477217.787694798607845, 5527578.32567570451647 ], [ 477267.205039628664963, 5527571.836996457539499 ], [ 477277.487607458198909, 5527570.477273225784302 ], [ 477287.638241779292002, 5527569.147543888539076 ], [ 477291.843622367130592, 5527554.520521180704236 ], [ 477359.245153593656141, 5527535.974296217784286 ], [ 477419.728421460778918, 5527520.167513647116721 ], [ 477429.755368117417675, 5527514.048759104683995 ], [ 477441.72008818219183, 5527506.760242664255202 ], [ 477454.171313060098328, 5527499.171787273138762 ], [ 477453.511645516846329, 5527498.591905307024717 ], [ 477449.644344544911291, 5527495.232589087449014 ], [ 477455.350468793592881, 5527490.653521144762635 ], [ 477466.276212477823719, 5527481.905301821418107 ], [ 477480.582752321031876, 5527470.457631966099143 ], [ 477498.979230931901839, 5527455.720631645061076 ], [ 477503.464970225642901, 5527452.121364266611636 ], [ 477505.138876616605558, 5527450.781636964529753 ], [ 477509.21232369588688, 5527447.522300392389297 ], [ 477520.129821535781957, 5527438.764083107933402 ], [ 477524.343447968014516, 5527435.394768921658397 ], [ 477565.407752532220911, 5527402.471470373682678 ], [ 477630.541676578926854, 5527350.272095422260463 ], [ 477632.487695831281599, 5527348.712412890978158 ], [ 477636.676584730739705, 5527345.353096672333777 ], [ 477647.594082570634782, 5527336.604877348057926 ], [ 477648.410421155334916, 5527335.945011662319303 ], [ 477660.45759966300102, 5527311.489989419467747 ], [ 477674.970285613380838, 5527278.556692907586694 ], [ 477680.610443107783794, 5527265.749299818649888 ], [ 477700.482927846664097, 5527220.638482009992003 ], [ 477702.395963721908629, 5527216.289367261342704 ], [ 477708.984393309685402, 5527201.722332343459129 ], [ 477714.748238468484487, 5527188.964929080568254 ], [ 477718.434130866022315, 5527180.816587654873729 ], [ 477720.56155869277427, 5527168.959001234732568 ], [ 477720.314183364156634, 5527163.940022834576666 ], [ 477720.108037256926764, 5527159.80086534935981 ], [ 477719.91013699391624, 5527156.011636637151241 ], [ 477719.778203485242557, 5527153.402167787775397 ], [ 477719.547319845180027, 5527148.773110020905733 ], [ 477719.250469450722449, 5527142.844316811300814 ], [ 477718.162018004397396, 5527123.278299423865974 ], [ 477717.386908641143236, 5527109.311142403632402 ], [ 477715.927394201920833, 5527082.896519032306969 ], [ 477760.240561416372657, 5527034.516366686671972 ], [ 477793.743426766595803, 5527051.332943716086447 ], [ 477806.260618398839142, 5527057.611665697768331 ], [ 477858.40733768872451, 5527083.776339947246015 ], [ 477924.860596821818035, 5527058.241537490859628 ], [ 477937.922014177253004, 5527053.212561124935746 ], [ 477962.610071981500369, 5527043.714494431391358 ], [ 477980.80865032953443, 5527036.735914903692901 ], [ 477987.265146408579312, 5527020.949128263629973 ], [ 477985.228422868996859, 5527020.609197455458343 ], [ 477981.245680076885037, 5527019.93933380395174 ], [ 477975.679735181096476, 5527018.999525099992752 ], [ 477973.552307354344521, 5527018.639598363079131 ], [ 477959.74876401288202, 5527016.340066427364945 ], [ 477954.990911857632454, 5527015.530231266282499 ], [ 477919.006047375965863, 5526994.344543557614088 ], [ 477905.664271314744838, 5526986.506139045581222 ], [ 477898.770745488291141, 5526979.267612429335713 ], [ 477898.407928339554928, 5526978.89768772572279 ], [ 477888.776782208879013, 5526968.75975127518177 ], [ 477888.413965060084593, 5526968.389826574362814 ], [ 477855.859371803177055, 5526934.166792584583163 ], [ 477844.142027067020535, 5526921.849299778230488 ], [ 477834.494389247847721, 5526911.711363328620791 ], [ 477820.855762792052701, 5526897.374281604774296 ], [ 477818.01919235632522, 5526894.394888053648174 ], [ 477817.062674418732058, 5526893.385093593969941 ], [ 477812.197626287641469, 5526888.276133510284126 ], [ 477789.554537867195904, 5526864.470978987403214 ], [ 477779.906900047906674, 5526854.333042537793517 ], [ 477765.971423197886907, 5526839.696021867915988 ], [ 477734.983540356042795, 5526807.122652091085911 ], [ 477731.536777442786843, 5526803.503388782963157 ], [ 477721.88913962355582, 5526793.365452335216105 ], [ 477717.659021502709948, 5526788.906359971500933 ], [ 477699.63360588485375, 5526792.925541877746582 ], [ 477686.456746709358413, 5526795.854945603758097 ], [ 477672.801628565241117, 5526798.894326946698129 ], [ 477663.228203344449867, 5526801.043889408931136 ], [ 477651.88192160136532, 5526803.573374537751079 ], [ 477635.893229523091577, 5526807.142648021690547 ], [ 477629.816042281396221, 5526809.172234904952347 ], [ 477603.487061463412829, 5526817.990439981222153 ], [ 477592.099550498882309, 5526823.699277961626649 ], [ 477579.837980039708782, 5526829.848026399500668 ], [ 477576.399462970788591, 5526831.467696719802916 ], [ 477563.733846141316462, 5526837.426483825780451 ], [ 477555.248872366908472, 5526841.415671835653484 ], [ 477551.15068775479449, 5526843.335281103849411 ], [ 477543.844869713881053, 5526846.754585113376379 ], [ 477534.931112036341801, 5526850.503821967169642 ], [ 477520.740014013194013, 5526856.492602965794504 ], [ 477497.932008707080968, 5526866.090649307705462 ], [ 477488.07822478050366, 5526870.139825109392405 ], [ 477477.078268497658428, 5526874.648907296359539 ], [ 477464.140538806677796, 5526879.967824645340443 ], [ 477454.393950855941512, 5526883.957012655213475 ], [ 477438.413504622003529, 5526890.515677656047046 ], [ 477425.475774930906482, 5526895.83459500502795 ], [ 477418.169956889993045, 5526898.833984485827386 ], [ 477399.369431908766273, 5526906.542415455915034 ], [ 477385.805018051643856, 5526906.112502963282168 ], [ 477384.304274390859064, 5526906.06251313816756 ], [ 477370.3110766307218, 5526905.632600646466017 ], [ 477368.810332969995216, 5526905.582610819488764 ], [ 477353.415341680520214, 5526905.102708504535258 ], [ 477352.384611144429073, 5526905.072714610025287 ], [ 477352.368119455699343, 5526905.072714610025287 ], [ 477347.387629504548386, 5526904.912747170776129 ], [ 477335.9423976301332, 5526904.542822467163205 ], [ 477326.93793566536624, 5526904.272877413779497 ], [ 477317.949965389270801, 5526903.992934395559132 ], [ 477308.953749268839601, 5526903.722989342175424 ], [ 477299.957533148466609, 5526903.443046323023736 ], [ 477298.366085200512316, 5526903.393056498840451 ], [ 477290.961317028151825, 5526903.163103304803371 ], [ 477284.480083416157868, 5526902.953146040439606 ], [ 477277.974112271331251, 5526902.753186742775142 ], [ 477271.657795545179397, 5526902.553227444179356 ], [ 477265.160070244688541, 5526902.353268144652247 ], [ 477255.355761383834761, 5526902.053329196758568 ], [ 477252.115144577983301, 5526901.943351583555341 ], [ 477249.121903100633062, 5526901.853369899094105 ], [ 477246.11216993490234, 5526901.763388214632869 ], [ 477242.87155312881805, 5526901.663408564403653 ], [ 477236.208910942543298, 5526901.45345130097121 ], [ 477232.399330880492926, 5526903.712991376407444 ], [ 477229.488547846209258, 5526905.432641346938908 ], [ 477226.033539088675752, 5526907.482224158942699 ], [ 477182.17389331018785, 5526933.456937073729932 ], [ 477152.901146080694161, 5526949.943581259809434 ], [ 477140.705542375741061, 5526956.812183174304664 ], [ 477125.129142511927057, 5526965.590396391227841 ], [ 477120.115669183607679, 5526968.419820467941463 ], [ 477104.110485416662414, 5526977.4379848446697 ], [ 477095.468840600806288, 5526982.306993771344423 ], [ 477083.273236895911396, 5526989.165597720071673 ], [ 477074.631592079997063, 5526994.02460868190974 ], [ 477045.474286670563743, 5527006.9019875228405 ], [ 477033.344649719889276, 5527012.250898766331375 ], [ 476974.254929537884891, 5527002.202944000251591 ], [ 476951.537628518883139, 5526997.103981881402433 ], [ 476929.199636337230913, 5526993.234769450500607 ], [ 476896.092571512854192, 5526986.396161430515349 ], [ 476880.986184773559216, 5526981.827091454528272 ], [ 476864.15641657775268, 5526975.358408137224615 ], [ 476844.250948461645748, 5526965.920329234562814 ], [ 476828.715777819277719, 5526956.352276786230505 ], [ 476825.706044653488789, 5526954.49265530705452 ], [ 476808.694867883285042, 5526942.045188955962658 ], [ 476794.850095320260152, 5526927.9480583909899 ], [ 476783.676976307411678, 5526915.51059000659734 ], [ 476770.599067263363395, 5526898.744002802297473 ], [ 476761.644080364436377, 5526886.756442838348448 ], [ 476759.62384851340903, 5526884.036996374838054 ], [ 476733.583472245605662, 5526849.154096698388457 ], [ 476703.733515915810131, 5526809.282212518155575 ], [ 476667.418817662575748, 5526760.642113085836172 ], [ 476641.50212905916851, 5526725.829199166037142 ], [ 476631.64009928831365, 5526739.006516955792904 ], [ 476620.178375725168735, 5526753.94347657635808 ], [ 476613.482750161667354, 5526762.091818002052605 ], [ 476606.778878753888421, 5526769.540301882661879 ], [ 476599.110243564238772, 5526777.688643308356404 ], [ 476590.081044066697359, 5526786.766795473173261 ], [ 476580.656044043251313, 5526795.355047358199954 ], [ 476571.181568953965325, 5526803.383413204923272 ], [ 476560.02494162961375, 5526812.151628457941115 ], [ 476550.468008097610436, 5526819.110212054103613 ], [ 476498.296551274717785, 5526861.881506069563329 ], [ 476483.726144414220471, 5526873.829074172303081 ], [ 476477.921070034150034, 5526878.588105482049286 ], [ 476400.311183576588519, 5526929.407761271111667 ], [ 476380.850991052226163, 5526942.155166571959853 ], [ 476359.683908759790938, 5526956.212305276654661 ], [ 476332.126297142647672, 5526974.518579083494842 ], [ 476317.1848272891948, 5526984.446558266878128 ], [ 476289.660199049161747, 5527008.821596790105104 ], [ 476267.363436089013703, 5527030.497184782288969 ], [ 476251.102631149115041, 5527049.573301887139678 ], [ 476237.266104430542327, 5527067.839583831839263 ], [ 476231.477521738852374, 5527075.847953748889267 ], [ 476225.796135023119859, 5527084.386215806938708 ], [ 476219.463326608296484, 5527094.374182783067226 ], [ 476213.229468325094786, 5527104.722076495178044 ], [ 476203.515863751468714, 5527122.848386932164431 ], [ 476192.755036953021772, 5527145.583759205415845 ], [ 476183.618641479697544, 5527168.209153864532709 ], [ 476173.509236380225047, 5527202.022271292284131 ], [ 476166.53325211093761, 5527233.815799800679088 ], [ 476162.146462948585395, 5527265.339383257552981 ], [ 476160.835373706417158, 5527294.04354059882462 ], [ 476161.44556618394563, 5527331.865841967985034 ], [ 476165.354096377384849, 5527365.01909370906651 ], [ 476170.161423598474357, 5527390.193969427607954 ], [ 476177.195128777762875, 5527391.423719115555286 ], [ 476179.223606473125983, 5527398.232333239167929 ], [ 476184.558667728793807, 5527416.148686412721872 ], [ 476259.719538432196714, 5527500.711473874747753 ], [ 476281.257683717587497, 5527524.816567346453667 ], [ 476333.907399509218521, 5527583.714578805491328 ], [ 476418.880824917694554, 5527679.675046300515532 ], [ 476432.247338511748239, 5527695.161893993616104 ], [ 476459.557574800332077, 5527726.775459132157266 ], [ 476473.179709567397367, 5527741.212520505301654 ], [ 476530.801669465843588, 5527798.870784314349294 ], [ 476537.332378143561073, 5527805.999333317391574 ], [ 476538.791892582899891, 5527807.589009743183851 ], [ 476551.243117460748181, 5527821.186242062598467 ], [ 476562.92747881973628, 5527833.93364735879004 ] ] ] ] } },
{ "type": "Feature", "properties": { "StatBez": 620, "stat_Bez_1": "Arheilgen-Süd" }, "geometry": { "type": "MultiPolygon", "coordinates": [ [ [ [ 475805.670368447550572, 5527311.439999595284462 ], [ 475779.126995678059757, 5527312.769728932529688 ], [ 475739.654139061807655, 5527312.93969433568418 ], [ 475693.64232792367693, 5527317.88868698105216 ], [ 475637.273736357165035, 5527325.907054863870144 ], [ 475625.927454614196904, 5527327.526725184172392 ], [ 475610.672642677614931, 5527329.116401609964669 ], [ 475590.305407281382941, 5527329.536316136829555 ], [ 475567.340730933705345, 5527328.486529818736017 ], [ 475518.195498965331353, 5527325.697097599506378 ], [ 475508.993136737670284, 5527325.177203423343599 ], [ 475447.487384178559296, 5527322.737699977122247 ], [ 475445.970148829161189, 5527322.657716256566346 ], [ 475440.412449777766597, 5527322.407767134718597 ], [ 475360.007222105923574, 5527318.708520106039941 ], [ 475317.697795053943992, 5527317.088849785737693 ], [ 475297.231609526206739, 5527316.299010556191206 ], [ 475279.948319894319866, 5527315.639144870452583 ], [ 475270.762449355213903, 5527315.299214062280953 ], [ 475260.001622556825168, 5527315.209232376888394 ], [ 475250.296263827534858, 5527315.379197780974209 ], [ 475242.165861357585527, 5527316.518965785391629 ], [ 475232.015227036550641, 5527319.228414284065366 ], [ 475216.224435221229214, 5527326.406953111290932 ], [ 475195.049107084516436, 5527336.034993347711861 ], [ 475216.628481591469608, 5527493.252992029301822 ], [ 475222.499522725876886, 5527535.724347095005214 ], [ 475231.883293527993374, 5527600.531155835837126 ], [ 475234.604422143602278, 5527619.387317712418735 ], [ 475236.558687240350991, 5527630.984957043081522 ], [ 475251.483665405306965, 5527729.544895422644913 ], [ 475266.928131760447286, 5527835.533321750350296 ], [ 475282.16645200829953, 5527944.081227103248239 ], [ 475282.240664606913924, 5527944.551131456159055 ], [ 475285.332856215711217, 5527964.177136634476483 ], [ 475306.673101238207892, 5528106.598147203214467 ], [ 475308.57789126917487, 5528119.325556571595371 ], [ 475311.900966518092901, 5528141.501042809337378 ], [ 475331.122029558056965, 5528256.957541936077178 ], [ 475343.474304304516409, 5528334.761705098673701 ], [ 475357.582943884655833, 5528429.432435115799308 ], [ 475358.984737413935363, 5528438.840520123951137 ], [ 475361.557440832431894, 5528456.107005576603115 ], [ 475378.469667471305002, 5528570.413738735020161 ], [ 475389.667524017102551, 5528570.463728559203446 ], [ 475413.83609363110736, 5528572.943223863840103 ], [ 475422.510721824131906, 5528573.773054953664541 ], [ 475445.392939728859346, 5528575.992603169754148 ], [ 475450.967130468983669, 5528573.473116005770862 ], [ 475467.516539959062357, 5528573.683073270134628 ], [ 475471.862099899793975, 5528573.733063094317913 ], [ 475491.041933718370274, 5528573.973014254122972 ], [ 475509.207528689235914, 5528574.20296744722873 ], [ 475511.978132370684762, 5528575.262751731090248 ], [ 475514.592065010569058, 5528576.262548225931823 ], [ 475517.981107013707515, 5528577.57228163164109 ], [ 475532.658709849987645, 5528581.29152458999306 ], [ 475534.967546251195017, 5528581.871406557038426 ], [ 475550.280079097719863, 5528585.760614917613566 ], [ 475556.959212972607929, 5528587.520256745629013 ], [ 475578.29121215082705, 5528593.129115077666938 ], [ 475588.615009201865178, 5528595.838563578203321 ], [ 475613.352542071894277, 5528602.937118685804307 ], [ 475632.515884201973677, 5528608.306025857105851 ], [ 475638.172533384757116, 5528609.895702282898128 ], [ 475665.400311230390798, 5528617.534147496335208 ], [ 475686.097380398248788, 5528629.091794967651367 ], [ 475690.616103069158271, 5528631.291347254067659 ], [ 475733.626426885835826, 5528655.976322690956295 ], [ 475736.933010446140543, 5528658.135883118957281 ], [ 475737.914265916624572, 5528658.815744733437896 ], [ 475739.876776857650839, 5528660.185465931892395 ], [ 475746.539419043983798, 5528667.853905039839447 ], [ 475757.110591423814185, 5528680.031426336616278 ], [ 475765.084322852198966, 5528689.229554082266986 ], [ 475784.57749875378795, 5528712.544808322563767 ], [ 475805.216847011586651, 5528694.478485674597323 ], [ 475812.613369339786004, 5528683.030815819278359 ], [ 475823.910176017088816, 5528667.004078020341694 ], [ 475846.173955600010231, 5528647.787989406846464 ], [ 475858.922030872432515, 5528631.51130248233676 ], [ 475861.049458699300885, 5528630.911424586549401 ], [ 475879.891212901857216, 5528625.572511308826506 ], [ 475891.658032703737263, 5528621.37336603552103 ], [ 475903.688719522790052, 5528617.534147498197854 ], [ 475929.160132534569129, 5528612.755120255984366 ], [ 475936.0948875824688, 5528610.75552726816386 ], [ 475944.3407318724785, 5528608.186050278134644 ], [ 475957.360920006467495, 5528604.566786969080567 ], [ 475983.261116921319626, 5528597.528219651430845 ], [ 476029.998562356980983, 5528574.99280667770654 ], [ 476053.425005984958261, 5528561.59553365688771 ], [ 476059.246572053642012, 5528560.285800250247121 ], [ 476063.715819658827968, 5528558.236217437312007 ], [ 476067.764529205218423, 5528554.566964304074645 ], [ 476077.164791695773602, 5528540.959734021686018 ], [ 476089.871637746691704, 5528526.722631947137415 ], [ 476106.783864385448396, 5528509.026234002783895 ], [ 476110.436773405934218, 5528506.806685786694288 ], [ 476118.33629223582102, 5528501.987666686996818 ], [ 476133.516891573730391, 5528499.728126608766615 ], [ 476148.532574025797658, 5528495.788928423076868 ], [ 476164.81811649852898, 5528490.380029389634728 ], [ 476175.63666420703521, 5528487.750564611516893 ], [ 476180.782071043970063, 5528479.722198765724897 ], [ 476183.618641479755752, 5528477.142723809927702 ], [ 476196.18530817766441, 5528470.084160561673343 ], [ 476200.563851495680865, 5528468.004583854228258 ], [ 476205.165032609540503, 5528466.754838237538934 ], [ 476209.20549631153699, 5528465.805031567811966 ], [ 476214.771441207383759, 5528464.855224898084998 ], [ 476220.337386103114113, 5528464.435310370288789 ], [ 476223.388348490407225, 5528464.225353106856346 ], [ 476225.334367742878385, 5528463.545491490513086 ], [ 476227.115470109449234, 5528462.125780469737947 ], [ 476228.170938178547658, 5528460.446122361347079 ], [ 476228.954293386253994, 5528458.28656193241477 ], [ 476229.325356379209552, 5528455.867054417729378 ], [ 476230.21590756252408, 5528453.937447183765471 ], [ 476231.848584731982555, 5528451.827876581810415 ], [ 476238.041213793738279, 5528447.20881678070873 ], [ 476240.778834098018706, 5528444.219425262883306 ], [ 476242.345544513082132, 5528441.489980833604932 ], [ 476243.029949589224998, 5528439.020483494736254 ], [ 476244.291563765553292, 5528436.1310716252774 ], [ 476245.973716000735294, 5528433.811543758958578 ], [ 476247.655868235859089, 5528432.141883615404367 ], [ 476249.700837619835511, 5528430.40223771519959 ], [ 476252.273541038273834, 5528428.462632517330348 ], [ 476253.749547166167758, 5528426.563019177876413 ], [ 476255.167832384060603, 5528423.943552365526557 ], [ 476256.107858633156866, 5528421.104130320250988 ], [ 476256.371725650387816, 5528418.064748979173601 ], [ 476256.272775518882554, 5528415.175337112508714 ], [ 476255.745041484304238, 5528412.175947629846632 ], [ 476254.747294325265102, 5528408.186759617179632 ], [ 476253.378484173153993, 5528404.507508520036936 ], [ 476252.801275072910357, 5528401.148192300461233 ], [ 476252.743554162792861, 5528398.468737697228789 ], [ 476253.320763263094705, 5528395.739293267950416 ], [ 476254.532902373699471, 5528394.009645332582295 ], [ 476256.627346823399421, 5528392.329987224191427 ], [ 476259.785505186475348, 5528390.910276201553643 ], [ 476261.302740535815246, 5528389.960469532757998 ], [ 476262.622075622261036, 5528388.280811423435807 ], [ 476263.405430829734541, 5528386.02127134706825 ], [ 476264.304227857326623, 5528381.822126071900129 ], [ 476265.252499950758647, 5528378.512799676507711 ], [ 476266.769735300040338, 5528375.203473282046616 ], [ 476268.39416662522126, 5528373.3638477306813 ], [ 476270.653527960705105, 5528372.104104149155319 ], [ 476275.172250631556381, 5528371.214285269379616 ], [ 476303.801822006411385, 5528366.275290589779615 ], [ 476305.162386314361356, 5528364.175717952661216 ], [ 476307.94948168436531, 5528360.866391558200121 ], [ 476320.598606825165916, 5528345.579503164626658 ], [ 476325.908930547942873, 5528338.440956195816398 ], [ 476330.163786201563198, 5528335.18161962646991 ], [ 476333.033340014575515, 5528331.212427545338869 ], [ 476331.944888568250462, 5528331.092451967298985 ], [ 476328.696025917946827, 5528330.712529298849404 ], [ 476327.937408243247773, 5528330.622547613456845 ], [ 476322.660067897697445, 5528330.01267175283283 ], [ 476286.097994315903634, 5528288.851050093770027 ], [ 476254.887473678216338, 5528253.708203329704702 ], [ 476233.110198908252642, 5528229.193193297833204 ], [ 476231.411554984573741, 5528227.293579958379269 ], [ 476240.036708111991175, 5528216.185840912163258 ], [ 476250.706830623210408, 5528201.95873680151999 ], [ 476264.8402077362407, 5528179.743258703500032 ], [ 476273.729227880830877, 5528163.786506660282612 ], [ 476281.546288267767522, 5528147.559809562750161 ], [ 476288.184192921209615, 5528130.573267129249871 ], [ 476292.702915592177305, 5528117.585910672321916 ], [ 476120.274065644014627, 5528128.863615124486387 ], [ 476121.19760020438116, 5528139.601429469883442 ], [ 476122.220084896369372, 5528151.039101361297071 ], [ 475928.162385375471786, 5528163.246616553515196 ], [ 475921.623430853534956, 5528163.656533116474748 ], [ 475897.875399298325647, 5527972.065530969761312 ], [ 475890.346943461569026, 5527911.417875643819571 ], [ 475885.143815714574885, 5527911.577843084000051 ], [ 475880.971418503904715, 5527878.604554710909724 ], [ 475872.931720321066678, 5527818.846718264743686 ], [ 475871.266059774556197, 5527806.219288545660675 ], [ 475862.805823532980867, 5527741.812398402020335 ], [ 475853.900311699777376, 5527674.456108600832522 ], [ 475849.595980980375316, 5527641.95272458344698 ], [ 475839.659738610964268, 5527567.167946831323206 ], [ 475805.670368447550572, 5527311.439999595284462 ] ] ] ] } },
{ "type": "Feature", "properties": { "StatBez": 270, "stat_Bez_1": "Am Ziegelbusch" }, "geometry": { "type": "MultiPolygon", "coordinates": [ [ [ [ 475195.049107084516436, 5527336.034993347711861 ], [ 475216.224435221229214, 5527326.406953111290932 ], [ 475232.015227036550641, 5527319.228414284065366 ], [ 475242.165861357585527, 5527316.518965785391629 ], [ 475250.296263827534858, 5527315.379197780974209 ], [ 475260.001622556825168, 5527315.209232376888394 ], [ 475270.762449355213903, 5527315.299214062280953 ], [ 475279.948319894319866, 5527315.639144870452583 ], [ 475297.231609526206739, 5527316.299010556191206 ], [ 475317.697795053943992, 5527317.088849785737693 ], [ 475360.007222105923574, 5527318.708520106039941 ], [ 475440.412449777766597, 5527322.407767134718597 ], [ 475445.970148829161189, 5527322.657716256566346 ], [ 475447.487384178559296, 5527322.737699977122247 ], [ 475508.993136737670284, 5527325.177203423343599 ], [ 475518.195498965331353, 5527325.697097599506378 ], [ 475567.340730933705345, 5527328.486529818736017 ], [ 475590.305407281382941, 5527329.536316136829555 ], [ 475610.672642677614931, 5527329.116401609964669 ], [ 475625.927454614196904, 5527327.526725184172392 ], [ 475637.273736357165035, 5527325.907054863870144 ], [ 475693.64232792367693, 5527317.88868698105216 ], [ 475739.654139061807655, 5527312.93969433568418 ], [ 475779.126995678059757, 5527312.769728932529688 ], [ 475805.670368447550572, 5527311.439999595284462 ], [ 475898.955604900373146, 5527316.848898627795279 ], [ 475913.080736169125885, 5527318.67852621152997 ], [ 475935.476449260779191, 5527325.047229878604412 ], [ 475939.426208675722592, 5527326.176999917253852 ], [ 475955.654030238394625, 5527330.776063788682222 ], [ 475967.668225368950516, 5527334.19536779820919 ], [ 475975.930561347515322, 5527336.544889559037983 ], [ 475984.118684727465734, 5527338.004592441022396 ], [ 475989.165141432953533, 5527338.894411319866776 ], [ 475991.251340038259514, 5527339.264336022548378 ], [ 476003.55413971899543, 5527341.453890345990658 ], [ 476004.617853632487822, 5527341.643851678818464 ], [ 476014.702521199127659, 5527343.453483332879841 ], [ 476033.164966564334463, 5527346.722817867994308 ], [ 476037.70018092385726, 5527347.522655064240098 ], [ 476062.82526847551344, 5527351.961751496419311 ], [ 476075.606327125045937, 5527359.150288290344179 ], [ 476086.499087432108354, 5527365.269042833708227 ], [ 476097.004293057543691, 5527371.177840110845864 ], [ 476110.865557309007272, 5527375.117038298398256 ], [ 476122.896244128118269, 5527378.536342307925224 ], [ 476132.280014930176549, 5527381.195800981484354 ], [ 476156.572272208577488, 5527387.684480228461325 ], [ 476158.526537305209786, 5527388.194376438856125 ], [ 476166.203418339195196, 5527389.504109847359359 ], [ 476170.161423598474357, 5527390.193969427607954 ], [ 476165.354096377384849, 5527365.01909370906651 ], [ 476161.44556618394563, 5527331.865841967985034 ], [ 476160.835373706417158, 5527294.04354059882462 ], [ 476162.146462948585395, 5527265.339383257552981 ], [ 476166.53325211093761, 5527233.815799800679088 ], [ 476173.509236380225047, 5527202.022271292284131 ], [ 476183.618641479697544, 5527168.209153864532709 ], [ 476192.755036953021772, 5527145.583759205415845 ], [ 476203.515863751468714, 5527122.848386932164431 ], [ 476213.229468325094786, 5527104.722076495178044 ], [ 476219.463326608296484, 5527094.374182783067226 ], [ 476225.796135023119859, 5527084.386215806938708 ], [ 476231.477521738852374, 5527075.847953748889267 ], [ 476237.266104430542327, 5527067.839583831839263 ], [ 476251.102631149115041, 5527049.573301887139678 ], [ 476267.363436089013703, 5527030.497184782288969 ], [ 476289.660199049161747, 5527008.821596790105104 ], [ 476317.1848272891948, 5526984.446558266878128 ], [ 476332.126297142647672, 5526974.518579083494842 ], [ 476359.683908759790938, 5526956.212305276654661 ], [ 476380.850991052226163, 5526942.155166571959853 ], [ 476400.311183576588519, 5526929.407761271111667 ], [ 476477.921070034150034, 5526878.588105482049286 ], [ 476483.726144414220471, 5526873.829074172303081 ], [ 476498.296551274717785, 5526861.881506069563329 ], [ 476550.468008097610436, 5526819.110212054103613 ], [ 476560.02494162961375, 5526812.151628457941115 ], [ 476571.181568953965325, 5526803.383413204923272 ], [ 476580.656044043251313, 5526795.355047358199954 ], [ 476590.081044066697359, 5526786.766795473173261 ], [ 476599.110243564238772, 5526777.688643308356404 ], [ 476606.778878753888421, 5526769.540301882661879 ], [ 476613.482750161667354, 5526762.091818002052605 ], [ 476620.178375725168735, 5526753.94347657635808 ], [ 476631.64009928831365, 5526739.006516955792904 ], [ 476641.50212905916851, 5526725.829199166037142 ], [ 476650.27570738364011, 5526713.881631061434746 ], [ 476657.499066981778014, 5526701.724105694331229 ], [ 476663.666958510701079, 5526689.086678009480238 ], [ 476672.300357482279651, 5526668.510866163298488 ], [ 476673.471267371496651, 5526665.411497032269835 ], [ 476681.44499879993964, 5526644.125829674303532 ], [ 476687.917986567539629, 5526621.780378033407032 ], [ 476693.253047823207453, 5526596.635496210306883 ], [ 476696.683319047791883, 5526575.039891939610243 ], [ 476699.223039089178201, 5526547.745447652414441 ], [ 476700.080606895266101, 5526514.752163352444768 ], [ 476698.596354923036415, 5526492.376717816106975 ], [ 476696.963677753636148, 5526476.419965771026909 ], [ 476691.026669864833821, 5526421.271191162057221 ], [ 476685.889508872176521, 5526336.178511557169259 ], [ 476683.349788830906618, 5526283.469240393489599 ], [ 476682.582925311930012, 5526275.090945774689317 ], [ 476677.841564845119137, 5526251.145819744095206 ], [ 476674.328835177584551, 5526233.429425870068371 ], [ 476666.099482576188166, 5526207.654672254808247 ], [ 476661.885856143955607, 5526194.447360567748547 ], [ 476657.095020611479413, 5526182.159861656837165 ], [ 476654.843905120331328, 5526176.401033851318061 ], [ 476650.589049466711003, 5526165.493254103697836 ], [ 476642.203025823750068, 5526148.006813422776759 ], [ 476622.388261994870845, 5526106.705220256000757 ], [ 476586.452872579044197, 5526031.520523905754089 ], [ 476563.628375584317837, 5525984.979997111484408 ], [ 476557.551188342622481, 5525972.592518550343812 ], [ 476524.872907421318814, 5525904.606356958858669 ], [ 476520.923148006491829, 5525896.408025708049536 ], [ 476507.00416284496896, 5525867.703868364915252 ], [ 476486.71938589157071, 5525825.892378985881805 ], [ 476473.047776058723684, 5525797.738109713420272 ], [ 476434.82004193024477, 5525719.374060513451695 ], [ 476416.407071630761493, 5525680.132048124447465 ], [ 476397.746726002427749, 5525637.550715446472168 ], [ 476396.600553646101616, 5525634.931248631328344 ], [ 476370.584914911130909, 5525566.995076864026487 ], [ 476359.469516808283515, 5525564.135658891871572 ], [ 476315.040907773771323, 5525521.614314000122249 ], [ 476295.250881477782968, 5525501.468414647504687 ], [ 476275.048562967218459, 5525479.362914164550602 ], [ 476252.933208581467625, 5525453.028274511918426 ], [ 476236.111686229822226, 5525431.972560348920524 ], [ 476231.0157544586109, 5525425.133952329866588 ], [ 476226.538261009147391, 5525419.13517336640507 ], [ 476217.179227739979979, 5525406.577729401178658 ], [ 476209.692001124669332, 5525393.200452311895788 ], [ 476196.259520776337013, 5525380.942947297357023 ], [ 476185.597644109278917, 5525392.440606975927949 ], [ 476156.423847011290491, 5525422.004589303396642 ], [ 476139.816716611210722, 5525435.101923374459147 ], [ 476120.282311488175765, 5525449.129068186506629 ], [ 476107.138435690023471, 5525458.567147089168429 ], [ 476098.282398922543507, 5525464.036033910699189 ], [ 476083.448125044757035, 5525473.194169797003269 ], [ 476077.370937803119887, 5525476.633469737134874 ], [ 476016.871178247325588, 5525510.826509831473231 ], [ 476000.610373307485133, 5525519.874668102711439 ], [ 475981.447031177522149, 5525530.552494657225907 ], [ 475978.659935807518195, 5525531.652270801365376 ], [ 475976.969537728000432, 5525532.312136487103999 ], [ 475940.308514014701359, 5525546.779191755689681 ], [ 475932.780058177944738, 5525549.748587342910469 ], [ 475914.573233985574916, 5525557.596989820711315 ], [ 475900.134760633809492, 5525562.885913273319602 ], [ 475887.147555877105333, 5525567.654942550696433 ], [ 475876.55989180871984, 5525571.304199753329158 ], [ 475876.370237389986869, 5525571.3641875423491 ], [ 475848.98578850296326, 5525580.822262375615537 ], [ 475803.476973866519984, 5525596.519067332148552 ], [ 475799.692131337360479, 5525597.818802773952484 ], [ 475776.224458487937227, 5525605.967144199647009 ], [ 475754.686313202488236, 5525613.455619939602911 ], [ 475752.097118095494807, 5525614.355436785146594 ], [ 475712.624261479184497, 5525628.062646716833115 ], [ 475623.041409112687688, 5525659.066335996612906 ], [ 475615.282069635752123, 5525661.45584961771965 ], [ 475604.422292705858126, 5525664.775173977017403 ], [ 475589.431347786565311, 5525669.544203253462911 ], [ 475576.419405497028492, 5525673.683360739611089 ], [ 475562.319011761108413, 5525678.562367629259825 ], [ 475558.146614550321829, 5525680.012072545476258 ], [ 475546.495236568560358, 5525684.051250381395221 ], [ 475502.874720274528954, 5525701.107778569683433 ], [ 475444.527126078493893, 5525720.923745080828667 ], [ 475428.596154910163023, 5525726.482613587751985 ], [ 475420.094689447141718, 5525729.44201120827347 ], [ 475400.147992109705228, 5525736.400594809092581 ], [ 475396.371395424881484, 5525737.720326179638505 ], [ 475387.086574754270259, 5525740.959666819311678 ], [ 475384.753000820230227, 5525741.739508084952831 ], [ 475376.902957056183368, 5525744.358974899165332 ], [ 475359.974238728755154, 5525750.027821021154523 ], [ 475340.09350814553909, 5525757.086384268477559 ], [ 475320.732265752681997, 5525763.964984146878123 ], [ 475313.45118524460122, 5525766.334501838311553 ], [ 475287.748888592701405, 5525774.702798492275178 ], [ 475265.509846542554442, 5525780.341650718823075 ], [ 475261.353941020381171, 5525781.261463493108749 ], [ 475251.920695152599365, 5525783.341040201485157 ], [ 475231.306084427575115, 5525787.890114248730242 ], [ 475230.324828957207501, 5525788.110069477930665 ], [ 475204.251469312177505, 5525792.479180155321956 ], [ 475199.386421181028709, 5525793.28901531547308 ], [ 475176.900003802147694, 5525795.588547251187265 ], [ 475167.986246124724858, 5525796.498362062498927 ], [ 475154.199194471875671, 5525797.638130064122379 ], [ 475141.714986216742545, 5525798.657922489568591 ], [ 475125.091364128165878, 5525800.03764165006578 ], [ 475123.739045664668083, 5525800.147619263269007 ], [ 475104.344819894467946, 5525800.277592809870839 ], [ 475102.217392067715991, 5525800.287590774707496 ], [ 475045.222116335178725, 5525800.047639615833759 ], [ 475015.833927285624668, 5525799.557739334180951 ], [ 474997.503415428916924, 5525798.327989645302296 ], [ 474986.066429398721084, 5525797.348189081996679 ], [ 474979.972750468412414, 5525796.628335606306791 ], [ 474962.804902656644117, 5525792.059265628457069 ], [ 474991.079902727040462, 5525944.768182121217251 ], [ 475021.333905427076388, 5526148.126789000816643 ], [ 475026.240182779612951, 5526181.32003260217607 ], [ 475034.593223045405466, 5526239.428204832598567 ], [ 475061.689067382307258, 5526420.021445545367897 ], [ 475066.273756807553582, 5526450.835173490457237 ], [ 475073.538345627021044, 5526499.615244431421161 ], [ 475081.644010564079508, 5526554.114151319488883 ], [ 475088.347881971858442, 5526599.804851095192134 ], [ 475090.252672002883628, 5526612.83219941239804 ], [ 475098.902562663075514, 5526671.780200699344277 ], [ 475099.859080600726884, 5526678.298873839899898 ], [ 475105.037470814830158, 5526713.23176334053278 ], [ 475141.657265306741465, 5526980.977264434099197 ], [ 475175.902256643108558, 5527213.199996094219387 ], [ 475195.049107084516436, 5527336.034993347711861 ] ] ] ] } },
{ "type": "Feature", "properties": { "StatBez": 250, "stat_Bez_1": "Mornewegviertel" }, "geometry": { "type": "MultiPolygon", "coordinates": [ [ [ [ 474242.497420547995716, 5524405.131571185775101 ], [ 474183.712796604610048, 5524392.864068205468357 ], [ 474121.234034419292584, 5524379.826721924357116 ], [ 474110.258815669280011, 5524377.537187951616943 ], [ 474071.47036412905436, 5524369.428838385269046 ], [ 474015.456343867117539, 5524357.941176669672132 ], [ 473918.320298130915035, 5524337.925250859931111 ], [ 473696.507086729863659, 5524291.454709818586707 ], [ 473653.109208231617231, 5524282.816468110308051 ], [ 473634.16850389749743, 5524278.897265854291618 ], [ 473627.456386645440944, 5524277.507548727095127 ], [ 473594.365813509677537, 5524270.668940708972514 ], [ 473524.267891200433951, 5524256.361852877773345 ], [ 473475.155642609170172, 5524246.323896080255508 ], [ 473467.115944426390342, 5524244.684229830279946 ], [ 473456.29739671794232, 5524366.289477394893765 ], [ 473455.060520074446686, 5524380.656553014181554 ], [ 473446.888888383051381, 5524487.774749380536377 ], [ 473441.562072971661109, 5524557.57054262701422 ], [ 473440.481867369730026, 5524571.307746454142034 ], [ 473435.014872605446726, 5524640.463669944554567 ], [ 473407.127427216619253, 5524815.06812965683639 ], [ 473406.863560199330095, 5524816.727791837416589 ], [ 473340.789609903586097, 5525228.863902593031526 ], [ 473339.7836169002112, 5525416.865635324269533 ], [ 473345.28359504166292, 5525417.305545781739056 ], [ 473375.125305527122691, 5525382.242682738229632 ], [ 473418.877755329944193, 5525349.839278367348015 ], [ 473448.183485936606303, 5525335.862123381346464 ], [ 473468.633179775788449, 5525326.114107564091682 ], [ 473475.254592740617227, 5525322.954750644974411 ], [ 473578.63274260435719, 5525304.228562312200665 ], [ 473663.185629953979515, 5525288.921677987091243 ], [ 473663.218613331147935, 5525286.632144016213715 ], [ 473662.468241500784643, 5525280.043485121801496 ], [ 473659.1121828747564, 5525250.649468197487295 ], [ 473656.234383217466529, 5525225.454596549272537 ], [ 473654.634689425292891, 5525211.547427318058908 ], [ 473653.768875774811022, 5525203.908982103690505 ], [ 473652.449540688481648, 5525192.071391612291336 ], [ 473648.978040242393035, 5525162.33744388166815 ], [ 473643.849125094013289, 5525117.306609792634845 ], [ 473641.086767256783787, 5525093.081540742889047 ], [ 473642.851377934857737, 5525083.253541208803654 ], [ 473643.016294820699841, 5525082.343726399354637 ], [ 473647.972047238959931, 5525054.749343162402511 ], [ 473651.954790031013545, 5525032.223928153514862 ], [ 473656.391054259089287, 5525007.079046328552067 ], [ 473673.962948441039771, 5524953.819887094199657 ], [ 473687.181036837981082, 5524916.587465656921268 ], [ 473691.864676394616254, 5524903.400149901397526 ], [ 473699.714720158779528, 5524881.254657560028136 ], [ 473729.028696609719191, 5524834.614151113666594 ], [ 473751.605818275653291, 5524832.304621214047074 ], [ 473759.892891787167173, 5524831.454794194549322 ], [ 473756.75122511270456, 5524805.420093487948179 ], [ 473758.746719430724625, 5524781.594943038187921 ], [ 473811.56135210825596, 5524776.605958531610668 ], [ 473856.179615561442915, 5524772.386817326769233 ], [ 473861.951706564519554, 5524771.836929256096482 ], [ 473866.86622976133367, 5524771.467004553414881 ], [ 473872.613583231403027, 5524771.147069674916565 ], [ 473908.194401342771016, 5524769.967309813015163 ], [ 473941.623054094437975, 5524768.857535703107715 ], [ 473978.29232365207281, 5524767.647781946696341 ], [ 474000.754003498062957, 5524766.897934575565159 ], [ 474022.918832949479111, 5524766.208074994385242 ], [ 474030.472026319243014, 5524765.898138081654906 ], [ 474085.364611757686362, 5524763.638598005287349 ], [ 474100.990486687340308, 5524762.99872824922204 ], [ 474118.611855935014319, 5524762.278874773532152 ], [ 474127.896676605450921, 5524761.878956175409257 ], [ 474166.553194637061097, 5524760.249287890270352 ], [ 474188.841711752989795, 5524760.509234978817403 ], [ 474196.526838631252758, 5524761.349064033478498 ], [ 474206.32290164771257, 5524762.708787265233696 ], [ 474218.007263006758876, 5524764.728376182727516 ], [ 474222.097201774537098, 5524765.588201167061925 ], [ 474223.41653686092468, 5524765.858146222308278 ], [ 474233.031191303045489, 5524721.907092344947159 ], [ 474236.77480461075902, 5524704.750584508292377 ], [ 474238.506431911606342, 5524693.062963494099677 ], [ 474238.506431911664549, 5524681.875240726396441 ], [ 474236.774804610700812, 5524668.248014513403177 ], [ 474236.824279676424339, 5524665.14864538051188 ], [ 474237.640618261182681, 5524662.049276249483228 ], [ 474239.421720627811737, 5524658.539990555495024 ], [ 474242.274782752094325, 5524656.20046676043421 ], [ 474245.672070599684957, 5524653.810953139327466 ], [ 474247.956169467943255, 5524652.291262469254434 ], [ 474249.943417941860389, 5524649.751779373735189 ], [ 474251.114327831077389, 5524646.192503854632378 ], [ 474261.00109513476491, 5524601.251651449128985 ], [ 474251.94715810433263, 5524599.382032005116343 ], [ 474243.445692641369533, 5524597.552404422312975 ], [ 474215.624214006878901, 5524591.563623423688114 ], [ 474208.796654934762046, 5524590.013938856311142 ], [ 474216.020014532841742, 5524556.650729851797223 ], [ 474218.427801065437961, 5524532.145717785693705 ], [ 474228.265093303460162, 5524483.245671262033284 ], [ 474231.06868036207743, 5524467.898795079439878 ], [ 474242.497420547995716, 5524405.131571185775101 ] ] ] ] } },
{ "type": "Feature", "properties": { "StatBez": 530, "stat_Bez_1": "Verlegerviertel" }, "geometry": { "type": "MultiPolygon", "coordinates": [ [ [ [ 474439.886441161972471, 5522948.148136410862207 ], [ 474405.938300220121164, 5522950.297698873095214 ], [ 474378.842455883161165, 5522952.01734884083271 ], [ 474352.340312335058115, 5522953.697006952017546 ], [ 474324.823929939360823, 5522955.44665081705898 ], [ 474234.449476520996541, 5522961.185482691042125 ], [ 474212.276401225186419, 5522962.64518557395786 ], [ 474151.36434945493238, 5522966.664367479272187 ], [ 474098.788846261857543, 5522970.123663349077106 ], [ 473970.38455897802487, 5522978.441970177926123 ], [ 473882.294204427918885, 5522984.130812229588628 ], [ 473808.642323229636531, 5522988.899841505102813 ], [ 473740.284274065576028, 5522991.329346986487508 ], [ 473691.336942360096145, 5523129.311261124908924 ], [ 473647.073250211367849, 5523251.396411005407572 ], [ 473636.67524056165712, 5523279.820625329390168 ], [ 473589.59971551009221, 5523408.464440212585032 ], [ 473552.493416205048561, 5523517.682209217920899 ], [ 473552.122353212034795, 5523518.771987397223711 ], [ 473531.062466895324178, 5523580.87934560328722 ], [ 473515.708704827411566, 5523645.496193011291325 ], [ 473484.399234058277216, 5523806.083505877293646 ], [ 473473.300327643926721, 5523860.012528762221336 ], [ 473450.747943510650657, 5523969.630216365680099 ], [ 473441.059076469973661, 5524036.846534657292068 ], [ 473439.368678390514106, 5524055.922651762142777 ], [ 473432.392694121226668, 5524134.436670436523855 ], [ 473433.200786861591041, 5524202.992716030217707 ], [ 473428.673818346404005, 5524236.855823282152414 ], [ 473467.115944426390342, 5524244.684229830279946 ], [ 473475.155642609170172, 5524246.323896080255508 ], [ 473524.267891200433951, 5524256.361852877773345 ], [ 473594.365813509677537, 5524270.668940708972514 ], [ 473627.456386645440944, 5524277.507548727095127 ], [ 473634.16850389749743, 5524278.897265854291618 ], [ 473653.109208231617231, 5524282.816468110308051 ], [ 473696.507086729863659, 5524291.454709818586707 ], [ 473918.320298130915035, 5524337.925250859931111 ], [ 474015.456343867117539, 5524357.941176669672132 ], [ 474071.47036412905436, 5524369.428838385269046 ], [ 474110.258815669280011, 5524377.537187951616943 ], [ 474121.234034419292584, 5524379.826721924357116 ], [ 474183.712796604610048, 5524392.864068205468357 ], [ 474242.497420547995716, 5524405.131571185775101 ], [ 474249.209537799993996, 5524385.785509028472006 ], [ 474263.664502840372734, 5524318.609182596206665 ], [ 474265.536309494229499, 5524309.870961238630116 ], [ 474277.921567617740948, 5524253.882357575930655 ], [ 474280.923054939426947, 5524239.475290096364915 ], [ 474298.453719899873249, 5524155.272429370321333 ], [ 474303.739306089817546, 5524129.867600458674133 ], [ 474309.181563321209978, 5524103.702926210127771 ], [ 474319.018855559173971, 5524056.48253779951483 ], [ 474332.542040194792207, 5523991.315802319906652 ], [ 474338.709931723715272, 5523961.591852553188801 ], [ 474339.649957972811535, 5523957.052776470780373 ], [ 474362.804288739105687, 5523845.08556710742414 ], [ 474364.972945787361823, 5523835.697478028945625 ], [ 474369.912206517066807, 5523814.321828987449408 ], [ 474371.050133029115386, 5523809.372836342081428 ], [ 474372.245780451106839, 5523803.434045166708529 ], [ 474383.493112062686123, 5523747.365457785315812 ], [ 474392.192477788659744, 5523704.034277733415365 ], [ 474394.023055221070535, 5523694.886139813810587 ], [ 474396.933838255354203, 5523681.678828128613532 ], [ 474409.516996641876176, 5523624.660434074699879 ], [ 474425.893243401893415, 5523550.505528115667403 ], [ 474426.948711470933631, 5523543.916869219392538 ], [ 474438.171305549622048, 5523473.791143131442368 ], [ 474447.126292448607273, 5523342.847796310670674 ], [ 474455.677232977352105, 5523212.07441489584744 ], [ 474458.274673928681295, 5523172.342502225190401 ], [ 474458.472574191633612, 5523169.363108673132956 ], [ 474457.507810409704689, 5523142.588558563962579 ], [ 474455.413365960121155, 5523084.050473840907216 ], [ 474454.827911015483551, 5523067.463850003667176 ], [ 474453.937359832169022, 5523042.558919339440763 ], [ 474443.514612649567425, 5522974.812708904966712 ], [ 474441.931410545948893, 5522964.454817228019238 ], [ 474439.886441161972471, 5522948.148136410862207 ] ] ] ] } },
{ "type": "Feature", "properties": { "StatBez": 210, "stat_Bez_1": "Johannesviertel" }, "geometry": { "type": "MultiPolygon", "coordinates": [ [ [ [ 474873.543638217379339, 5524988.642798980697989 ], [ 474873.296262888645288, 5524982.913965069688857 ], [ 474873.197312757256441, 5524980.764402606524527 ], [ 474873.477671463100705, 5524970.00659233238548 ], [ 474874.409451867803, 5524960.6285012178123 ], [ 474875.778262020030525, 5524952.360184213146567 ], [ 474880.354705600941088, 5524931.174496504478157 ], [ 474883.150046815222595, 5524921.246517320163548 ], [ 474888.748975088179577, 5524907.679278896190226 ], [ 474837.31139840715332, 5524896.411572409793735 ], [ 474823.260479736956768, 5524893.332199206575751 ], [ 474800.468966119398829, 5524888.333216736093163 ], [ 474771.963082408823539, 5524883.06428921315819 ], [ 474716.880842551705427, 5524872.876362941227853 ], [ 474704.503830272413325, 5524870.596826932393014 ], [ 474700.488104103133082, 5524869.856977527961135 ], [ 474693.165794373664539, 5524868.22730924282223 ], [ 474668.593178389477544, 5524862.748424454592168 ], [ 474566.385938414896373, 5524840.013052182272077 ], [ 474552.170102858915925, 5524836.85369526129216 ], [ 474533.064481638954021, 5524832.74453166872263 ], [ 474478.6584010135266, 5524821.036914724856615 ], [ 474418.348295876465272, 5524807.399690548889339 ], [ 474376.723273900570348, 5524797.991605538874865 ], [ 474367.5374033615808, 5524844.38216286059469 ], [ 474365.137862673203927, 5524857.76943791564554 ], [ 474364.585391105676536, 5524860.838813150301576 ], [ 474363.026926534890663, 5524874.18609634693712 ], [ 474362.375504835974425, 5524886.703548451885581 ], [ 474362.449717434647027, 5524899.15101480204612 ], [ 474363.43921874940861, 5524911.678464871831238 ], [ 474368.947442735137884, 5524947.701132549904287 ], [ 474369.499914302548859, 5524951.300399928353727 ], [ 474372.352976426947862, 5524966.907223200425506 ], [ 474376.459406883339398, 5524989.362652455456555 ], [ 474381.69551800750196, 5525015.717288037762046 ], [ 474386.280207432690077, 5525044.291471835225821 ], [ 474392.077035968541168, 5525080.724056078121066 ], [ 474399.061266082164366, 5525124.585128268226981 ], [ 474401.295889884757344, 5525138.582279185764492 ], [ 474401.600986123492476, 5525140.531882347539067 ], [ 474403.720168106025085, 5525153.839173684827983 ], [ 474413.788343984109815, 5525219.815744321793318 ], [ 474415.866296745254658, 5525233.572944078594446 ], [ 474416.476489222724922, 5525237.70210360083729 ], [ 474420.566427990561351, 5525264.876572306267917 ], [ 474427.410478751233313, 5525310.347316853702068 ], [ 474428.276292401715182, 5525314.326506900601089 ], [ 474430.082132301176898, 5525322.554832045920193 ], [ 474433.025898712687194, 5525333.36263214610517 ], [ 474438.674302051367704, 5525349.409365875646472 ], [ 474456.031804281810764, 5525383.522422249428928 ], [ 474469.686922426102683, 5525403.848284974694252 ], [ 474491.563147327397019, 5525440.95073286537081 ], [ 474500.814984620781615, 5525456.647537822835147 ], [ 474509.242237485188525, 5525472.854238989762962 ], [ 474533.748886715096887, 5525514.245813840068877 ], [ 474548.154376689693891, 5525536.751232921145856 ], [ 474554.42946419439977, 5525546.55923652742058 ], [ 474563.928676816518418, 5525560.036493265070021 ], [ 474575.547071421053261, 5525572.973859899677336 ], [ 474601.991494059097022, 5525600.808194290846586 ], [ 474626.92692719202023, 5525622.173845368437469 ], [ 474649.677211588190403, 5525640.350145629607141 ], [ 474670.885523101955187, 5525656.966763358563185 ], [ 474695.779727013548836, 5525675.393012743443251 ], [ 474715.256411226582713, 5525688.650314254686236 ], [ 474732.613913457025774, 5525698.358338209800422 ], [ 474738.674609010166023, 5525701.737650359980762 ], [ 474740.33202371239895, 5525702.597475346177816 ], [ 474759.709757793985773, 5525712.625434180721641 ], [ 474787.621940715645906, 5525726.862536255270243 ], [ 474789.213388663600199, 5525727.682369380258024 ], [ 474808.582876900793053, 5525735.640749471262097 ], [ 474823.450134155689739, 5525740.969664784148335 ], [ 474827.985348515096121, 5525742.599333070218563 ], [ 474836.692960085347295, 5525745.798681851476431 ], [ 474880.198034559434745, 5525761.755433894693851 ], [ 474903.830624294525478, 5525770.943563674576581 ], [ 474929.994688226724975, 5525780.701577456668019 ], [ 474962.804902656644117, 5525792.059265628457069 ], [ 474956.018572805973236, 5525745.058832446113229 ], [ 474955.639263968623709, 5525742.449363597668707 ], [ 474947.294469547166955, 5525686.170818947255611 ], [ 474945.084583277464844, 5525671.273851188831031 ], [ 474943.707527281017974, 5525661.895760074257851 ], [ 474938.891954215650912, 5525629.202414720319211 ], [ 474934.439198299078271, 5525599.208519901148975 ], [ 474930.662601614254527, 5525573.8336848821491 ], [ 474930.110130046843551, 5525570.12443988956511 ], [ 474923.546437991957646, 5525525.883445030078292 ], [ 474918.203130892070476, 5525489.8707753168419 ], [ 474917.304333864420187, 5525483.832004494033754 ], [ 474913.799850041221362, 5525460.166821480728686 ], [ 474911.202409089775756, 5525442.610395045951009 ], [ 474904.424325083382428, 5525397.309615900740027 ], [ 474903.847115983138792, 5525393.470397366210818 ], [ 474903.385348702897318, 5525390.321038410067558 ], [ 474900.878612038795836, 5525373.324498010799289 ], [ 474900.524040734278969, 5525370.924986424855888 ], [ 474899.534539419459179, 5525361.966809839941561 ], [ 474898.594513170421124, 5525347.859681308269501 ], [ 474895.254946233006194, 5525298.899646999314427 ], [ 474891.338170195173007, 5525243.410941581241786 ], [ 474889.65601796010742, 5525219.345839971676469 ], [ 474888.344928717939183, 5525200.489678094163537 ], [ 474886.431892842636444, 5525173.0352663686499 ], [ 474882.08633290178841, 5525110.757942757569253 ], [ 474876.429683718888555, 5525029.984384005889297 ], [ 474874.392960179247893, 5525000.89030603133142 ], [ 474874.269272514909972, 5524999.130664202384651 ], [ 474873.543638217379339, 5524988.642798980697989 ] ] ] ] } },
{ "type": "Feature", "properties": { "StatBez": 220, "stat_Bez_1": "Martinsviertel-West" }, "geometry": { "type": "MultiPolygon", "coordinates": [ [ [ [ 474900.878612038795836, 5525373.324498010799289 ], [ 474903.385348702897318, 5525390.321038410067558 ], [ 474903.847115983138792, 5525393.470397366210818 ], [ 474904.424325083382428, 5525397.309615900740027 ], [ 474911.202409089775756, 5525442.610395045951009 ], [ 474913.799850041221362, 5525460.166821480728686 ], [ 474917.304333864420187, 5525483.832004494033754 ], [ 474918.203130892070476, 5525489.8707753168419 ], [ 474923.546437991957646, 5525525.883445030078292 ], [ 474930.110130046843551, 5525570.12443988956511 ], [ 474930.662601614254527, 5525573.8336848821491 ], [ 474934.439198299078271, 5525599.208519901148975 ], [ 474938.891954215650912, 5525629.202414720319211 ], [ 474943.707527281017974, 5525661.895760074257851 ], [ 474945.084583277464844, 5525671.273851188831031 ], [ 474947.294469547166955, 5525686.170818947255611 ], [ 474955.639263968623709, 5525742.449363597668707 ], [ 474956.018572805973236, 5525745.058832446113229 ], [ 474962.804902656644117, 5525792.059265628457069 ], [ 474979.972750468412414, 5525796.628335606306791 ], [ 474986.066429398721084, 5525797.348189081996679 ], [ 474997.503415428916924, 5525798.327989645302296 ], [ 475015.833927285624668, 5525799.557739334180951 ], [ 475045.222116335178725, 5525800.047639615833759 ], [ 475102.217392067715991, 5525800.287590774707496 ], [ 475104.344819894467946, 5525800.277592809870839 ], [ 475123.739045664668083, 5525800.147619263269007 ], [ 475125.091364128165878, 5525800.03764165006578 ], [ 475141.714986216742545, 5525798.657922489568591 ], [ 475154.199194471875671, 5525797.638130064122379 ], [ 475167.986246124724858, 5525796.498362062498927 ], [ 475176.900003802147694, 5525795.588547251187265 ], [ 475199.386421181028709, 5525793.28901531547308 ], [ 475204.251469312177505, 5525792.479180155321956 ], [ 475230.324828957207501, 5525788.110069477930665 ], [ 475231.306084427575115, 5525787.890114248730242 ], [ 475251.920695152599365, 5525783.341040201485157 ], [ 475261.353941020381171, 5525781.261463493108749 ], [ 475265.509846542554442, 5525780.341650718823075 ], [ 475287.748888592701405, 5525774.702798492275178 ], [ 475313.45118524460122, 5525766.334501838311553 ], [ 475320.732265752681997, 5525763.964984146878123 ], [ 475340.09350814553909, 5525757.086384268477559 ], [ 475359.974238728755154, 5525750.027821021154523 ], [ 475376.902957056183368, 5525744.358974899165332 ], [ 475384.753000820230227, 5525741.739508084952831 ], [ 475387.086574754270259, 5525740.959666819311678 ], [ 475396.371395424881484, 5525737.720326179638505 ], [ 475400.147992109705228, 5525736.400594809092581 ], [ 475420.094689447141718, 5525729.44201120827347 ], [ 475428.596154910163023, 5525726.482613587751985 ], [ 475444.527126078493893, 5525720.923745080828667 ], [ 475502.874720274528954, 5525701.107778569683433 ], [ 475546.495236568560358, 5525684.051250381395221 ], [ 475558.146614550321829, 5525680.012072545476258 ], [ 475562.319011761108413, 5525678.562367629259825 ], [ 475576.419405497028492, 5525673.683360739611089 ], [ 475589.431347786565311, 5525669.544203253462911 ], [ 475590.486815855780151, 5525651.017974220216274 ], [ 475591.43508794909576, 5525634.401356489397585 ], [ 475593.125486028497107, 5525621.773926769383252 ], [ 475599.94479925633641, 5525570.994262839667499 ], [ 475600.398320692358539, 5525567.604952725581825 ], [ 475602.649436183506623, 5525550.898353311233222 ], [ 475604.323342574294657, 5525539.000775031745434 ], [ 475610.120171110262163, 5525495.259678420610726 ], [ 475614.539943649608176, 5525465.725689987652004 ], [ 475616.733338230871595, 5525451.048677455633879 ], [ 475616.955976026656572, 5525449.568978643976152 ], [ 475620.081151012564078, 5525428.643238023854792 ], [ 475626.315009295765776, 5525387.011712013743818 ], [ 475627.230298011971172, 5525379.473246448673308 ], [ 475630.09160598058952, 5525356.118000349029899 ], [ 475630.39670221938286, 5525353.668498939834535 ], [ 475633.142568367882632, 5525335.322233274579048 ], [ 475639.755735488433857, 5525291.091236378997564 ], [ 475642.386159816931468, 5525273.494818085804582 ], [ 475646.302935854764655, 5525247.340141803026199 ], [ 475651.934847504773643, 5525229.723727578297257 ], [ 475657.814134483633097, 5525190.58169483859092 ], [ 475661.112472199602053, 5525168.566176041029394 ], [ 475663.536750420811586, 5525130.114002881571651 ], [ 475643.565315550426021, 5525125.834873886778951 ], [ 475639.096067945240065, 5525124.865071288309991 ], [ 475636.647052191139665, 5525124.33517914544791 ], [ 475616.428241992078256, 5525119.806101027876139 ], [ 475511.359694048936944, 5525092.001760530285537 ], [ 475492.889002839277964, 5525087.32271293643862 ], [ 475489.302060573128983, 5525086.642851321958005 ], [ 475483.084693978482392, 5525085.473089423961937 ], [ 475475.061487484257668, 5525084.493288859724998 ], [ 475473.816364996542688, 5525084.343319385312498 ], [ 475463.789418339845724, 5525083.683453698642552 ], [ 475396.544558154942933, 5525079.134379651397467 ], [ 475386.921657868544571, 5525070.216194925829768 ], [ 475377.826491616666317, 5525074.315360548906028 ], [ 475368.079903665813617, 5525075.925032906234264 ], [ 475357.871548434719443, 5525076.584898591972888 ], [ 475346.706675266148522, 5525075.735071572475135 ], [ 475341.305647256260272, 5525085.87300802115351 ], [ 475314.465424092311878, 5525135.692867318168283 ], [ 475306.376250843750313, 5525150.719808621332049 ], [ 475274.242195645696484, 5525209.467850610613823 ], [ 475267.694995279423892, 5525219.175874565728009 ], [ 475265.064570950868074, 5525223.07508089300245 ], [ 475235.74234865559265, 5525263.276897916570306 ], [ 475212.769426463753916, 5525276.514203497208655 ], [ 475206.618026623385958, 5525281.243240914307535 ], [ 475183.356499881250784, 5525295.430353165604174 ], [ 475126.938433249073569, 5525329.053509257733822 ], [ 475121.372488353343215, 5525332.372833617031574 ], [ 475071.427409488824196, 5525362.15677117370069 ], [ 475062.868223115743604, 5525347.819689448922873 ], [ 475060.600615936040413, 5525345.410179898142815 ], [ 475060.518157493148465, 5525345.350192110054195 ], [ 475058.572138240735512, 5525343.940479054115713 ], [ 475055.818026247783564, 5525343.000670349225402 ], [ 475053.459714780910872, 5525342.670737504959106 ], [ 475050.45822745928308, 5525343.000670349225402 ], [ 475040.266363916918635, 5525344.980267405509949 ], [ 475034.71691070968518, 5525345.910078146494925 ], [ 475027.782155661843717, 5525347.069842079654336 ], [ 474985.258336658298504, 5525355.678089892491698 ], [ 474943.130318180657923, 5525364.196356020867825 ], [ 474900.878612038795836, 5525373.324498010799289 ] ] ] ] } },
{ "type": "Feature", "properties": { "StatBez": 230, "stat_Bez_1": "Martinsviertel-Ost" }, "geometry": { "type": "MultiPolygon", "coordinates": [ [ [ [ 476033.634979688969906, 5525184.822867033071816 ], [ 476027.071287634025794, 5525181.853471445851028 ], [ 476020.326187004859094, 5525176.68452357314527 ], [ 475961.64051319292048, 5525124.925059077329934 ], [ 475952.487626030982938, 5525117.066658633761108 ], [ 475944.538632135489024, 5525111.06787967029959 ], [ 475936.408229665539693, 5525105.978915515355766 ], [ 475922.538719569682144, 5525098.860364478081465 ], [ 475894.824436911032535, 5525084.873211527243257 ], [ 475862.847052754485048, 5525068.736496115103364 ], [ 475846.660460413142573, 5525058.478584085591137 ], [ 475834.555560995417181, 5525048.760562163777649 ], [ 475784.651711352402344, 5525008.748706473037601 ], [ 475779.267175030952785, 5525003.63974639121443 ], [ 475773.272446232265793, 5524997.940906374715269 ], [ 475760.244012253999244, 5524986.563222272321582 ], [ 475721.389593959436752, 5524955.969449555501342 ], [ 475694.565862484101672, 5524934.853747603483498 ], [ 475691.086116193677299, 5524932.104307243600488 ], [ 475658.490293715381995, 5524906.439531243406236 ], [ 475647.160503660910763, 5524898.191210168413818 ], [ 475635.575092433486134, 5524889.742929792962968 ], [ 475627.799261267995462, 5524884.0740836719051 ], [ 475591.665971589216497, 5524937.353238836862147 ], [ 475585.1929838215583, 5524944.291826506145298 ], [ 475565.782266362861264, 5524972.386107987724245 ], [ 475525.855888310703449, 5525031.394097062759101 ], [ 475522.351404487504624, 5525039.672412034124136 ], [ 475507.78924347134307, 5525061.248020373284817 ], [ 475502.932441184530035, 5525067.02684411033988 ], [ 475489.302060573128983, 5525086.642851321958005 ], [ 475492.889002839277964, 5525087.32271293643862 ], [ 475511.359694048936944, 5525092.001760530285537 ], [ 475616.428241992078256, 5525119.806101027876139 ], [ 475636.647052191139665, 5525124.33517914544791 ], [ 475639.096067945240065, 5525124.865071288309991 ], [ 475643.565315550426021, 5525125.834873886778951 ], [ 475663.536750420811586, 5525130.114002881571651 ], [ 475661.112472199602053, 5525168.566176041029394 ], [ 475657.814134483633097, 5525190.58169483859092 ], [ 475651.934847504773643, 5525229.723727578297257 ], [ 475646.302935854764655, 5525247.340141803026199 ], [ 475642.386159816931468, 5525273.494818085804582 ], [ 475639.755735488433857, 5525291.091236378997564 ], [ 475633.142568367882632, 5525335.322233274579048 ], [ 475630.39670221938286, 5525353.668498939834535 ], [ 475630.09160598058952, 5525356.118000349029899 ], [ 475627.230298011971172, 5525379.473246448673308 ], [ 475626.315009295765776, 5525387.011712013743818 ], [ 475620.081151012564078, 5525428.643238023854792 ], [ 475616.955976026656572, 5525449.568978643976152 ], [ 475616.733338230871595, 5525451.048677455633879 ], [ 475614.539943649608176, 5525465.725689987652004 ], [ 475610.120171110262163, 5525495.259678420610726 ], [ 475604.323342574294657, 5525539.000775031745434 ], [ 475602.649436183506623, 5525550.898353311233222 ], [ 475600.398320692358539, 5525567.604952725581825 ], [ 475599.94479925633641, 5525570.994262839667499 ], [ 475593.125486028497107, 5525621.773926769383252 ], [ 475591.43508794909576, 5525634.401356489397585 ], [ 475590.486815855780151, 5525651.017974220216274 ], [ 475589.431347786565311, 5525669.544203253462911 ], [ 475604.422292705858126, 5525664.775173977017403 ], [ 475615.282069635752123, 5525661.45584961771965 ], [ 475623.041409112687688, 5525659.066335996612906 ], [ 475712.624261479184497, 5525628.062646716833115 ], [ 475752.097118095494807, 5525614.355436785146594 ], [ 475754.686313202488236, 5525613.455619939602911 ], [ 475776.224458487937227, 5525605.967144199647009 ], [ 475799.692131337360479, 5525597.818802773952484 ], [ 475803.476973866519984, 5525596.519067332148552 ], [ 475848.98578850296326, 5525580.822262375615537 ], [ 475876.370237389986869, 5525571.3641875423491 ], [ 475876.55989180871984, 5525571.304199753329158 ], [ 475887.147555877105333, 5525567.654942550696433 ], [ 475900.134760633809492, 5525562.885913273319602 ], [ 475914.573233985574916, 5525557.596989820711315 ], [ 475932.780058177944738, 5525549.748587342910469 ], [ 475940.308514014701359, 5525546.779191755689681 ], [ 475976.969537728000432, 5525532.312136487103999 ], [ 475978.659935807518195, 5525531.652270801365376 ], [ 475981.447031177522149, 5525530.552494657225907 ], [ 476000.610373307485133, 5525519.874668102711439 ], [ 476016.871178247325588, 5525510.826509831473231 ], [ 476077.370937803119887, 5525476.633469737134874 ], [ 476083.448125044757035, 5525473.194169797003269 ], [ 476098.282398922543507, 5525464.036033910699189 ], [ 476107.138435690023471, 5525458.567147089168429 ], [ 476120.282311488175765, 5525449.129068186506629 ], [ 476139.816716611210722, 5525435.101923374459147 ], [ 476156.423847011290491, 5525422.004589303396642 ], [ 476185.597644109278917, 5525392.440606975927949 ], [ 476196.259520776337013, 5525380.942947297357023 ], [ 476200.102084215381183, 5525377.103728759102523 ], [ 476204.826952993636951, 5525372.364693376235664 ], [ 476224.905583839747123, 5525351.149011773988605 ], [ 476239.756349406088702, 5525332.952715583145618 ], [ 476250.030671391345095, 5525319.08553821220994 ], [ 476253.081633778638206, 5525314.966376657597721 ], [ 476263.661052002804354, 5525297.090015343390405 ], [ 476279.847644343972206, 5525269.055721651762724 ], [ 476286.617482506146189, 5525255.618456772528589 ], [ 476289.033514883136377, 5525248.419922015629709 ], [ 476252.867241827130783, 5525231.033460986800492 ], [ 476235.311839333677199, 5525220.955512325279415 ], [ 476223.850115770648699, 5525215.316660098731518 ], [ 476209.708492813224439, 5525210.327675594948232 ], [ 476199.359958229353651, 5525208.298088711686432 ], [ 476157.207202218822204, 5525202.559256836771965 ], [ 476148.590294935856946, 5525201.379496973007917 ], [ 476122.236576584924478, 5525197.77023162972182 ], [ 476098.521528406941798, 5525194.520893024280667 ], [ 476076.109323626791593, 5525191.521503541618586 ], [ 476054.859782891406212, 5525188.682081500068307 ], [ 476041.864332290366292, 5525186.942435599863529 ], [ 476037.790885211026762, 5525185.892649281769991 ], [ 476033.634979688969906, 5525184.822867033071816 ] ] ] ] } },
{ "type": "Feature", "properties": { "StatBez": 120, "stat_Bez_1": "Rheintor/Grafenstrasse" }, "geometry": { "type": "MultiPolygon", "coordinates": [ [ [ [ 474700.488104103133082, 5524869.856977527961135 ], [ 474704.503830272413325, 5524870.596826932393014 ], [ 474713.656717434176244, 5524842.312584117986262 ], [ 474715.545015776704531, 5524836.50376648735255 ], [ 474719.874084028997459, 5524815.288084886036813 ], [ 474727.320081422803923, 5524778.85550064407289 ], [ 474747.53889162192354, 5524684.724660734646022 ], [ 474750.952671157952864, 5524668.777906655333936 ], [ 474754.011879389523529, 5524655.170676371082664 ], [ 474754.234517185366713, 5524654.180877842009068 ], [ 474760.971371970314067, 5524624.126995231956244 ], [ 474768.829661578696687, 5524589.104124045930803 ], [ 474777.050768335757311, 5524549.102266322821379 ], [ 474782.855842715944164, 5524520.868013331666589 ], [ 474783.177430643234402, 5524519.268338940106332 ], [ 474789.683401788119227, 5524487.594786012545228 ], [ 474805.292785029043444, 5524411.640246362425387 ], [ 474817.702780685503967, 5524351.942397705279291 ], [ 474821.652540100447368, 5524332.896274495869875 ], [ 474836.486813978117425, 5524261.510804822668433 ], [ 474840.378852483001538, 5524242.794614455662668 ], [ 474817.595584709721152, 5524237.855619776062667 ], [ 474821.77622776478529, 5524217.809700070880353 ], [ 474841.69818756938912, 5524122.249151173979044 ], [ 474830.228218162024859, 5524119.829643659293652 ], [ 474699.94387837999966, 5524092.335240073502064 ], [ 474692.250505657400936, 5524090.715569754131138 ], [ 474681.102124177385122, 5524088.366047993302345 ], [ 474656.273887020244729, 5524082.577226291410625 ], [ 474632.600068063475192, 5524077.068347610533237 ], [ 474555.014919139037374, 5524060.881642372347414 ], [ 474508.450636433379259, 5524051.573537013493478 ], [ 474435.821239927026909, 5524037.486404412426054 ], [ 474413.507985278323758, 5524030.707784183323383 ], [ 474383.691012325696647, 5524017.590454182587564 ], [ 474373.218790077313315, 5524068.380116078071296 ], [ 474358.137140870967414, 5524141.525227579288185 ], [ 474303.739306089817546, 5524129.867600458674133 ], [ 474298.453719899873249, 5524155.272429370321333 ], [ 474280.923054939426947, 5524239.475290096364915 ], [ 474277.921567617740948, 5524253.882357575930655 ], [ 474265.536309494229499, 5524309.870961238630116 ], [ 474263.664502840372734, 5524318.609182596206665 ], [ 474249.209537799993996, 5524385.785509028472006 ], [ 474242.497420547995716, 5524405.131571185775101 ], [ 474231.06868036207743, 5524467.898795079439878 ], [ 474228.265093303460162, 5524483.245671262033284 ], [ 474218.427801065437961, 5524532.145717785693705 ], [ 474216.020014532841742, 5524556.650729851797223 ], [ 474208.796654934762046, 5524590.013938856311142 ], [ 474215.624214006878901, 5524591.563623423688114 ], [ 474243.445692641369533, 5524597.552404422312975 ], [ 474251.94715810433263, 5524599.382032005116343 ], [ 474261.00109513476491, 5524601.251651449128985 ], [ 474251.114327831077389, 5524646.192503854632378 ], [ 474249.943417941860389, 5524649.751779373735189 ], [ 474247.956169467943255, 5524652.291262469254434 ], [ 474245.672070599684957, 5524653.810953139327466 ], [ 474242.274782752094325, 5524656.20046676043421 ], [ 474239.421720627811737, 5524658.539990555495024 ], [ 474237.640618261182681, 5524662.049276249483228 ], [ 474236.824279676424339, 5524665.14864538051188 ], [ 474236.774804610700812, 5524668.248014513403177 ], [ 474238.506431911664549, 5524681.875240726396441 ], [ 474238.506431911606342, 5524693.062963494099677 ], [ 474236.77480461075902, 5524704.750584508292377 ], [ 474233.031191303045489, 5524721.907092344947159 ], [ 474223.41653686092468, 5524765.858146222308278 ], [ 474289.441012091003358, 5524779.675333768129349 ], [ 474306.237796909699682, 5524783.184619463048875 ], [ 474363.909231873927638, 5524795.302152969874442 ], [ 474376.723273900570348, 5524797.991605538874865 ], [ 474418.348295876465272, 5524807.399690548889339 ], [ 474478.6584010135266, 5524821.036914724856615 ], [ 474533.064481638954021, 5524832.74453166872263 ], [ 474552.170102858915925, 5524836.85369526129216 ], [ 474566.385938414896373, 5524840.013052182272077 ], [ 474668.593178389477544, 5524862.748424454592168 ], [ 474693.165794373664539, 5524868.22730924282223 ], [ 474700.488104103133082, 5524869.856977527961135 ] ] ] ] } },
{ "type": "Feature", "properties": { "StatBez": 110, "stat_Bez_1": "Stadtzentrum" }, "geometry": { "type": "MultiPolygon", "coordinates": [ [ [ [ 474704.503830272413325, 5524870.596826932393014 ], [ 474716.880842551705427, 5524872.876362941227853 ], [ 474771.963082408823539, 5524883.06428921315819 ], [ 474800.468966119398829, 5524888.333216736093163 ], [ 474823.260479736956768, 5524893.332199206575751 ], [ 474837.31139840715332, 5524896.411572409793735 ], [ 474888.748975088179577, 5524907.679278896190226 ], [ 474883.150046815222595, 5524921.246517320163548 ], [ 474880.354705600941088, 5524931.174496504478157 ], [ 474875.778262020030525, 5524952.360184213146567 ], [ 474874.409451867803, 5524960.6285012178123 ], [ 474873.477671463100705, 5524970.00659233238548 ], [ 474873.197312757256441, 5524980.764402606524527 ], [ 474873.296262888645288, 5524982.913965069688857 ], [ 474873.543638217379339, 5524988.642798980697989 ], [ 474874.269272514909972, 5524999.130664202384651 ], [ 474887.116297918721102, 5524992.79195442982018 ], [ 474894.232461540959775, 5524989.252674842253327 ], [ 474921.361289255146403, 5524974.255727431736887 ], [ 474941.217282305413391, 5524963.70787442009896 ], [ 474942.561354924691841, 5524962.98802094347775 ], [ 474945.117566654575057, 5524961.628297711722553 ], [ 474946.750243823975325, 5524960.768472727388144 ], [ 474950.584561418858357, 5524958.728887880221009 ], [ 474952.736726778559387, 5524957.589119876734912 ], [ 474963.967566701583564, 5524951.630332772620022 ], [ 474960.438345345377456, 5524942.442202991805971 ], [ 474964.511792424716987, 5524922.516258867457509 ], [ 474965.179705812130123, 5524919.316910086199641 ], [ 474965.649718936649151, 5524917.047372044995427 ], [ 474966.086748684057966, 5524914.89780958276242 ], [ 474967.100987531710416, 5524910.148776236921549 ], [ 474969.393332244362682, 5524898.971051432192326 ], [ 474970.168441607500426, 5524895.201818651519716 ], [ 474980.813826585945208, 5524897.321387218311429 ], [ 474982.669141551305074, 5524897.691311921924353 ], [ 474983.064942077209707, 5524897.781293604522943 ], [ 474984.021460014802869, 5524897.981252904050052 ], [ 474988.960720744507853, 5524900.370766524225473 ], [ 474995.920213325298391, 5524889.333013230934739 ], [ 475002.657068110187538, 5524877.88534337375313 ], [ 475002.871460061694961, 5524877.535414601676166 ], [ 475009.806215109594632, 5524865.987765095196664 ], [ 475013.351928154297639, 5524860.108961711637676 ], [ 475014.893901036528405, 5524857.53948472160846 ], [ 475016.452365607430693, 5524854.950011802837253 ], [ 475019.890882676350884, 5524849.231175856664777 ], [ 475034.617960578238126, 5524824.796149543486536 ], [ 475037.776118941314053, 5524807.339702758006752 ], [ 475051.917741898738313, 5524729.145618963055313 ], [ 475054.515182850009296, 5524714.80853723641485 ], [ 475068.483643077255692, 5524717.647959281690419 ], [ 475072.375681582139805, 5524718.427800546400249 ], [ 475078.106543363712262, 5524690.253535345196724 ], [ 475095.010524158249609, 5524607.080465009436011 ], [ 475097.335852248012088, 5524595.802760558202863 ], [ 475099.776622157834936, 5524589.064132189378142 ], [ 475102.794601168017834, 5524584.065149717964232 ], [ 475105.820826022361871, 5524580.115953565575182 ], [ 475110.471482201945037, 5524576.276735029183328 ], [ 475145.928612648975104, 5524554.651136863976717 ], [ 475161.100966142606921, 5524546.43280968349427 ], [ 475165.454771927674301, 5524544.073289956897497 ], [ 475175.358030919916928, 5524527.13673735037446 ], [ 475195.106827994517516, 5524505.351171744987369 ], [ 475225.228897185879759, 5524485.165280532091856 ], [ 475244.392239315842744, 5524471.857989196665585 ], [ 475249.785021481453441, 5524465.989183775149286 ], [ 475254.633577923988923, 5524460.720256252214313 ], [ 475263.662777421588544, 5524452.591910756193101 ], [ 475273.508315503888298, 5524443.713717890903354 ], [ 475285.835852717340458, 5524432.615976806730032 ], [ 475299.754837878921535, 5524422.388058673590422 ], [ 475313.154334850201849, 5524414.559652124531567 ], [ 475345.428569401206914, 5524394.42375073581934 ], [ 475343.597991968796123, 5524386.14543576631695 ], [ 475338.922598256438505, 5524347.203362325206399 ], [ 475336.102519509266131, 5524323.758134540170431 ], [ 475335.418114433123264, 5524316.779555013403296 ], [ 475334.560546626977157, 5524308.111319408752024 ], [ 475334.288433765410446, 5524305.28189533110708 ], [ 475334.552300782757811, 5524297.173545764759183 ], [ 475334.643005069869105, 5524294.71404638979584 ], [ 475336.564286789507605, 5524284.896044817753136 ], [ 475340.612996335839853, 5524266.859716066159308 ], [ 475342.319886103912722, 5524255.991928176954389 ], [ 475342.81463676126441, 5524245.963969342410564 ], [ 475342.171460906683933, 5524237.795631986111403 ], [ 475340.208949965599459, 5524228.107603959739208 ], [ 475337.83414681017166, 5524219.889276777394116 ], [ 475307.646110864472575, 5524220.81908751744777 ], [ 475304.859015494410414, 5524220.36917909514159 ], [ 475280.137974312994629, 5524216.389989050105214 ], [ 475258.286486944532953, 5524212.860707423649728 ], [ 475187.067129811737686, 5524197.773778331466019 ], [ 475175.069426369853318, 5524195.224297271110117 ], [ 475121.397225886175875, 5524183.85661113448441 ], [ 475101.194907375669573, 5524179.577482140623033 ], [ 475038.097706868604291, 5524166.200205051340163 ], [ 475020.022816184908152, 5524162.370984478853643 ], [ 475001.073866006569006, 5524157.10205695591867 ], [ 474984.211114433477633, 5524152.413011399097741 ], [ 474960.1579866395914, 5524145.714374888688326 ], [ 474950.53508635313483, 5524143.044918251223862 ], [ 474871.144097529002465, 5524126.168353431858122 ], [ 474864.959714311466087, 5524124.858620024286211 ], [ 474841.69818756938912, 5524122.249151173979044 ], [ 474821.77622776478529, 5524217.809700070880353 ], [ 474817.595584709721152, 5524237.855619776062667 ], [ 474840.378852483001538, 5524242.794614455662668 ], [ 474836.486813978117425, 5524261.510804822668433 ], [ 474821.652540100447368, 5524332.896274495869875 ], [ 474817.702780685503967, 5524351.942397705279291 ], [ 474805.292785029043444, 5524411.640246362425387 ], [ 474789.683401788119227, 5524487.594786012545228 ], [ 474783.177430643234402, 5524519.268338940106332 ], [ 474782.855842715944164, 5524520.868013331666589 ], [ 474777.050768335757311, 5524549.102266322821379 ], [ 474768.829661578696687, 5524589.104124045930803 ], [ 474760.971371970314067, 5524624.126995231956244 ], [ 474754.234517185366713, 5524654.180877842009068 ], [ 474754.011879389523529, 5524655.170676371082664 ], [ 474750.952671157952864, 5524668.777906655333936 ], [ 474747.53889162192354, 5524684.724660734646022 ], [ 474727.320081422803923, 5524778.85550064407289 ], [ 474719.874084028997459, 5524815.288084886036813 ], [ 474715.545015776704531, 5524836.50376648735255 ], [ 474713.656717434176244, 5524842.312584117986262 ], [ 474704.503830272413325, 5524870.596826932393014 ] ] ] ] } },
{ "type": "Feature", "properties": { "StatBez": 130, "stat_Bez_1": "Hochschulviertel" }, "geometry": { "type": "MultiPolygon", "coordinates": [ [ [ [ 475238.966473773063626, 5524553.441383106634021 ], [ 475225.26188056304818, 5524551.231832854449749 ], [ 475194.273997721262276, 5524546.832728281617165 ], [ 475165.454771927674301, 5524544.073289956897497 ], [ 475161.100966142606921, 5524546.43280968349427 ], [ 475145.928612648975104, 5524554.651136863976717 ], [ 475110.471482201945037, 5524576.276735029183328 ], [ 475105.820826022361871, 5524580.115953565575182 ], [ 475102.794601168017834, 5524584.065149717964232 ], [ 475099.776622157834936, 5524589.064132189378142 ], [ 475097.335852248012088, 5524595.802760558202863 ], [ 475095.010524158249609, 5524607.080465009436011 ], [ 475078.106543363712262, 5524690.253535345196724 ], [ 475072.375681582139805, 5524718.427800546400249 ], [ 475068.483643077255692, 5524717.647959281690419 ], [ 475054.515182850009296, 5524714.80853723641485 ], [ 475051.917741898738313, 5524729.145618963055313 ], [ 475037.776118941314053, 5524807.339702758006752 ], [ 475034.617960578238126, 5524824.796149543486536 ], [ 475019.890882676350884, 5524849.231175856664777 ], [ 475016.452365607430693, 5524854.950011802837253 ], [ 475014.893901036528405, 5524857.53948472160846 ], [ 475013.351928154297639, 5524860.108961711637676 ], [ 475009.806215109594632, 5524865.987765095196664 ], [ 475002.871460061694961, 5524877.535414601676166 ], [ 475002.657068110187538, 5524877.88534337375313 ], [ 474995.920213325298391, 5524889.333013230934739 ], [ 474988.960720744507853, 5524900.370766524225473 ], [ 474984.021460014802869, 5524897.981252904050052 ], [ 474983.064942077209707, 5524897.781293604522943 ], [ 474982.669141551305074, 5524897.691311921924353 ], [ 474980.813826585945208, 5524897.321387218311429 ], [ 474970.168441607500426, 5524895.201818651519716 ], [ 474969.393332244362682, 5524898.971051432192326 ], [ 474967.100987531710416, 5524910.148776236921549 ], [ 474966.086748684057966, 5524914.89780958276242 ], [ 474965.649718936649151, 5524917.047372044995427 ], [ 474965.179705812130123, 5524919.316910086199641 ], [ 474964.511792424716987, 5524922.516258867457509 ], [ 474960.438345345377456, 5524942.442202991805971 ], [ 474963.967566701583564, 5524951.630332772620022 ], [ 474952.736726778559387, 5524957.589119876734912 ], [ 474950.584561418858357, 5524958.728887880221009 ], [ 474946.750243823975325, 5524960.768472727388144 ], [ 474945.117566654575057, 5524961.628297711722553 ], [ 474942.561354924691841, 5524962.98802094347775 ], [ 474941.217282305413391, 5524963.70787442009896 ], [ 474921.361289255146403, 5524974.255727431736887 ], [ 474894.232461540959775, 5524989.252674842253327 ], [ 474887.116297918721102, 5524992.79195442982018 ], [ 474874.269272514909972, 5524999.130664202384651 ], [ 474874.392960179247893, 5525000.89030603133142 ], [ 474876.429683718888555, 5525029.984384005889297 ], [ 474882.08633290178841, 5525110.757942757569253 ], [ 474886.431892842636444, 5525173.0352663686499 ], [ 474888.344928717939183, 5525200.489678094163537 ], [ 474889.65601796010742, 5525219.345839971676469 ], [ 474891.338170195173007, 5525243.410941581241786 ], [ 474895.254946233006194, 5525298.899646999314427 ], [ 474898.594513170421124, 5525347.859681308269501 ], [ 474899.534539419459179, 5525361.966809839941561 ], [ 474900.524040734278969, 5525370.924986424855888 ], [ 474900.878612038795836, 5525373.324498010799289 ], [ 474943.130318180657923, 5525364.196356020867825 ], [ 474985.258336658298504, 5525355.678089892491698 ], [ 475027.782155661843717, 5525347.069842079654336 ], [ 475034.71691070968518, 5525345.910078146494925 ], [ 475040.266363916918635, 5525344.980267405509949 ], [ 475050.45822745928308, 5525343.000670349225402 ], [ 475053.459714780910872, 5525342.670737504959106 ], [ 475055.818026247783564, 5525343.000670349225402 ], [ 475058.572138240735512, 5525343.940479054115713 ], [ 475060.518157493148465, 5525345.350192110054195 ], [ 475060.600615936040413, 5525345.410179898142815 ], [ 475062.868223115743604, 5525347.819689448922873 ], [ 475071.427409488824196, 5525362.15677117370069 ], [ 475121.372488353343215, 5525332.372833617031574 ], [ 475126.938433249073569, 5525329.053509257733822 ], [ 475183.356499881250784, 5525295.430353165604174 ], [ 475206.618026623385958, 5525281.243240914307535 ], [ 475212.769426463753916, 5525276.514203497208655 ], [ 475235.74234865559265, 5525263.276897916570306 ], [ 475265.064570950868074, 5525223.07508089300245 ], [ 475267.694995279423892, 5525219.175874565728009 ], [ 475274.242195645696484, 5525209.467850610613823 ], [ 475306.376250843750313, 5525150.719808621332049 ], [ 475314.465424092311878, 5525135.692867318168283 ], [ 475341.305647256260272, 5525085.87300802115351 ], [ 475346.706675266148522, 5525075.735071572475135 ], [ 475357.871548434719443, 5525076.584898591972888 ], [ 475368.079903665813617, 5525075.925032906234264 ], [ 475377.826491616666317, 5525074.315360548906028 ], [ 475386.921657868544571, 5525070.216194925829768 ], [ 475396.544558154942933, 5525079.134379651397467 ], [ 475463.789418339845724, 5525083.683453698642552 ], [ 475473.816364996542688, 5525084.343319385312498 ], [ 475475.061487484257668, 5525084.493288859724998 ], [ 475483.084693978482392, 5525085.473089423961937 ], [ 475489.302060573128983, 5525086.642851321958005 ], [ 475502.932441184530035, 5525067.02684411033988 ], [ 475507.78924347134307, 5525061.248020373284817 ], [ 475522.351404487504624, 5525039.672412034124136 ], [ 475525.855888310703449, 5525031.394097062759101 ], [ 475565.782266362861264, 5524972.386107987724245 ], [ 475585.1929838215583, 5524944.291826506145298 ], [ 475591.665971589216497, 5524937.353238836862147 ], [ 475627.799261267995462, 5524884.0740836719051 ], [ 475635.575092433486134, 5524889.742929792962968 ], [ 475648.339659394405317, 5524866.177726430818439 ], [ 475654.029291954473592, 5524855.459908013232052 ], [ 475658.201689165260177, 5524844.332173037342727 ], [ 475659.76015373604605, 5524836.923681015148759 ], [ 475674.495477482269052, 5524766.677979345433414 ], [ 475678.329795077152085, 5524748.421695367433131 ], [ 475677.793815198238008, 5524744.33252770639956 ], [ 475675.254095157026313, 5524724.716520493850112 ], [ 475672.442262254015077, 5524703.110918258316815 ], [ 475670.224130140035413, 5524686.024396176449955 ], [ 475665.697161624848377, 5524651.171490394510329 ], [ 475654.326142348872963, 5524563.579319555312395 ], [ 475644.521833488135599, 5524565.049020402133465 ], [ 475628.780516738479491, 5524567.388544197194278 ], [ 475604.348080107185524, 5524570.467917399480939 ], [ 475565.905954027199186, 5524575.046985341235995 ], [ 475539.139943461981602, 5524578.246334124356508 ], [ 475519.20149196870625, 5524580.39589658472687 ], [ 475511.301973138877656, 5524581.255721569061279 ], [ 475492.353022960422095, 5524582.895387819036841 ], [ 475468.786399979609996, 5524584.914976738393307 ], [ 475439.183818978548516, 5524587.454459832049906 ], [ 475429.981456750829238, 5524588.004347903653979 ], [ 475421.809825059492141, 5524588.244299062527716 ], [ 475409.977038503391668, 5524588.184311273507774 ], [ 475398.441102341632359, 5524587.694410990923643 ], [ 475389.428394532646053, 5524586.944563619792461 ], [ 475380.489899322332349, 5524585.984758986160159 ], [ 475366.620389226533007, 5524584.025157857686281 ], [ 475355.86780827230541, 5524581.985573010519147 ], [ 475351.761377815913875, 5524580.985776516608894 ], [ 475337.875376031617634, 5524577.59646640252322 ], [ 475329.646023430163041, 5524575.586875448934734 ], [ 475293.58694634999847, 5524566.7986642671749 ], [ 475284.458796720951796, 5524564.549122154712677 ], [ 475248.251294443616644, 5524555.590945568867028 ], [ 475238.966473773063626, 5524553.441383106634021 ] ] ] ] } },
{ "type": "Feature", "properties": { "StatBez": 320, "stat_Bez_1": "Mathildenhöhe" }, "geometry": { "type": "MultiPolygon", "coordinates": [ [ [ [ 476033.634979688969906, 5525184.822867033071816 ], [ 476037.790885211026762, 5525185.892649281769991 ], [ 476041.864332290366292, 5525186.942435599863529 ], [ 476054.859782891406212, 5525188.682081500068307 ], [ 476076.109323626791593, 5525191.521503541618586 ], [ 476098.521528406941798, 5525194.520893024280667 ], [ 476122.236576584924478, 5525197.77023162972182 ], [ 476148.590294935856946, 5525201.379496973007917 ], [ 476157.207202218822204, 5525202.559256836771965 ], [ 476199.359958229353651, 5525208.298088711686432 ], [ 476209.708492813224439, 5525210.327675594948232 ], [ 476223.850115770648699, 5525215.316660098731518 ], [ 476235.311839333677199, 5525220.955512325279415 ], [ 476252.867241827130783, 5525231.033460986800492 ], [ 476289.033514883136377, 5525248.419922015629709 ], [ 476291.268138685671147, 5525241.761277365498245 ], [ 476315.527412586845458, 5525188.222175111994147 ], [ 476340.35564974398585, 5525133.43332723993808 ], [ 476347.17496297188336, 5525115.746927261352539 ], [ 476347.661467785015702, 5525114.487183679826558 ], [ 476358.026494057558011, 5525093.441467481665313 ], [ 476383.201056674821302, 5525050.170275219716132 ], [ 476430.490973678068258, 5524970.086576051078737 ], [ 476436.337277279642876, 5524959.83866198733449 ], [ 476448.92868151050061, 5524937.743159471079707 ], [ 476472.907596705772448, 5524909.558896305039525 ], [ 476477.228419113787822, 5524901.51053452771157 ], [ 476504.744801509426907, 5524850.250968280248344 ], [ 476474.078506594989449, 5524834.804112447425723 ], [ 476512.743270470760763, 5524747.501882590353489 ], [ 476500.077653641346842, 5524748.961585473269224 ], [ 476488.121179420792032, 5524749.291518314741552 ], [ 476475.942067404510453, 5524749.321512210182846 ], [ 476458.873169724247418, 5524749.371502035297453 ], [ 476394.901909722422715, 5524747.43189683649689 ], [ 476365.480737295700237, 5524746.322122728452086 ], [ 476357.853331327438354, 5524746.042179710231721 ], [ 476339.64650713512674, 5524744.142566372640431 ], [ 476323.4928981710691, 5524741.063193171285093 ], [ 476317.226056510640774, 5524739.543502500280738 ], [ 476309.491454566537868, 5524737.263966494239867 ], [ 476303.076187708997168, 5524734.8744528722018 ], [ 476293.164682872360572, 5524730.725297422148287 ], [ 476281.455583980539814, 5524725.076447232626379 ], [ 476266.143051134014968, 5524716.378217733465135 ], [ 476253.58463028044207, 5524708.509819326922297 ], [ 476242.832049326156266, 5524701.161315094679594 ], [ 476233.728637230000459, 5524694.352700971066952 ], [ 476225.49103878432652, 5524687.364123478531837 ], [ 476220.741432473354507, 5524682.805051465518773 ], [ 476213.979840155516285, 5524675.256587935611606 ], [ 476213.023322217864916, 5524674.19680365268141 ], [ 476206.121550547075458, 5524665.968478506430984 ], [ 476198.230277561640833, 5524658.34003125783056 ], [ 476190.751296790665947, 5524652.491221766918898 ], [ 476182.142635351861827, 5524647.372263718396425 ], [ 476173.92977443896234, 5524643.073138793930411 ], [ 476164.743903899972793, 5524638.674034220166504 ], [ 476163.73791089648148, 5524638.264117658138275 ], [ 476152.152499669115059, 5524633.395108732394874 ], [ 476141.746244175126776, 5524629.815837282687426 ], [ 476128.684826819750015, 5524625.716671658679843 ], [ 476127.769538103544619, 5524625.436728639528155 ], [ 476116.068685056059621, 5524622.177392069250345 ], [ 476111.368553810694721, 5524620.917648486793041 ], [ 476102.100224828755017, 5524618.398161321878433 ], [ 476089.937604501028545, 5524615.368777945637703 ], [ 476088.799677989038173, 5524615.078836962580681 ], [ 476003.207814258756116, 5524594.882947782985866 ], [ 475989.932004951930139, 5524591.133710931055248 ], [ 475961.788938390091062, 5524582.925381714478135 ], [ 475935.888741475297138, 5524575.366920219734311 ], [ 475914.680429961415939, 5524570.187974380329251 ], [ 475854.428045734355692, 5524556.070847886614501 ], [ 475828.066081539262086, 5524549.892105553299189 ], [ 475825.781982670887373, 5524549.35221544560045 ], [ 475821.048868048470467, 5524548.552378251217306 ], [ 475811.054904768883716, 5524547.252642808482051 ], [ 475799.593181205797009, 5524546.522791368886828 ], [ 475793.895302801392972, 5524546.472801542840898 ], [ 475789.912560009397566, 5524546.43280968349427 ], [ 475781.872861826617736, 5524546.682758806273341 ], [ 475776.183229266607668, 5524547.16266112588346 ], [ 475771.227476848231163, 5524547.572577686049044 ], [ 475755.247030614234973, 5524549.262233762070537 ], [ 475748.064900237659458, 5524550.012081131339073 ], [ 475729.462275519385003, 5524552.331608998589218 ], [ 475718.72618625377072, 5524553.671336300671101 ], [ 475691.580866851145402, 5524557.820491751655936 ], [ 475678.939987554505933, 5524559.780092877335846 ], [ 475654.326142348872963, 5524563.579319555312395 ], [ 475665.697161624848377, 5524651.171490394510329 ], [ 475670.224130140035413, 5524686.024396176449955 ], [ 475672.442262254015077, 5524703.110918258316815 ], [ 475675.254095157026313, 5524724.716520493850112 ], [ 475677.793815198238008, 5524744.33252770639956 ], [ 475678.329795077152085, 5524748.421695367433131 ], [ 475674.495477482269052, 5524766.677979345433414 ], [ 475659.76015373604605, 5524836.923681015148759 ], [ 475658.201689165260177, 5524844.332173037342727 ], [ 475654.029291954473592, 5524855.459908013232052 ], [ 475648.339659394405317, 5524866.177726430818439 ], [ 475635.575092433486134, 5524889.742929792962968 ], [ 475647.160503660910763, 5524898.191210168413818 ], [ 475658.490293715381995, 5524906.439531243406236 ], [ 475691.086116193677299, 5524932.104307243600488 ], [ 475694.565862484101672, 5524934.853747603483498 ], [ 475721.389593959436752, 5524955.969449555501342 ], [ 475760.244012253999244, 5524986.563222272321582 ], [ 475773.272446232265793, 5524997.940906374715269 ], [ 475779.267175030952785, 5525003.63974639121443 ], [ 475784.651711352402344, 5525008.748706473037601 ], [ 475834.555560995417181, 5525048.760562163777649 ], [ 475846.660460413142573, 5525058.478584085591137 ], [ 475862.847052754485048, 5525068.736496115103364 ], [ 475894.824436911032535, 5525084.873211527243257 ], [ 475922.538719569682144, 5525098.860364478081465 ], [ 475936.408229665539693, 5525105.978915515355766 ], [ 475944.538632135489024, 5525111.06787967029959 ], [ 475952.487626030982938, 5525117.066658633761108 ], [ 475961.64051319292048, 5525124.925059077329934 ], [ 476020.326187004859094, 5525176.68452357314527 ], [ 476027.071287634025794, 5525181.853471445851028 ], [ 476033.634979688969906, 5525184.822867033071816 ] ] ] ] } },
{ "type": "Feature", "properties": { "StatBez": 150, "stat_Bez_1": "St. Ludwig mit Eichbergviertel" }, "geometry": { "type": "MultiPolygon", "coordinates": [ [ [ [ 474642.478589523059782, 5523307.794931231997907 ], [ 474638.891647256910801, 5523289.528649287298322 ], [ 474638.042325294984039, 5523280.710444209165871 ], [ 474633.457635869795922, 5523194.00809224974364 ], [ 474631.923908831784502, 5523164.114177078939974 ], [ 474603.302583301265258, 5523165.383918625302613 ], [ 474589.251664631010499, 5523166.01379041839391 ], [ 474490.235566396790091, 5523170.39289906155318 ], [ 474458.274673928681295, 5523172.342502225190401 ], [ 474455.677232977352105, 5523212.07441489584744 ], [ 474447.126292448607273, 5523342.847796310670674 ], [ 474438.171305549622048, 5523473.791143131442368 ], [ 474426.948711470933631, 5523543.916869219392538 ], [ 474425.893243401893415, 5523550.505528115667403 ], [ 474409.516996641876176, 5523624.660434074699879 ], [ 474396.933838255354203, 5523681.678828128613532 ], [ 474394.023055221070535, 5523694.886139813810587 ], [ 474392.192477788659744, 5523704.034277733415365 ], [ 474383.493112062686123, 5523747.365457785315812 ], [ 474372.245780451106839, 5523803.434045166708529 ], [ 474371.050133029115386, 5523809.372836342081428 ], [ 474369.912206517066807, 5523814.321828987449408 ], [ 474364.972945787361823, 5523835.697478028945625 ], [ 474362.804288739105687, 5523845.08556710742414 ], [ 474339.649957972811535, 5523957.052776470780373 ], [ 474338.709931723715272, 5523961.591852553188801 ], [ 474332.542040194792207, 5523991.315802319906652 ], [ 474319.018855559173971, 5524056.48253779951483 ], [ 474309.181563321209978, 5524103.702926210127771 ], [ 474303.739306089817546, 5524129.867600458674133 ], [ 474358.137140870967414, 5524141.525227579288185 ], [ 474373.218790077313315, 5524068.380116078071296 ], [ 474383.691012325696647, 5524017.590454182587564 ], [ 474413.507985278323758, 5524030.707784183323383 ], [ 474435.821239927026909, 5524037.486404412426054 ], [ 474508.450636433379259, 5524051.573537013493478 ], [ 474555.014919139037374, 5524060.881642372347414 ], [ 474632.600068063475192, 5524077.068347610533237 ], [ 474656.273887020244729, 5524082.577226291410625 ], [ 474681.102124177385122, 5524088.366047993302345 ], [ 474692.250505657400936, 5524090.715569754131138 ], [ 474699.94387837999966, 5524092.335240073502064 ], [ 474830.228218162024859, 5524119.829643659293652 ], [ 474841.69818756938912, 5524122.249151173979044 ], [ 474864.959714311466087, 5524124.858620024286211 ], [ 474871.144097529002465, 5524126.168353431858122 ], [ 474950.53508635313483, 5524143.044918251223862 ], [ 474960.1579866395914, 5524145.714374888688326 ], [ 474984.211114433477633, 5524152.413011399097741 ], [ 475001.073866006569006, 5524157.10205695591867 ], [ 475020.022816184908152, 5524162.370984478853643 ], [ 475038.097706868604291, 5524166.200205051340163 ], [ 475101.194907375669573, 5524179.577482140623033 ], [ 475121.397225886175875, 5524183.85661113448441 ], [ 475175.069426369853318, 5524195.224297271110117 ], [ 475187.067129811737686, 5524197.773778331466019 ], [ 475258.286486944532953, 5524212.860707423649728 ], [ 475280.137974312994629, 5524216.389989050105214 ], [ 475304.859015494410414, 5524220.36917909514159 ], [ 475307.646110864472575, 5524220.81908751744777 ], [ 475337.83414681017166, 5524219.889276777394116 ], [ 475329.744973561668303, 5524197.703792576678097 ], [ 475325.069579849252477, 5524186.985974160954356 ], [ 475319.586093396414071, 5524177.607883048243821 ], [ 475312.305012888275087, 5524165.100428906269372 ], [ 475284.062996194988955, 5524115.210583858191967 ], [ 475274.027803694130853, 5524096.644362962804735 ], [ 475270.803678576718085, 5524089.795756979845464 ], [ 475268.585546462738421, 5524084.276880331337452 ], [ 475266.301447594421916, 5524077.508258067071438 ], [ 475264.693507957796101, 5524069.409906465560198 ], [ 475263.88541521737352, 5524059.771868264302611 ], [ 475263.844185995985754, 5524057.862256960943341 ], [ 475263.621548200084362, 5524047.954273704439402 ], [ 475264.025594570324756, 5524039.106074732728302 ], [ 475264.388411719119176, 5524031.057712957262993 ], [ 475265.122291860869154, 5524014.341115577146411 ], [ 475265.748976026952732, 5524000.114011466503143 ], [ 475270.300682074972428, 5523901.704042561352253 ], [ 475271.570542095694691, 5523866.511205974034965 ], [ 475272.28793054894777, 5523846.505278129130602 ], [ 475273.030056534975301, 5523826.039443897083402 ], [ 475269.542064400389791, 5523797.675217361189425 ], [ 475266.054072265629657, 5523781.458518230356276 ], [ 475264.091561324661598, 5523775.659698564559221 ], [ 475259.251250726461876, 5523761.322616839781404 ], [ 475256.060108986159321, 5523752.054503341205418 ], [ 475253.841976872179657, 5523746.575618552975357 ], [ 475246.898975980002433, 5523730.828823774121702 ], [ 475246.000178952352144, 5523728.779240960255265 ], [ 475238.009955835412256, 5523710.372987506911159 ], [ 475228.601447500463109, 5523688.687401551753283 ], [ 475221.740905051177833, 5523672.88061898201704 ], [ 475196.599325811024755, 5523614.95241011865437 ], [ 475183.73580871860031, 5523585.558393194340169 ], [ 475172.290576844126917, 5523559.383720982819796 ], [ 475171.169142020691652, 5523556.81424399279058 ], [ 475165.298100886167958, 5523542.617133776657283 ], [ 475159.822860277607106, 5523528.719962511211634 ], [ 475157.827365959470626, 5523521.551421649754047 ], [ 475156.846110488870181, 5523513.653029347769916 ], [ 475155.988542682724074, 5523503.595076616853476 ], [ 475155.683446444047149, 5523494.346959047019482 ], [ 475155.444316959590651, 5523482.629344137385488 ], [ 475155.279400073864963, 5523474.011098360642791 ], [ 475158.305624928208999, 5523443.077394834719598 ], [ 475162.783118377730716, 5523398.416485447436571 ], [ 475167.90378768183291, 5523359.494407935999334 ], [ 475169.214876923942938, 5523349.546432821080089 ], [ 475170.286836681596469, 5523341.388093429617584 ], [ 475175.770323134434875, 5523299.756567420437932 ], [ 475107.667895143327769, 5523255.345607156865299 ], [ 475106.17539732682053, 5523254.825712980702519 ], [ 475094.771394673793111, 5523250.876516829244792 ], [ 475080.143266903352924, 5523246.627381729893386 ], [ 475074.45363434322644, 5523245.787552673369646 ], [ 475068.236267748638056, 5523249.506795631721616 ], [ 475043.366801369935274, 5523258.984866394661367 ], [ 475023.502562475274317, 5523264.533736936748028 ], [ 475020.542304375267122, 5523265.353570060804486 ], [ 474955.144513311213814, 5523284.189736009575427 ], [ 474949.207505422469694, 5523285.899388014338911 ], [ 474885.285720486368518, 5523292.348075400106609 ], [ 474878.062360888288822, 5523293.337873928248882 ], [ 474863.145628567668609, 5523295.377458777278662 ], [ 474837.822640753060114, 5523297.996925591491163 ], [ 474808.104617931996472, 5523300.916331354528666 ], [ 474743.894228445715271, 5523304.315639433450997 ], [ 474697.255733141500968, 5523305.465405401773751 ], [ 474681.60512067907257, 5523306.125271086581051 ], [ 474642.478589523059782, 5523307.794931231997907 ] ] ] ] } },
{ "type": "Feature", "properties": { "StatBez": 140, "stat_Bez_1": "Kapellplatzviertel" }, "geometry": { "type": "MultiPolygon", "coordinates": [ [ [ [ 475566.145083511655685, 5523632.368865043856204 ], [ 475503.905450810736511, 5523588.5177908167243 ], [ 475498.026163832051679, 5523584.308647576719522 ], [ 475440.569120819272939, 5523543.107034060172737 ], [ 475427.293311512388755, 5523530.859527007676661 ], [ 475414.165927402675152, 5523517.862172586843371 ], [ 475405.309890635195188, 5523509.073961403220892 ], [ 475404.650223092001397, 5523508.424093682318926 ], [ 475387.061837221379392, 5523489.218003033660352 ], [ 475375.295017419557553, 5523476.360620121471584 ], [ 475372.5986263367231, 5523479.75992819853127 ], [ 475367.263565081113484, 5523486.448566744104028 ], [ 475332.960852834687103, 5523529.479807847179472 ], [ 475324.146045288769528, 5523520.621610910631716 ], [ 475308.726316466461867, 5523532.40921157412231 ], [ 475299.350791508739349, 5523539.577752434648573 ], [ 475275.998560479434673, 5523557.434117819182575 ], [ 475271.430362742801663, 5523560.603472705930471 ], [ 475263.209255985624623, 5523542.387180583551526 ], [ 475236.970979454810731, 5523562.083171516656876 ], [ 475191.726031835656613, 5523581.979121746495366 ], [ 475191.387952219694853, 5523582.129091219976544 ], [ 475185.805515635351185, 5523584.548598735593259 ], [ 475183.73580871860031, 5523585.558393194340169 ], [ 475196.599325811024755, 5523614.95241011865437 ], [ 475221.740905051177833, 5523672.88061898201704 ], [ 475228.601447500463109, 5523688.687401551753283 ], [ 475238.009955835412256, 5523710.372987506911159 ], [ 475246.000178952352144, 5523728.779240960255265 ], [ 475246.898975980002433, 5523730.828823774121702 ], [ 475253.841976872179657, 5523746.575618552975357 ], [ 475256.060108986159321, 5523752.054503341205418 ], [ 475259.251250726461876, 5523761.322616839781404 ], [ 475264.091561324661598, 5523775.659698564559221 ], [ 475266.054072265629657, 5523781.458518230356276 ], [ 475269.542064400389791, 5523797.675217361189425 ], [ 475273.030056534975301, 5523826.039443897083402 ], [ 475272.28793054894777, 5523846.505278129130602 ], [ 475271.570542095694691, 5523866.511205974034965 ], [ 475270.300682074972428, 5523901.704042561352253 ], [ 475265.748976026952732, 5524000.114011466503143 ], [ 475265.122291860869154, 5524014.341115577146411 ], [ 475264.388411719119176, 5524031.057712957262993 ], [ 475264.025594570324756, 5524039.106074732728302 ], [ 475263.621548200084362, 5524047.954273704439402 ], [ 475263.844185995985754, 5524057.862256960943341 ], [ 475263.88541521737352, 5524059.771868264302611 ], [ 475264.693507957796101, 5524069.409906465560198 ], [ 475266.301447594421916, 5524077.508258067071438 ], [ 475268.585546462738421, 5524084.276880331337452 ], [ 475270.803678576718085, 5524089.795756979845464 ], [ 475274.027803694130853, 5524096.644362962804735 ], [ 475284.062996194988955, 5524115.210583858191967 ], [ 475312.305012888275087, 5524165.100428906269372 ], [ 475319.586093396414071, 5524177.607883048243821 ], [ 475325.069579849252477, 5524186.985974160954356 ], [ 475329.744973561668303, 5524197.703792576678097 ], [ 475337.83414681017166, 5524219.889276777394116 ], [ 475340.208949965599459, 5524228.107603959739208 ], [ 475342.171460906683933, 5524237.795631986111403 ], [ 475342.81463676126441, 5524245.963969342410564 ], [ 475342.319886103912722, 5524255.991928176954389 ], [ 475340.612996335839853, 5524266.859716066159308 ], [ 475336.564286789507605, 5524284.896044817753136 ], [ 475334.643005069869105, 5524294.71404638979584 ], [ 475334.552300782757811, 5524297.173545764759183 ], [ 475334.288433765410446, 5524305.28189533110708 ], [ 475334.560546626977157, 5524308.111319408752024 ], [ 475335.418114433123264, 5524316.779555013403296 ], [ 475336.102519509266131, 5524323.758134540170431 ], [ 475338.922598256438505, 5524347.203362325206399 ], [ 475343.597991968796123, 5524386.14543576631695 ], [ 475345.428569401206914, 5524394.42375073581934 ], [ 475313.154334850201849, 5524414.559652124531567 ], [ 475299.754837878921535, 5524422.388058673590422 ], [ 475285.835852717340458, 5524432.615976806730032 ], [ 475273.508315503888298, 5524443.713717890903354 ], [ 475263.662777421588544, 5524452.591910756193101 ], [ 475254.633577923988923, 5524460.720256252214313 ], [ 475249.785021481453441, 5524465.989183775149286 ], [ 475244.392239315842744, 5524471.857989196665585 ], [ 475225.228897185879759, 5524485.165280532091856 ], [ 475195.106827994517516, 5524505.351171744987369 ], [ 475175.358030919916928, 5524527.13673735037446 ], [ 475165.454771927674301, 5524544.073289956897497 ], [ 475194.273997721262276, 5524546.832728281617165 ], [ 475225.26188056304818, 5524551.231832854449749 ], [ 475238.966473773063626, 5524553.441383106634021 ], [ 475248.251294443616644, 5524555.590945568867028 ], [ 475284.458796720951796, 5524564.549122154712677 ], [ 475293.58694634999847, 5524566.7986642671749 ], [ 475329.646023430163041, 5524575.586875448934734 ], [ 475337.875376031617634, 5524577.59646640252322 ], [ 475351.761377815913875, 5524580.985776516608894 ], [ 475355.86780827230541, 5524581.985573010519147 ], [ 475366.620389226533007, 5524584.025157857686281 ], [ 475380.489899322332349, 5524585.984758986160159 ], [ 475389.428394532646053, 5524586.944563619792461 ], [ 475398.441102341632359, 5524587.694410990923643 ], [ 475409.977038503391668, 5524588.184311273507774 ], [ 475421.809825059492141, 5524588.244299062527716 ], [ 475429.981456750829238, 5524588.004347903653979 ], [ 475439.183818978548516, 5524587.454459832049906 ], [ 475468.786399979609996, 5524584.914976738393307 ], [ 475492.353022960422095, 5524582.895387819036841 ], [ 475511.301973138877656, 5524581.255721569061279 ], [ 475519.20149196870625, 5524580.39589658472687 ], [ 475539.139943461981602, 5524578.246334124356508 ], [ 475565.905954027199186, 5524575.046985341235995 ], [ 475604.348080107185524, 5524570.467917399480939 ], [ 475628.780516738479491, 5524567.388544197194278 ], [ 475644.521833488135599, 5524565.049020402133465 ], [ 475654.326142348872963, 5524563.579319555312395 ], [ 475678.939987554505933, 5524559.780092877335846 ], [ 475691.580866851145402, 5524557.820491751655936 ], [ 475718.72618625377072, 5524553.671336300671101 ], [ 475729.462275519385003, 5524552.331608998589218 ], [ 475748.064900237659458, 5524550.012081131339073 ], [ 475755.247030614234973, 5524549.262233762070537 ], [ 475751.453942240797915, 5524488.464608960784972 ], [ 475749.417218701157253, 5524463.239743417128921 ], [ 475747.809279064589646, 5524443.393783012405038 ], [ 475746.910482037055772, 5524430.656375679187477 ], [ 475746.753810995549429, 5524428.576798970811069 ], [ 475744.857266808860004, 5524401.842240721918643 ], [ 475744.164615888439585, 5524392.104222869500518 ], [ 475744.049174068437424, 5524390.614526094868779 ], [ 475740.816803106688894, 5524349.042987872846425 ], [ 475740.371527515002526, 5524343.254166173748672 ], [ 475737.617415522225201, 5524318.699164281599224 ], [ 475736.273342902946752, 5524306.681610423140228 ], [ 475735.687887958367355, 5524299.603051245212555 ], [ 475735.391037563851569, 5524296.133757411502302 ], [ 475730.814593982941005, 5524241.584860697388649 ], [ 475728.382069917453919, 5524203.342644803225994 ], [ 475727.738894062815234, 5524180.907211477868259 ], [ 475726.567984173656441, 5524140.175502312369645 ], [ 475730.963019180111587, 5524136.726204407401383 ], [ 475735.325070809631143, 5524132.447075412608683 ], [ 475739.687122438976076, 5524126.938196731731296 ], [ 475753.540140846220311, 5524105.562547689303756 ], [ 475759.80698250659043, 5524095.894515591673553 ], [ 475767.195258990454022, 5524084.466841665096581 ], [ 475772.942612460581586, 5524075.568652870133519 ], [ 475777.230451491370331, 5524068.940002114512026 ], [ 475782.144974688300863, 5524061.341548760421574 ], [ 475823.98438861570321, 5523996.904664722271264 ], [ 475838.150749105901923, 5523975.079107257537544 ], [ 475843.221943344280589, 5523967.460657972842455 ], [ 475846.718181323143654, 5523961.981773185543716 ], [ 475849.447555783146527, 5523957.712642156518996 ], [ 475854.708404440199956, 5523948.694477780722082 ], [ 475858.550967879302334, 5523941.65591046307236 ], [ 475867.489463089732453, 5523924.459410767070949 ], [ 475874.127367743174545, 5523910.542243569158018 ], [ 475883.643072053790092, 5523888.866655580699444 ], [ 475891.666278547956608, 5523870.590375670231879 ], [ 475913.105473702016752, 5523821.710325078107417 ], [ 475916.882070386840496, 5523813.082081334665418 ], [ 475920.29584992286982, 5523805.203684961423278 ], [ 475921.912035403773189, 5523800.794582424685359 ], [ 475857.26461617014138, 5523774.030030279420316 ], [ 475768.06107264093589, 5523737.077551860362291 ], [ 475747.232069964287803, 5523728.37932236213237 ], [ 475676.746592973417137, 5523698.905321720056236 ], [ 475670.232375984312966, 5523694.866143884137273 ], [ 475638.370433647767641, 5523675.050177373923361 ], [ 475589.447839475178625, 5523646.136062767356634 ], [ 475577.50785694323713, 5523639.077499519102275 ], [ 475566.145083511655685, 5523632.368865043856204 ] ] ] ] } },
{ "type": "Feature", "properties": { "StatBez": 330, "stat_Bez_1": "Woogsviertel" }, "geometry": { "type": "MultiPolygon", "coordinates": [ [ [ [ 476567.322513826249633, 5524671.687314451672137 ], [ 476574.059368611196987, 5524674.926655092276633 ], [ 476592.010571630496997, 5524683.554898836649954 ], [ 476631.071136032231152, 5524604.221047036349773 ], [ 476635.606350391753949, 5524595.332856204360723 ], [ 476644.973629505257122, 5524577.006586470641196 ], [ 476647.224744996346999, 5524575.646863237954676 ], [ 476666.676691676548216, 5524539.874144681729376 ], [ 476683.786818578315433, 5524513.269559977576137 ], [ 476707.353441559127532, 5524482.515819822438061 ], [ 476727.539268380962312, 5524458.930620529688895 ], [ 476751.006941230327357, 5524432.945909650996327 ], [ 476761.858472316002008, 5524421.488241828046739 ], [ 476798.981263309600763, 5524387.215218015015125 ], [ 476828.443664957711007, 5524362.200309733860195 ], [ 476835.279469874163624, 5524356.52146564796567 ], [ 476836.19475859036902, 5524355.77161827776581 ], [ 476860.140690408530645, 5524337.505336332134902 ], [ 476865.335572311189026, 5524333.806089304387569 ], [ 476867.512475203839131, 5524332.256404738873243 ], [ 476850.385856613400392, 5524303.952165994793177 ], [ 476844.242702617309988, 5524293.934205124154687 ], [ 476840.746464638446923, 5524290.044996761716902 ], [ 476836.095808458863758, 5524286.675682578235865 ], [ 476826.151320245058741, 5524279.767088804394007 ], [ 476821.245042892638594, 5524275.797896723262966 ], [ 476817.278791789081879, 5524271.308810465037823 ], [ 476814.417483820521738, 5524267.25963466335088 ], [ 476806.476735769130755, 5524253.312473570927978 ], [ 476798.865821489540394, 5524239.565271780826151 ], [ 476772.256481965712737, 5524189.985363643616438 ], [ 476680.496726706565823, 5524234.256352396681905 ], [ 476667.410571818298195, 5524240.575066238641739 ], [ 476612.649919888470322, 5524266.999687574803829 ], [ 476597.939333675079979, 5524273.018462469801307 ], [ 476565.368248729675543, 5524284.106205588206649 ], [ 476538.791892582841683, 5524293.1443658946082 ], [ 476533.778419254580513, 5524294.854017898440361 ], [ 476504.274788384907879, 5524315.8597422381863 ], [ 476476.37909715186106, 5524322.858317694626749 ], [ 476469.081524955341592, 5524308.581223761662841 ], [ 476450.215033219719771, 5524271.648741273209453 ], [ 476442.538152185734361, 5524256.621799968183041 ], [ 476432.519451373373158, 5524237.005792755633593 ], [ 476430.416761079453863, 5524232.876633236184716 ], [ 476429.691126781923231, 5524231.466920179314911 ], [ 476424.776603585050907, 5524201.762966341339052 ], [ 476416.085483703413047, 5524149.203664653003216 ], [ 476414.24666042678291, 5524138.105923569761217 ], [ 476411.072010375093669, 5524120.169574467465281 ], [ 476405.308165216352791, 5524087.58620672672987 ], [ 476404.516564164543524, 5524083.147110293619335 ], [ 476394.275225556339137, 5524020.169929136522114 ], [ 476393.81345827615587, 5524017.120549829676747 ], [ 476387.967154674464837, 5524018.330303587019444 ], [ 476380.900466118007898, 5524018.830201834440231 ], [ 476358.504753026354592, 5524016.600655653513968 ], [ 476244.25033454404911, 5524005.232969515956938 ], [ 476244.94298546446953, 5523989.616148279979825 ], [ 476246.550925101037137, 5523970.240092226304114 ], [ 476249.931721259956248, 5523949.294355675578117 ], [ 476207.078068484785035, 5523929.498385095968843 ], [ 476135.636073556263, 5523896.495102828368545 ], [ 476131.768772584153339, 5523894.745458964258432 ], [ 476086.804183670785278, 5523874.409598276950419 ], [ 476069.182814423111267, 5523867.201065555214882 ], [ 476057.3830112440628, 5523861.862152276560664 ], [ 475999.051908736641053, 5523835.477522800676525 ], [ 475991.086423152533825, 5523831.878255422227085 ], [ 475981.628439751919359, 5523828.768888327293098 ], [ 475958.004095861047972, 5523818.291021067649126 ], [ 475924.872293503780384, 5523802.024332112632692 ], [ 475921.912035403773189, 5523800.794582424685359 ], [ 475920.29584992286982, 5523805.203684961423278 ], [ 475916.882070386840496, 5523813.082081334665418 ], [ 475913.105473702016752, 5523821.710325078107417 ], [ 475891.666278547956608, 5523870.590375670231879 ], [ 475883.643072053790092, 5523888.866655580699444 ], [ 475874.127367743174545, 5523910.542243569158018 ], [ 475867.489463089732453, 5523924.459410767070949 ], [ 475858.550967879302334, 5523941.65591046307236 ], [ 475854.708404440199956, 5523948.694477780722082 ], [ 475849.447555783146527, 5523957.712642156518996 ], [ 475846.718181323143654, 5523961.981773185543716 ], [ 475843.221943344280589, 5523967.460657972842455 ], [ 475838.150749105901923, 5523975.079107257537544 ], [ 475823.98438861570321, 5523996.904664722271264 ], [ 475782.144974688300863, 5524061.341548760421574 ], [ 475777.230451491370331, 5524068.940002114512026 ], [ 475772.942612460581586, 5524075.568652870133519 ], [ 475767.195258990454022, 5524084.466841665096581 ], [ 475759.80698250659043, 5524095.894515591673553 ], [ 475753.540140846220311, 5524105.562547689303756 ], [ 475739.687122438976076, 5524126.938196731731296 ], [ 475735.325070809631143, 5524132.447075412608683 ], [ 475730.963019180111587, 5524136.726204407401383 ], [ 475726.567984173656441, 5524140.175502312369645 ], [ 475727.738894062815234, 5524180.907211477868259 ], [ 475728.382069917453919, 5524203.342644803225994 ], [ 475730.814593982941005, 5524241.584860697388649 ], [ 475735.391037563851569, 5524296.133757411502302 ], [ 475735.687887958367355, 5524299.603051245212555 ], [ 475736.273342902946752, 5524306.681610423140228 ], [ 475737.617415522225201, 5524318.699164281599224 ], [ 475740.371527515002526, 5524343.254166173748672 ], [ 475740.816803106688894, 5524349.042987872846425 ], [ 475744.049174068437424, 5524390.614526094868779 ], [ 475744.164615888439585, 5524392.104222869500518 ], [ 475744.857266808860004, 5524401.842240721918643 ], [ 475746.753810995549429, 5524428.576798970811069 ], [ 475746.910482037055772, 5524430.656375679187477 ], [ 475747.809279064589646, 5524443.393783012405038 ], [ 475749.417218701157253, 5524463.239743417128921 ], [ 475751.453942240797915, 5524488.464608960784972 ], [ 475755.247030614234973, 5524549.262233762070537 ], [ 475771.227476848231163, 5524547.572577686049044 ], [ 475776.183229266607668, 5524547.16266112588346 ], [ 475781.872861826617736, 5524546.682758806273341 ], [ 475789.912560009397566, 5524546.43280968349427 ], [ 475793.895302801392972, 5524546.472801542840898 ], [ 475799.593181205797009, 5524546.522791368886828 ], [ 475811.054904768883716, 5524547.252642808482051 ], [ 475821.048868048470467, 5524548.552378251217306 ], [ 475825.781982670887373, 5524549.35221544560045 ], [ 475828.066081539262086, 5524549.892105553299189 ], [ 475854.428045734355692, 5524556.070847886614501 ], [ 475914.680429961415939, 5524570.187974380329251 ], [ 475935.888741475297138, 5524575.366920219734311 ], [ 475961.788938390091062, 5524582.925381714478135 ], [ 475989.932004951930139, 5524591.133710931055248 ], [ 476003.207814258756116, 5524594.882947782985866 ], [ 476088.799677989038173, 5524615.078836962580681 ], [ 476089.937604501028545, 5524615.368777945637703 ], [ 476102.100224828755017, 5524618.398161321878433 ], [ 476111.368553810694721, 5524620.917648486793041 ], [ 476116.068685056059621, 5524622.177392069250345 ], [ 476127.769538103544619, 5524625.436728639528155 ], [ 476128.684826819750015, 5524625.716671658679843 ], [ 476141.746244175126776, 5524629.815837282687426 ], [ 476152.152499669115059, 5524633.395108732394874 ], [ 476163.73791089648148, 5524638.264117658138275 ], [ 476164.743903899972793, 5524638.674034220166504 ], [ 476173.92977443896234, 5524643.073138793930411 ], [ 476182.142635351861827, 5524647.372263718396425 ], [ 476190.751296790665947, 5524652.491221766918898 ], [ 476198.230277561640833, 5524658.34003125783056 ], [ 476206.121550547075458, 5524665.968478506430984 ], [ 476213.023322217864916, 5524674.19680365268141 ], [ 476213.979840155516285, 5524675.256587935611606 ], [ 476220.741432473354507, 5524682.805051465518773 ], [ 476225.49103878432652, 5524687.364123478531837 ], [ 476233.728637230000459, 5524694.352700971066952 ], [ 476242.832049326156266, 5524701.161315094679594 ], [ 476253.58463028044207, 5524708.509819326922297 ], [ 476266.143051134014968, 5524716.378217733465135 ], [ 476281.455583980539814, 5524725.076447232626379 ], [ 476293.164682872360572, 5524730.725297422148287 ], [ 476303.076187708997168, 5524734.8744528722018 ], [ 476309.491454566537868, 5524737.263966494239867 ], [ 476317.226056510640774, 5524739.543502500280738 ], [ 476323.4928981710691, 5524741.063193171285093 ], [ 476336.562561370607, 5524743.562684405595064 ], [ 476339.64650713512674, 5524744.142566372640431 ], [ 476357.853331327438354, 5524746.042179710231721 ], [ 476365.480737295700237, 5524746.322122728452086 ], [ 476394.901909722422715, 5524747.43189683649689 ], [ 476458.873169724247418, 5524749.371502035297453 ], [ 476475.942067404510453, 5524749.321512210182846 ], [ 476488.121179420792032, 5524749.291518314741552 ], [ 476500.077653641346842, 5524748.961585473269224 ], [ 476512.743270470760763, 5524747.501882590353489 ], [ 476517.715514577692375, 5524745.062379146926105 ], [ 476524.59254871547455, 5524740.723262363113463 ], [ 476530.405868939938955, 5524735.124401996843517 ], [ 476534.957574988133274, 5524729.515543665736914 ], [ 476567.322513826249633, 5524671.687314451672137 ] ] ] ] } },
{ "type": "Feature", "properties": { "StatBez": 410, "stat_Bez_1": "Paulusviertel" }, "geometry": { "type": "MultiPolygon", "coordinates": [ [ [ [ 475649.188981356215663, 5522156.879197163507342 ], [ 475483.744361521676183, 5522202.119988517835736 ], [ 475480.338827829924412, 5522203.93961813673377 ], [ 475463.352388592553325, 5522213.987572902813554 ], [ 475452.904903877119068, 5522222.705798328854144 ], [ 475445.096089334459975, 5522231.024105159565806 ], [ 475437.386224923306145, 5522241.881895082071424 ], [ 475430.59164922835771, 5522253.349560870788991 ], [ 475399.232703393441625, 5522309.038225585594773 ], [ 475387.226754107279703, 5522330.343888872303069 ], [ 475376.878219523292501, 5522348.660160643048584 ], [ 475350.136946490791161, 5522396.020520563237369 ], [ 475336.135502886434551, 5522420.365565191954374 ], [ 475332.655756596010178, 5522426.384340086020529 ], [ 475311.703066255140584, 5522463.916700472123921 ], [ 475291.500747744576074, 5522500.239307098090649 ], [ 475280.649216658959631, 5522519.745336696505547 ], [ 475277.054028548533097, 5522526.733914189971983 ], [ 475267.835174632316921, 5522544.680261256173253 ], [ 475259.08633384067798, 5522557.307690975256264 ], [ 475246.865992602834012, 5522571.114880557172 ], [ 475201.563324073620606, 5522609.976970280520618 ], [ 475201.192261080548633, 5522628.413217627443373 ], [ 475200.598560291691683, 5522657.827230482362211 ], [ 475197.910415053134784, 5522792.42983247153461 ], [ 475197.852694143133704, 5522795.229262652806938 ], [ 475197.44864777289331, 5522817.44474074896425 ], [ 475195.3294657903607, 5522935.220767742954195 ], [ 475194.941911108675413, 5522956.676400504074991 ], [ 475192.715533150476404, 5523079.97130414377898 ], [ 475190.950922472344246, 5523086.200036303140223 ], [ 475188.666823604085948, 5523094.24839807767421 ], [ 475188.501906718185637, 5523097.227791630662978 ], [ 475184.89847276348155, 5523164.964004099369049 ], [ 475183.331762348359916, 5523194.448002708144486 ], [ 475182.2762942793197, 5523218.053197930566967 ], [ 475180.742567241366487, 5523252.676150519400835 ], [ 475179.357265400583856, 5523265.753488659858704 ], [ 475178.557418504438829, 5523273.361939978785813 ], [ 475175.770323134434875, 5523299.756567420437932 ], [ 475170.286836681596469, 5523341.388093429617584 ], [ 475169.214876923942938, 5523349.546432821080089 ], [ 475167.90378768183291, 5523359.494407935999334 ], [ 475162.783118377730716, 5523398.416485447436571 ], [ 475158.305624928208999, 5523443.077394834719598 ], [ 475155.279400073864963, 5523474.011098360642791 ], [ 475155.444316959590651, 5523482.629344137385488 ], [ 475155.683446444047149, 5523494.346959047019482 ], [ 475155.988542682724074, 5523503.595076616853476 ], [ 475156.846110488870181, 5523513.653029347769916 ], [ 475157.827365959470626, 5523521.551421649754047 ], [ 475159.822860277607106, 5523528.719962511211634 ], [ 475165.298100886167958, 5523542.617133776657283 ], [ 475171.169142020691652, 5523556.81424399279058 ], [ 475172.290576844126917, 5523559.383720982819796 ], [ 475183.73580871860031, 5523585.558393194340169 ], [ 475185.805515635351185, 5523584.548598735593259 ], [ 475191.387952219694853, 5523582.129091219976544 ], [ 475191.726031835656613, 5523581.979121746495366 ], [ 475236.970979454810731, 5523562.083171516656876 ], [ 475263.209255985624623, 5523542.387180583551526 ], [ 475271.430362742801663, 5523560.603472705930471 ], [ 475275.998560479434673, 5523557.434117819182575 ], [ 475299.350791508739349, 5523539.577752434648573 ], [ 475308.726316466461867, 5523532.40921157412231 ], [ 475324.146045288769528, 5523520.621610910631716 ], [ 475332.960852834687103, 5523529.479807847179472 ], [ 475367.263565081113484, 5523486.448566744104028 ], [ 475372.5986263367231, 5523479.75992819853127 ], [ 475375.295017419557553, 5523476.360620121471584 ], [ 475387.061837221379392, 5523489.218003033660352 ], [ 475404.650223092001397, 5523508.424093682318926 ], [ 475405.309890635195188, 5523509.073961403220892 ], [ 475414.165927402675152, 5523517.862172586843371 ], [ 475427.293311512388755, 5523530.859527007676661 ], [ 475440.569120819272939, 5523543.107034060172737 ], [ 475498.026163832051679, 5523584.308647576719522 ], [ 475503.905450810736511, 5523588.5177908167243 ], [ 475566.145083511655685, 5523632.368865043856204 ], [ 475577.50785694323713, 5523639.077499519102275 ], [ 475589.447839475178625, 5523646.136062767356634 ], [ 475638.370433647767641, 5523675.050177373923361 ], [ 475670.232375984312966, 5523694.866143884137273 ], [ 475676.746592973417137, 5523698.905321720056236 ], [ 475747.232069964287803, 5523728.37932236213237 ], [ 475768.06107264093589, 5523737.077551860362291 ], [ 475857.26461617014138, 5523774.030030279420316 ], [ 475921.912035403773189, 5523800.794582424685359 ], [ 475928.112910309748258, 5523785.837626872584224 ], [ 475931.419493870111182, 5523778.699079905636609 ], [ 475934.462210413126741, 5523772.090425080619752 ], [ 475941.232048575184308, 5523756.643569248728454 ], [ 475946.31148865778232, 5523744.166109003126621 ], [ 475956.041584919963498, 5523720.470932096242905 ], [ 475965.483076632139273, 5523699.165268807671964 ], [ 476004.922949871164747, 5523610.233370666392148 ], [ 476055.692613164603245, 5523498.726067692041397 ], [ 476071.145325364137534, 5523464.033129349350929 ], [ 476079.127302636799868, 5523446.676662214100361 ], [ 476081.881414629810024, 5523439.478127457201481 ], [ 476084.099546743673272, 5523432.929460420273244 ], [ 476085.798190667410381, 5523425.94088292773813 ], [ 476087.373146926809568, 5523419.062283049337566 ], [ 476088.972840719041415, 5523411.353852081112564 ], [ 476090.341650871268939, 5523402.455663283355534 ], [ 476094.786160943564028, 5523374.001455063931644 ], [ 476095.38810757669853, 5523370.522163264453411 ], [ 476108.119691160449293, 5523297.617002923041582 ], [ 476113.298081374610774, 5523267.783075541257858 ], [ 476116.621156623470597, 5523246.317444815300405 ], [ 476117.280824166664388, 5523242.078307681716979 ], [ 476119.226843419077341, 5523229.490869821049273 ], [ 476121.766563460463658, 5523214.014020094648004 ], [ 476124.091891550284345, 5523199.866899704560637 ], [ 476129.80626164318528, 5523149.297193037346005 ], [ 476138.043860088859219, 5523094.63831871189177 ], [ 476140.74849701608764, 5523076.721965538337827 ], [ 476153.133755139540881, 5522996.318331492133439 ], [ 476157.32264403894078, 5522968.903911625035107 ], [ 476166.030255609133746, 5522911.955503326840699 ], [ 476166.66518561943667, 5522907.776353982277215 ], [ 476182.225093794753775, 5522820.294160758145154 ], [ 476183.412495372467674, 5522811.735902769491076 ], [ 476188.401231167954393, 5522776.003176072612405 ], [ 476188.937211046810262, 5522772.153959573246539 ], [ 476194.280518146697432, 5522728.042938256636262 ], [ 476207.127543550508562, 5522645.619715291075408 ], [ 476216.494822663953528, 5522592.310566230677068 ], [ 476221.516541836608667, 5522574.424206953495741 ], [ 476237.835067686450202, 5522527.253808366134763 ], [ 476274.355912046972662, 5522429.543697007931769 ], [ 476323.872207008302212, 5522290.272045392543077 ], [ 476332.876668973010965, 5522267.616656839847565 ], [ 476294.970522771938704, 5522262.307737456634641 ], [ 476258.680562051536981, 5522253.149601571261883 ], [ 476007.73478277400136, 5522182.184046427719295 ], [ 475845.613238188321702, 5522136.883267283439636 ], [ 475832.07356186414836, 5522134.133826925419271 ], [ 475816.785766550514381, 5522131.934274639002979 ], [ 475803.979970368149225, 5522131.004463898949325 ], [ 475790.498014953976963, 5522130.194628739729524 ], [ 475777.411860065767542, 5522130.39458803832531 ], [ 475762.956895025447011, 5522131.254413024522364 ], [ 475743.974961469823029, 5522133.583938854746521 ], [ 475727.499764578416944, 5522136.893265249207616 ], [ 475649.188981356215663, 5522156.879197163507342 ] ] ] ] } },
{ "type": "Feature", "properties": { "StatBez": 420, "stat_Bez_1": "Alt-Bessungen" }, "geometry": { "type": "MultiPolygon", "coordinates": [ [ [ [ 474642.478589523059782, 5523307.794931231997907 ], [ 474681.60512067907257, 5523306.125271086581051 ], [ 474697.255733141500968, 5523305.465405401773751 ], [ 474743.894228445715271, 5523304.315639433450997 ], [ 474808.104617931996472, 5523300.916331354528666 ], [ 474837.822640753060114, 5523297.996925591491163 ], [ 474863.145628567668609, 5523295.377458777278662 ], [ 474878.062360888288822, 5523293.337873928248882 ], [ 474885.285720486368518, 5523292.348075400106609 ], [ 474949.207505422469694, 5523285.899388014338911 ], [ 474955.144513311213814, 5523284.189736009575427 ], [ 475020.542304375267122, 5523265.353570060804486 ], [ 475023.502562475274317, 5523264.533736936748028 ], [ 475043.366801369935274, 5523258.984866394661367 ], [ 475068.236267748638056, 5523249.506795631721616 ], [ 475074.45363434322644, 5523245.787552673369646 ], [ 475080.143266903352924, 5523246.627381729893386 ], [ 475094.771394673793111, 5523250.876516829244792 ], [ 475106.17539732682053, 5523254.825712980702519 ], [ 475107.667895143327769, 5523255.345607156865299 ], [ 475175.770323134434875, 5523299.756567420437932 ], [ 475178.557418504438829, 5523273.361939978785813 ], [ 475179.357265400583856, 5523265.753488659858704 ], [ 475180.742567241366487, 5523252.676150519400835 ], [ 475182.2762942793197, 5523218.053197930566967 ], [ 475183.331762348359916, 5523194.448002708144486 ], [ 475184.89847276348155, 5523164.964004099369049 ], [ 475188.501906718185637, 5523097.227791630662978 ], [ 475188.666823604085948, 5523094.24839807767421 ], [ 475190.950922472344246, 5523086.200036303140223 ], [ 475192.715533150476404, 5523079.97130414377898 ], [ 475194.941911108675413, 5522956.676400504074991 ], [ 475195.3294657903607, 5522935.220767742954195 ], [ 475197.44864777289331, 5522817.44474074896425 ], [ 475197.852694143133704, 5522795.229262652806938 ], [ 475197.910415053134784, 5522792.42983247153461 ], [ 475200.598560291691683, 5522657.827230482362211 ], [ 475201.192261080548633, 5522628.413217627443373 ], [ 475201.563324073620606, 5522609.976970280520618 ], [ 475246.865992602834012, 5522571.114880557172 ], [ 475259.08633384067798, 5522557.307690975256264 ], [ 475267.835174632316921, 5522544.680261256173253 ], [ 475277.054028548533097, 5522526.733914189971983 ], [ 475280.649216658959631, 5522519.745336696505547 ], [ 475291.500747744576074, 5522500.239307098090649 ], [ 475311.703066255140584, 5522463.916700472123921 ], [ 475332.655756596010178, 5522426.384340086020529 ], [ 475288.359081070113461, 5522401.929317843168974 ], [ 475278.125988306244835, 5522398.679979237727821 ], [ 475269.294689071597531, 5522396.810359794646502 ], [ 475263.704006643034518, 5522396.190485969185829 ], [ 475252.704050360189285, 5522394.960736280307174 ], [ 475204.276206845010165, 5522393.940943855792284 ], [ 475189.219295171438716, 5522393.740984557196498 ], [ 475096.164942358795088, 5522392.521232834085822 ], [ 475092.215182943909895, 5522392.471243010833859 ], [ 475063.800003520562313, 5522392.061326447874308 ], [ 475037.891560761432629, 5522391.641411920078099 ], [ 475010.853437334473711, 5522391.22149739228189 ], [ 474978.777103046420962, 5522390.711601180955768 ], [ 474941.044119575351942, 5522390.121721249073744 ], [ 474903.937820270308293, 5522389.511845387518406 ], [ 474888.592304046615027, 5522389.241900334134698 ], [ 474819.863191889540758, 5522387.992154717445374 ], [ 474809.102365091035608, 5522387.802193384617567 ], [ 474792.148909230774734, 5522387.502254435792565 ], [ 474776.391100792621728, 5522387.212313450872898 ], [ 474754.655055244162213, 5522386.822392819449306 ], [ 474740.397990466735791, 5522386.562445729970932 ], [ 474721.432548599783331, 5522386.322494571097195 ], [ 474695.04584687174065, 5522386.062547483481467 ], [ 474600.004245585179888, 5522384.602844603359699 ], [ 474537.624433531425893, 5522387.382278856821358 ], [ 474515.278195505437907, 5522389.151918650604784 ], [ 474490.466450036852621, 5522391.411458726041019 ], [ 474442.096327431674581, 5522396.640394388698041 ], [ 474402.747158479818609, 5522403.159067530184984 ], [ 474348.728632536018267, 5522414.536751633509994 ], [ 474355.209866147954017, 5522443.560843854211271 ], [ 474362.111637818685267, 5522473.364777338691056 ], [ 474368.625854807847645, 5522498.199722250923514 ], [ 474381.951139180513564, 5522547.479691439308226 ], [ 474394.814656272879802, 5522600.02899516467005 ], [ 474404.272639673494268, 5522646.369562660343945 ], [ 474409.459275731875096, 5522675.743583656847477 ], [ 474414.002735935675446, 5522701.488343376666307 ], [ 474424.837775332736783, 5522762.785866422578692 ], [ 474428.012425384367816, 5522783.771594831719995 ], [ 474433.067127934133168, 5522817.174795697443187 ], [ 474435.763519016967621, 5522835.031161079183221 ], [ 474435.96141927986173, 5522841.699803693220019 ], [ 474437.280754366365727, 5522886.780627608299255 ], [ 474438.055863729619887, 5522913.245240805670619 ], [ 474438.682547895645257, 5522934.660881706513464 ], [ 474439.655557521851733, 5522945.548665524460375 ], [ 474439.886441161972471, 5522948.148136410862207 ], [ 474441.931410545948893, 5522964.454817228019238 ], [ 474443.514612649567425, 5522974.812708904966712 ], [ 474453.937359832169022, 5523042.558919339440763 ], [ 474454.827911015483551, 5523067.463850003667176 ], [ 474455.413365960121155, 5523084.050473840907216 ], [ 474457.507810409704689, 5523142.588558563962579 ], [ 474458.472574191633612, 5523169.363108673132956 ], [ 474458.274673928681295, 5523172.342502225190401 ], [ 474490.235566396790091, 5523170.39289906155318 ], [ 474589.251664631010499, 5523166.01379041839391 ], [ 474603.302583301265258, 5523165.383918625302613 ], [ 474631.923908831784502, 5523164.114177078939974 ], [ 474633.457635869795922, 5523194.00809224974364 ], [ 474638.042325294984039, 5523280.710444209165871 ], [ 474638.891647256910801, 5523289.528649287298322 ], [ 474642.478589523059782, 5523307.794931231997907 ] ] ] ] } },
{ "type": "Feature", "properties": { "StatBez": 510, "stat_Bez_1": "Am Südbahnhof" }, "geometry": { "type": "MultiPolygon", "coordinates": [ [ [ [ 474234.449476520996541, 5522961.185482691042125 ], [ 474324.823929939360823, 5522955.44665081705898 ], [ 474352.340312335058115, 5522953.697006952017546 ], [ 474378.842455883161165, 5522952.01734884083271 ], [ 474405.938300220121164, 5522950.217715153470635 ], [ 474439.886441161972471, 5522948.148136410862207 ], [ 474439.655557521851733, 5522945.548665524460375 ], [ 474438.682547895645257, 5522934.660881706513464 ], [ 474438.055863729619887, 5522913.245240805670619 ], [ 474437.280754366365727, 5522886.780627608299255 ], [ 474435.96141927986173, 5522841.699803693220019 ], [ 474435.763519016967621, 5522835.031161079183221 ], [ 474433.067127934133168, 5522817.174795697443187 ], [ 474428.012425384367816, 5522783.771594831719995 ], [ 474424.837775332736783, 5522762.785866422578692 ], [ 474414.002735935675446, 5522701.488343376666307 ], [ 474409.459275731875096, 5522675.743583656847477 ], [ 474404.272639673494268, 5522646.369562660343945 ], [ 474394.814656272879802, 5522600.02899516467005 ], [ 474381.951139180513564, 5522547.479691439308226 ], [ 474368.625854807847645, 5522498.199722250923514 ], [ 474362.111637818685267, 5522473.364777338691056 ], [ 474355.209866147954017, 5522443.560843854211271 ], [ 474348.728632536018267, 5522414.536751633509994 ], [ 474300.416230840957724, 5522203.549697504378855 ], [ 474259.005600816453807, 5522042.582461968995631 ], [ 474171.88001004839316, 5521825.136722489260137 ], [ 474139.036812241305597, 5521743.183403875678778 ], [ 474119.749782447004691, 5521682.325791286304593 ], [ 474115.387730817659758, 5521668.568591529503465 ], [ 474091.078981850703713, 5521615.639365137554705 ], [ 474044.2590779720922, 5521513.680118679068983 ], [ 474055.90221010951791, 5521576.347362923435867 ], [ 474066.308465603506193, 5521634.565512768924236 ], [ 474069.524344876641408, 5521699.462303193286061 ], [ 474066.893920548085589, 5521753.521299625746906 ], [ 474067.347441984107718, 5521808.750057952478528 ], [ 474066.127057029225398, 5521852.491154566407204 ], [ 474063.208028150489554, 5521901.311217366717756 ], [ 474062.408181254402734, 5521910.489349181763828 ], [ 474059.769511081569362, 5521940.913156494498253 ], [ 474057.064874154515564, 5521966.307987443171442 ], [ 474048.802538175834343, 5522026.485738417133689 ], [ 474039.558946726785507, 5522077.625329083763063 ], [ 474027.957043810747564, 5522132.494160675443709 ], [ 474012.619773431331851, 5522194.44155144225806 ], [ 474004.835696421563625, 5522223.065725066699088 ], [ 473981.557677990873344, 5522299.410185347311199 ], [ 473975.843307897914201, 5522318.136373681947589 ], [ 473921.577406625438016, 5522470.285404137335718 ], [ 473889.014567524252925, 5522565.146095489151776 ], [ 473876.15105043182848, 5522597.789451017044485 ], [ 473868.902953300974332, 5522616.175708542577922 ], [ 473863.205074896512087, 5522632.692346624098718 ], [ 473855.536439706804231, 5522661.606461230665445 ], [ 473826.164742345863488, 5522748.54876434803009 ], [ 473817.828193768742494, 5522773.243737749755383 ], [ 473811.726268994039856, 5522790.330259832553566 ], [ 473796.281802638899535, 5522833.551462268456817 ], [ 473785.727121947682463, 5522863.115444596856833 ], [ 473758.779702808009461, 5522938.510098207741976 ], [ 473740.284274065576028, 5522991.329346986487508 ], [ 473808.642323229636531, 5522988.899841505102813 ], [ 473882.294204427918885, 5522984.130812229588628 ], [ 473970.38455897802487, 5522978.441970177926123 ], [ 474098.788846261857543, 5522970.123663349077106 ], [ 474151.36434945493238, 5522966.664367479272187 ], [ 474212.276401225186419, 5522962.64518557395786 ], [ 474234.449476520996541, 5522961.185482691042125 ] ] ] ] } },
{ "type": "Feature", "properties": { "StatBez": 520, "stat_Bez_1": "Heimstättensiedlung" }, "geometry": { "type": "MultiPolygon", "coordinates": [ [ [ [ 472653.622175996482838, 5521319.289686351083219 ], [ 472607.569135636789724, 5521318.769792173989117 ], [ 472600.362267727323342, 5521318.64981659501791 ], [ 472591.860802264360245, 5521318.489849155768752 ], [ 472489.175303320982493, 5521318.069934627972543 ], [ 472471.718850959034171, 5521317.680013993754983 ], [ 472459.226396859739907, 5521317.390073012560606 ], [ 472399.237879649968818, 5521316.030349779874086 ], [ 472398.273115867981687, 5521316.000355885364115 ], [ 472393.177184096770361, 5521315.890378271229565 ], [ 472392.3113704463467, 5521315.880380305461586 ], [ 472320.696212787705008, 5521314.260709985159338 ], [ 472317.843150663364213, 5521337.925892999395728 ], [ 472316.358898691134527, 5521350.333367488346994 ], [ 472312.392647587694228, 5521383.176682317629457 ], [ 472222.818041065416764, 5521318.679810488596559 ], [ 472220.880267657223158, 5521317.280095397494733 ], [ 472216.996474996674806, 5521313.510862614959478 ], [ 472196.777664797613397, 5521293.804873718880117 ], [ 472187.822677898628172, 5521285.096646254882216 ], [ 472085.565962858323473, 5521185.436931733973324 ], [ 471997.492099996830802, 5521100.714176832698286 ], [ 471988.495883876516018, 5521092.045941229909658 ], [ 471976.729064074635971, 5521080.738242882303894 ], [ 471971.237331777520012, 5521082.347915237769485 ], [ 471935.054567032901105, 5521092.955756039358675 ], [ 471923.056863591074944, 5521096.465041732415557 ], [ 471781.681863238976803, 5521137.936600303277373 ], [ 471778.754588516079821, 5521138.796425289474428 ], [ 471769.12344238528749, 5521141.625849367119372 ], [ 471784.831775757716969, 5521156.382845619693398 ], [ 471890.461041112721432, 5521254.502873538993299 ], [ 472110.361216638295446, 5521461.480743726715446 ], [ 472287.17685574881034, 5521627.416967836208642 ], [ 472319.550040431378875, 5521657.98074665851891 ], [ 472384.774668765196111, 5521719.578208652324975 ], [ 472483.403212317964062, 5521811.73944946937263 ], [ 472523.601703231688589, 5521849.591744732111692 ], [ 472629.890636129828636, 5521949.501408378593624 ], [ 472688.155771883029956, 5522004.190276599489152 ], [ 472754.996585697692353, 5522066.72754729911685 ], [ 472806.096082762815058, 5522114.537815642543137 ], [ 472859.306515966192819, 5522164.337679008953273 ], [ 472861.928694450471085, 5522166.787180420011282 ], [ 472881.776441656518728, 5522185.353401313535869 ], [ 473002.215243356244173, 5522298.040464151650667 ], [ 473119.825720464461483, 5522408.427995054982603 ], [ 473167.074408246204257, 5522452.818959387950599 ], [ 473186.048095957434271, 5522470.635332911275327 ], [ 473443.475108846963849, 5522710.956416173838079 ], [ 473466.085213890124578, 5522732.032126266509295 ], [ 473522.676443252363242, 5522784.811383185908198 ], [ 473591.298359433829319, 5522848.788360835984349 ], [ 473610.06590103788767, 5522867.71450846735388 ], [ 473650.585979878960643, 5522905.906734539195895 ], [ 473654.519247605232522, 5522909.655971392057836 ], [ 473682.390201305446681, 5522936.200568307191133 ], [ 473740.284274065576028, 5522991.329346986487508 ], [ 473758.779702808009461, 5522938.510098207741976 ], [ 473785.727121947682463, 5522863.115444596856833 ], [ 473796.281802638899535, 5522833.551462268456817 ], [ 473811.726268994039856, 5522790.330259832553566 ], [ 473817.828193768742494, 5522773.243737749755383 ], [ 473826.164742345863488, 5522748.54876434803009 ], [ 473855.536439706804231, 5522661.606461230665445 ], [ 473863.205074896512087, 5522632.692346624098718 ], [ 473868.902953300974332, 5522616.175708542577922 ], [ 473876.15105043182848, 5522597.789451017044485 ], [ 473889.014567524252925, 5522565.146095489151776 ], [ 473921.577406625438016, 5522470.285404137335718 ], [ 473975.843307897914201, 5522318.136373681947589 ], [ 473981.557677990873344, 5522299.410185347311199 ], [ 474004.835696421563625, 5522223.065725066699088 ], [ 474012.619773431331851, 5522194.44155144225806 ], [ 474027.957043810747564, 5522132.494160675443709 ], [ 474039.558946726785507, 5522077.625329083763063 ], [ 474048.802538175834343, 5522026.485738417133689 ], [ 474057.064874154515564, 5521966.307987443171442 ], [ 474059.769511081569362, 5521940.913156494498253 ], [ 474062.408181254402734, 5521910.489349181763828 ], [ 474063.208028150489554, 5521901.311217366717756 ], [ 474066.127057029225398, 5521852.491154566407204 ], [ 474067.347441984107718, 5521808.750057952478528 ], [ 474066.893920548085589, 5521753.521299625746906 ], [ 474069.524344876641408, 5521699.462303193286061 ], [ 474066.308465603506193, 5521634.565512768924236 ], [ 474055.90221010951791, 5521576.347362923435867 ], [ 474044.2590779720922, 5521513.680118679068983 ], [ 474038.940508405095898, 5521493.474231534637511 ], [ 473950.033815270231571, 5521155.632998247630894 ], [ 473915.368285875068977, 5521153.853360489010811 ], [ 473844.684908621187788, 5521150.214101248420775 ], [ 473815.189523595850915, 5521148.744400404393673 ], [ 473802.71356118505355, 5521148.124526578001678 ], [ 473797.782546299742535, 5521147.874577454291284 ], [ 473793.66786999895703, 5521147.664620190858841 ], [ 473663.556692947109696, 5521141.165942979045212 ], [ 473651.072484691918362, 5521140.546069152653217 ], [ 473648.961548553779721, 5521140.43609153944999 ], [ 473641.729943111480679, 5521140.076164800673723 ], [ 473632.73372699104948, 5521139.626256379298866 ], [ 473605.530686678306665, 5521138.596465989015996 ], [ 473593.046478423231747, 5521138.116563672199845 ], [ 473506.234229738183785, 5521134.79723931197077 ], [ 473493.609842130157631, 5521138.556474129669368 ], [ 473481.636876221047714, 5521142.115749647840858 ], [ 473374.17703343386529, 5521174.099239490926266 ], [ 473351.154636176128406, 5521180.257985895499587 ], [ 473339.082720135571435, 5521183.477330604568124 ], [ 473322.351902071211953, 5521187.966416862793267 ], [ 473318.476355254824739, 5521189.016203181818128 ], [ 473300.681823277089279, 5521193.785232458263636 ], [ 473288.609907236532308, 5521197.004577169194818 ], [ 473270.097986805369146, 5521201.953569814562798 ], [ 473140.217693393700756, 5521238.306170336902142 ], [ 473105.890243614267092, 5521246.014601306058466 ], [ 473093.70288575370796, 5521248.764041662216187 ], [ 473043.708331823465414, 5521260.011752221733332 ], [ 472968.201135659997817, 5521284.90668492205441 ], [ 472957.836109387455508, 5521285.936475311405957 ], [ 472937.353432171046734, 5521287.966062192805111 ], [ 472930.633069074770901, 5521288.635925846174359 ], [ 472913.613646460173186, 5521290.315583954565227 ], [ 472892.248663904727437, 5521292.43515252135694 ], [ 472878.238974456093274, 5521295.024625441990793 ], [ 472873.274976193497423, 5521295.944438216276467 ], [ 472847.160387327021454, 5521300.773455280810595 ], [ 472813.06382118788315, 5521307.06217522919178 ], [ 472804.084096756007057, 5521309.561666463501751 ], [ 472792.05340993689606, 5521312.90098675340414 ], [ 472755.367648690764327, 5521323.068917097523808 ], [ 472737.358724761405028, 5521328.077897531911731 ], [ 472730.118873474770226, 5521327.308054232038558 ], [ 472686.819945107970852, 5521322.768978149630129 ], [ 472674.393457762897015, 5521321.469242706894875 ], [ 472653.622175996482838, 5521319.289686351083219 ] ] ] ] } },
{ "type": "Feature", "properties": { "StatBez": 440, "stat_Bez_1": "Lincoln-Siedlung" }, "geometry": { "type": "MultiPolygon", "coordinates": [ [ [ [ 474570.162535099661909, 5521852.671117934398353 ], [ 474562.708291861519683, 5521681.785901179537177 ], [ 474560.75402676477097, 5521638.024808635935187 ], [ 474539.974499154021032, 5521246.014601305127144 ], [ 474534.928042448591441, 5521148.464457386173308 ], [ 474522.138737954723183, 5521150.194105320610106 ], [ 474518.667237508692779, 5521153.953340138308704 ], [ 474488.01743428275222, 5521154.953136631287634 ], [ 474484.842784231121186, 5521155.063114246353507 ], [ 474474.42828289285535, 5521155.3830491239205 ], [ 474278.40807243087329, 5521161.541795527562499 ], [ 474273.42758247978054, 5521161.691765001975 ], [ 474145.344883123179898, 5521165.321026273071766 ], [ 474095.111199708480854, 5521162.891520794481039 ], [ 474020.313146153872367, 5521159.252261555753648 ], [ 473982.802800478704739, 5521157.312656356953084 ], [ 473969.865070787724108, 5521156.652790671214461 ], [ 473950.033815270231571, 5521155.632998247630894 ], [ 474038.940508405095898, 5521493.474231534637511 ], [ 474044.2590779720922, 5521513.680118679068983 ], [ 474091.078981850703713, 5521615.639365137554705 ], [ 474115.387730817659758, 5521668.568591529503465 ], [ 474119.749782447004691, 5521682.325791286304593 ], [ 474139.036812241305597, 5521743.183403875678778 ], [ 474171.88001004839316, 5521825.136722489260137 ], [ 474259.005600816453807, 5522042.582461968995631 ], [ 474300.416230840957724, 5522203.549697504378855 ], [ 474348.728632536018267, 5522414.536751633509994 ], [ 474402.747158479818609, 5522403.159067530184984 ], [ 474442.096327431674581, 5522396.640394388698041 ], [ 474490.466450036852621, 5522391.411458726041019 ], [ 474515.278195505437907, 5522389.151918650604784 ], [ 474537.624433531425893, 5522387.382278856821358 ], [ 474600.004245585179888, 5522384.602844603359699 ], [ 474596.169927990413271, 5522376.104574402794242 ], [ 474591.840859738120344, 5522366.52652399148792 ], [ 474586.283160686667543, 5522225.955136934295297 ], [ 474586.406848351005465, 5522190.152424485422671 ], [ 474585.038038198894355, 5522154.149752736091614 ], [ 474579.076292777142953, 5522037.303536482155323 ], [ 474570.162535099661909, 5521852.671117934398353 ] ] ] ] } },
{ "type": "Feature", "properties": { "StatBez": 750, "stat_Bez_1": "Kirchtannensiedlung" }, "geometry": { "type": "MultiPolygon", "coordinates": [ [ [ [ 474615.234319988870993, 5516209.169838078320026 ], [ 474613.840772303810809, 5516214.808690303005278 ], [ 474602.989241218194366, 5516258.449807265773416 ], [ 474596.813103844993748, 5516283.274754213169217 ], [ 474572.941384625388309, 5516339.333343631587923 ], [ 474564.275002276699524, 5516359.679202284663916 ], [ 474526.649214781355113, 5516410.97876039147377 ], [ 474504.344205976929516, 5516433.944085857830942 ], [ 474488.668855981552042, 5516450.080801271833479 ], [ 474478.419271529128309, 5516460.618656317703426 ], [ 474450.300942500296514, 5516480.424624864943326 ], [ 474449.072311701020226, 5516481.294447814114392 ], [ 474433.924695740337484, 5516491.942280475050211 ], [ 474425.027429751411546, 5516498.21100449282676 ], [ 474396.694708770955913, 5516512.688057725317776 ], [ 474392.835653643298429, 5516514.657656819559634 ], [ 474372.814743707131129, 5516524.905570883303881 ], [ 474368.947442735137884, 5516526.885167941451073 ], [ 474363.28254770784406, 5516529.084720227867365 ], [ 474358.516449708258733, 5516530.94434170704335 ], [ 474350.493243214208633, 5516534.063706767745316 ], [ 474344.358335062337574, 5516536.443222424015403 ], [ 474341.175439166428987, 5516537.68297007586807 ], [ 474337.134975464316085, 5516539.252650571987033 ], [ 474334.30665087280795, 5516540.352426715195179 ], [ 474289.506978845223784, 5516557.788877570070326 ], [ 474233.278566631721333, 5516577.624840011820197 ], [ 474212.070255117898341, 5516585.123313715681434 ], [ 474201.202232343668584, 5516588.942536322399974 ], [ 474199.24796724691987, 5516589.792363343760371 ], [ 474122.850219900137745, 5516622.995604909025133 ], [ 474116.70706590404734, 5516624.605277264490724 ], [ 474115.173338866094127, 5516625.015193827450275 ], [ 474091.054244317871053, 5516631.353903598152101 ], [ 474081.884865467378404, 5516626.504890603013337 ], [ 474095.886309071735013, 5516660.138044661842287 ], [ 474071.83318127784878, 5516670.11601367034018 ], [ 474051.028916134207975, 5516678.744257413782179 ], [ 474066.349694824952167, 5516727.26438126899302 ], [ 474068.064830437302589, 5516732.693276230245829 ], [ 474072.377407000982203, 5516745.890589951537549 ], [ 474072.888649347005412, 5516747.510260271839797 ], [ 474079.782175173459109, 5516768.925901173613966 ], [ 474083.294904840993695, 5516779.863674817606807 ], [ 474084.185456024308223, 5516782.643109071068466 ], [ 474084.869861100392882, 5516784.762677637860179 ], [ 474071.495101661945228, 5516787.462128170765936 ], [ 474042.321304563898593, 5516794.230750435963273 ], [ 474036.211133945034817, 5516795.650461456738412 ], [ 473946.133530921128113, 5516816.28626109380275 ], [ 473903.477778408967424, 5516826.534175156615674 ], [ 473882.525088068039622, 5516831.553153558634222 ], [ 473853.466732790111564, 5516836.712103466503322 ], [ 473841.155687265098095, 5516838.90165778901428 ], [ 473838.418066960875876, 5516839.531529580242932 ], [ 473829.768176300567575, 5516841.541120531968772 ], [ 473821.3903985019424, 5516843.480725730769336 ], [ 473804.684317970473785, 5516847.349938163533807 ], [ 473788.423513030516915, 5516851.109172980301082 ], [ 473782.775109691952821, 5516852.418906386941671 ], [ 473758.078806043311488, 5516858.127744367346168 ], [ 473751.943897891556844, 5516859.547455389052629 ], [ 473745.30599323817296, 5516861.087141990661621 ], [ 473734.116382536594756, 5516863.676614909432828 ], [ 473722.86905092507368, 5516866.286083759739995 ], [ 473712.207174258132, 5516868.755581099539995 ], [ 473701.957589805591851, 5516871.125098790042102 ], [ 473696.515332574199419, 5516872.384842372499406 ], [ 473620.266010424529668, 5516890.041248455643654 ], [ 473516.112751197535545, 5516914.146341926418245 ], [ 473341.44927744672168, 5516954.578112144954503 ], [ 473216.920536979276221, 5516983.422240995801985 ], [ 473257.275698934507091, 5517063.156011394225061 ], [ 473296.59188450925285, 5517140.830201012082398 ], [ 473306.354964148602448, 5517160.106277416460216 ], [ 473358.114128756918944, 5517262.395456716418266 ], [ 473379.165769229177386, 5517303.996988832950592 ], [ 473380.575808602850884, 5517306.776423084549606 ], [ 473312.902164514875039, 5517378.401843915693462 ], [ 473290.877514416235499, 5517401.707100191153586 ], [ 473282.846062077733222, 5517410.145382599905133 ], [ 473269.537269393738825, 5517424.222517237067223 ], [ 473266.164719079097267, 5517427.801788683049381 ], [ 473254.859666557516903, 5517439.719362892210484 ], [ 473245.690287707024254, 5517449.517368533648551 ], [ 473234.146105700987391, 5517462.064814534038305 ], [ 473218.916031297354493, 5517478.621444473974407 ], [ 473190.014347060932778, 5517510.035050314851105 ], [ 473178.898948958027177, 5517523.842239898629487 ], [ 473155.843568323238287, 5517552.60638502985239 ], [ 473152.471018008596729, 5517556.825526234693825 ], [ 473138.428345182735939, 5517574.401948599144816 ], [ 473135.064040712430142, 5517578.611091838218272 ], [ 473117.591096661868505, 5517600.436649303883314 ], [ 473099.903760659857653, 5517617.553165280260146 ], [ 473054.098095628840383, 5517661.924133683554828 ], [ 473049.620602179376874, 5517666.253252503462136 ], [ 473033.458747370983474, 5517681.900067634880543 ], [ 473028.989499765797518, 5517686.229186452925205 ], [ 473023.093721098441165, 5517691.938024434261024 ], [ 473022.170186538016424, 5517692.817845347337425 ], [ 473006.18149445974268, 5517708.284697111696005 ], [ 472996.121564425935503, 5517718.582600998692214 ], [ 472994.538362322142348, 5517720.192273354157805 ], [ 472978.813537261157762, 5517736.269000978209078 ], [ 472977.238581001758575, 5517737.878673332743347 ], [ 472974.979219666332938, 5517740.178205270320177 ], [ 472959.229657072399277, 5517756.254932892508805 ], [ 472956.9785415813094, 5517758.564462795853615 ], [ 473000.590812031121459, 5517756.684845386072993 ], [ 473036.072680010925978, 5517755.165154714137316 ], [ 473135.649495656951331, 5517744.907242685556412 ], [ 473181.488144065078814, 5517741.018034324981272 ], [ 473241.575611406355165, 5517744.117403455078602 ], [ 473250.398664796666708, 5517744.327360719442368 ], [ 473302.462925643660128, 5517745.637094127014279 ], [ 473425.61461011483334, 5517748.71646732930094 ], [ 473523.938057428749744, 5517773.111501782201231 ], [ 473562.528608706023078, 5517784.419200128875673 ], [ 473605.687357719813008, 5517799.006230976432562 ], [ 473614.708311373135075, 5517769.052328015677631 ], [ 473650.849846896133386, 5517768.802378891967237 ], [ 473746.11408597859554, 5517766.412865272723138 ], [ 473767.413101779529825, 5517764.043347580358386 ], [ 473787.054702878405806, 5517766.062936499714851 ], [ 473839.885827244492248, 5517778.900323481298983 ], [ 473978.209865209180862, 5517835.898721605539322 ], [ 474010.40988716162974, 5517845.406786263920367 ], [ 474031.387315035390202, 5517857.404344191774726 ], [ 474041.356540782027878, 5517840.757732565514743 ], [ 474047.681103352457285, 5517829.639995553530753 ], [ 474055.184821656323038, 5517816.452679798007011 ], [ 474080.565530380932614, 5517771.841760235838592 ], [ 474086.560259179736022, 5517764.893174599856138 ], [ 474093.956781507877167, 5517756.294924752786756 ], [ 474104.206365960417315, 5517756.724837244488299 ], [ 474118.191317876277026, 5517757.304719211533666 ], [ 474130.774476262798999, 5517757.82461338955909 ], [ 474165.159646952117328, 5517759.254322374239564 ], [ 474170.989458865136839, 5517759.504271497949958 ], [ 474186.978150943352375, 5517760.154139219783247 ], [ 474192.882175455044489, 5517760.304108694195747 ], [ 474213.74416150880279, 5517755.45509569812566 ], [ 474238.885740748955868, 5517749.616284172981977 ], [ 474242.109865866368636, 5517749.15637778583914 ], [ 474264.381891293684021, 5517746.077004584483802 ], [ 474264.052057521999814, 5517743.71748485788703 ], [ 474279.801620115991682, 5517741.857863378711045 ], [ 474292.269336682395078, 5517740.258188989944756 ], [ 474298.651620162825566, 5517739.108423021622002 ], [ 474306.377976262592711, 5517736.388976557180285 ], [ 474317.831453981401864, 5517732.349798722192645 ], [ 474326.481344641651958, 5517726.880911899730563 ], [ 474341.134209944924805, 5517744.20738514047116 ], [ 474347.021742768061813, 5517742.177798257209361 ], [ 474353.230863518372644, 5517740.128215444274247 ], [ 474358.978216988500208, 5517738.35857565049082 ], [ 474381.209013194369618, 5517731.519967631436884 ], [ 474390.196983470465057, 5517728.370608675293624 ], [ 474388.086047332210001, 5517721.681970131583512 ], [ 474378.61157224298222, 5517691.708071240223944 ], [ 474348.052473304327577, 5517595.047746200114489 ], [ 474414.852057897544, 5517594.617833708412945 ], [ 474419.717106028692797, 5517594.027953775599599 ], [ 474423.246327384782489, 5517592.42827938683331 ], [ 474426.025176910567097, 5517590.498672151938081 ], [ 474427.896983564307448, 5517588.199140217155218 ], [ 474429.397727225150447, 5517585.639661192893982 ], [ 474430.247049187019002, 5517583.280141465365887 ], [ 474430.56863711430924, 5517581.030599354766309 ], [ 474434.798755235096905, 5517581.150574934668839 ], [ 474435.013147186604328, 5517583.440108905546367 ], [ 474436.241777985822409, 5517585.899608279578388 ], [ 474437.890946843835991, 5517587.719237900339067 ], [ 474439.927670383476652, 5517588.789020149037242 ], [ 474442.335456916131079, 5517589.268922465853393 ], [ 474445.106060597521719, 5517589.468881764449179 ], [ 474477.545212034427095, 5517589.548865484073758 ], [ 474501.210785146744456, 5517589.588857343420386 ], [ 474525.725680220872164, 5517589.798814607784152 ], [ 474518.403370491403621, 5517529.121165385469794 ], [ 474513.224980277183931, 5517485.829977195709944 ], [ 474508.195015260309447, 5517444.008489853702486 ], [ 474495.240793880773708, 5517336.230427797883749 ], [ 474491.83526018896373, 5517309.275914320722222 ], [ 474489.419227811973542, 5517290.159805355593562 ], [ 474487.596896223898511, 5517275.682752121239901 ], [ 474485.74158125865506, 5517254.737015573307872 ], [ 474485.197355535521638, 5517241.229764940217137 ], [ 474484.892259296786506, 5517233.771283092908561 ], [ 474485.824039701547008, 5517212.785554684698582 ], [ 474487.407241805281956, 5517196.688831130973995 ], [ 474487.885500774078537, 5517191.899805924855173 ], [ 474495.100614527822472, 5517143.559645439498127 ], [ 474499.578107977285981, 5517113.55575265455991 ], [ 474502.950658291869331, 5517091.030337645672262 ], [ 474509.423646059527528, 5517047.679161665029824 ], [ 474521.206957550020888, 5516968.08536277897656 ], [ 474536.91529092239216, 5516862.016952727921307 ], [ 474539.867303178296424, 5516842.051016744226217 ], [ 474545.58167327119736, 5516803.45887207519263 ], [ 474559.71505038428586, 5516708.008300793357193 ], [ 474574.079311137495097, 5516609.158421432599425 ], [ 474580.156498379132245, 5516567.696860825642943 ], [ 474596.400811630534008, 5516458.699047050438821 ], [ 474605.86704087536782, 5516394.412132485769689 ], [ 474615.308532587485388, 5516330.315179255791008 ], [ 474621.789766199421138, 5516286.814033802598715 ], [ 474635.049083817750216, 5516197.942123449407518 ], [ 474653.008532681385987, 5516081.685787127353251 ], [ 474660.899805666820612, 5516029.876332809217274 ], [ 474664.272355981462169, 5516007.630860816687346 ], [ 474665.814328863751143, 5515997.502922331914306 ], [ 474650.534779394394718, 5515995.243382255546749 ], [ 474637.926883474981878, 5516080.056118842214346 ], [ 474632.649543129315134, 5516120.807823938317597 ], [ 474627.438169538101647, 5516154.950874208472669 ], [ 474626.671306019125041, 5516159.789889237843454 ], [ 474624.93143287388375, 5516170.187772776000202 ], [ 474615.234319988870993, 5516209.169838078320026 ] ] ] ] } },
{ "type": "Feature", "properties": { "StatBez": 740, "stat_Bez_1": "Am Frankenstein" }, "geometry": { "type": "MultiPolygon", "coordinates": [ [ [ [ 476567.479184867814183, 5518839.39446263294667 ], [ 476586.073563741752878, 5518832.775809842161834 ], [ 476678.039465108129662, 5518779.676618047058582 ], [ 476728.13296916987747, 5518761.670283189043403 ], [ 476736.733384764404036, 5518761.450327960774302 ], [ 476759.23629383178195, 5518760.860448028892279 ], [ 476807.350795264006592, 5518759.630698340944946 ], [ 476825.870961539214477, 5518763.999809021130204 ], [ 476847.763678129180335, 5518769.178754859603941 ], [ 476922.182422846439295, 5518786.735181293450296 ], [ 476929.183144648675807, 5518791.564198359847069 ], [ 476947.695065079664346, 5518804.341597552411258 ], [ 476952.997142958221957, 5518808.01085068564862 ], [ 476951.867462290509138, 5518802.362000495195389 ], [ 476946.466434280446265, 5518775.197529751807451 ], [ 476942.079645118152257, 5518753.142019094899297 ], [ 476938.319540122058243, 5518734.27585925348103 ], [ 476937.338284651516005, 5518656.511687950231135 ], [ 476938.039181416097563, 5518653.97220485471189 ], [ 476939.779054561397061, 5518649.823049403727055 ], [ 476949.434938224905636, 5518626.887717833742499 ], [ 476949.814247062255163, 5518625.987900989130139 ], [ 476957.400423809071071, 5518607.971568167209625 ], [ 476966.12452706793556, 5518587.255784810520709 ], [ 476970.305170122883283, 5518577.297811730764806 ], [ 476976.398849053191952, 5518562.94073407817632 ], [ 476958.686775518290233, 5518559.301474839448929 ], [ 476945.254295169899706, 5518556.542036515660584 ], [ 476940.273805218748748, 5518555.512246126309037 ], [ 476918.249155120167416, 5518550.983168008737266 ], [ 476912.658472691487987, 5518549.823404075577855 ], [ 476910.46507811039919, 5518549.373495654202998 ], [ 476908.634500677930191, 5518549.003570949658751 ], [ 476906.845152467081789, 5518548.633646248839796 ], [ 476902.120283688884228, 5518547.6438477197662 ], [ 476899.193008965929039, 5518547.053967787884176 ], [ 476867.50422935950337, 5518541.275144051760435 ], [ 476856.454798010818195, 5518536.996015056967735 ], [ 476852.158713135751896, 5518535.576304035261273 ], [ 476827.97365183319198, 5518523.018860071897507 ], [ 476815.456460200948641, 5518513.910714011639357 ], [ 476805.973739267443307, 5518505.962331883609295 ], [ 476791.782641244353727, 5518491.575260336510837 ], [ 476794.223411154176574, 5518488.065974641591311 ], [ 476734.168927190185059, 5518393.355252764187753 ], [ 476711.451626171241514, 5518359.802082426846027 ], [ 476707.040099475998431, 5518353.283409285359085 ], [ 476690.837015446159057, 5518329.368277148343623 ], [ 476684.809303270245437, 5518320.440094457007945 ], [ 476662.529031998652499, 5518286.177068607881665 ], [ 476660.756175476300996, 5518284.217467479407787 ], [ 476557.757334449910559, 5518169.920732286758721 ], [ 476542.70042277633911, 5518153.214132871478796 ], [ 476536.227435008680914, 5518146.045592008158565 ], [ 476534.240186534821987, 5518146.735451590269804 ], [ 476519.133799795527011, 5518127.799305994063616 ], [ 476516.791980017209426, 5518124.869902266189456 ], [ 476515.513874152267817, 5518122.720339803956449 ], [ 476488.368554749526083, 5518077.09962578304112 ], [ 476489.927019320311956, 5518076.18981097266078 ], [ 476482.885068296687678, 5518059.403227838687599 ], [ 476474.177456726436503, 5518038.667448552325368 ], [ 476466.657246734015644, 5518020.731099450029433 ], [ 476463.589792658109218, 5518016.491962314583361 ], [ 476458.444385821116157, 5518009.393407209776342 ], [ 476441.317767230910249, 5518000.595198061317205 ], [ 476433.624394508311525, 5517999.915336445905268 ], [ 476425.411533595412038, 5517999.205480935052037 ], [ 476419.499263239442371, 5518000.365244868211448 ], [ 476411.220435572322458, 5518002.01490908395499 ], [ 476396.105802988749929, 5518010.423197597265244 ], [ 476391.529359407781158, 5518011.263026652857661 ], [ 476369.40575917775277, 5518015.312202453613281 ], [ 476366.593926274799742, 5518015.832096628844738 ], [ 476359.980759154190309, 5518015.91208034940064 ], [ 476346.34213269862812, 5518016.082045754417777 ], [ 476343.604512394289486, 5518016.112039647996426 ], [ 476336.059564868919551, 5518016.202021332457662 ], [ 476327.0386112157139, 5518024.370358690619469 ], [ 476316.393226237269118, 5518034.008396891877055 ], [ 476299.159411671280395, 5518039.057369185611606 ], [ 476287.590492132294457, 5518048.775391108356416 ], [ 476281.513304890657309, 5518046.895773698575795 ], [ 476268.855933905404527, 5518042.966573476791382 ], [ 476258.474415944365319, 5518037.61766223423183 ], [ 476255.126603162614629, 5518035.468099773861468 ], [ 476248.299044090439565, 5518031.068995198234916 ], [ 476238.610177049762569, 5518024.850261006504297 ], [ 476230.669428998488002, 5518017.831689617596567 ], [ 476217.03904838708695, 5518005.794139830395579 ], [ 476212.08329596882686, 5518001.285057643428445 ], [ 476207.15228108339943, 5517996.815967315807939 ], [ 476197.347972222603858, 5517987.907780553214252 ], [ 476193.340491897659376, 5517977.109978417865932 ], [ 476191.839748236874584, 5517973.070800580084324 ], [ 476184.006196161382832, 5517951.985092523507774 ], [ 476182.554927566321567, 5517948.075888232327998 ], [ 476180.460483116621617, 5517944.496616783551872 ], [ 476188.582639742293395, 5517937.777984344400465 ], [ 476205.898912751290482, 5517923.430904654785991 ], [ 476214.227215484192129, 5517916.53230884578079 ], [ 476232.788610980962403, 5517847.556348725222051 ], [ 476251.127368681947701, 5517821.381676512770355 ], [ 476259.282508684729692, 5517784.979086165316403 ], [ 476264.21352357021533, 5517788.118447156623006 ], [ 476295.84458226658171, 5517767.622619030065835 ], [ 476300.519975978997536, 5517754.055380607023835 ], [ 476307.858777397254016, 5517732.799707145430148 ], [ 476314.224569189012982, 5517714.383455723524094 ], [ 476328.663042540836614, 5517708.77459739241749 ], [ 476332.447885069879703, 5517715.773172850720584 ], [ 476334.2042499036761, 5517719.022511456161737 ], [ 476335.325684727111366, 5517721.102088164538145 ], [ 476349.26940742158331, 5517714.833364144898951 ], [ 476369.776822170708328, 5517705.585246576927602 ], [ 476380.372732083371375, 5517700.816217300482094 ], [ 476417.41306463413639, 5517690.718272712081671 ], [ 476418.229403218836524, 5517687.049019578844309 ], [ 476419.218904533598106, 5517682.539937390014529 ], [ 476431.868029674515128, 5517679.030651696026325 ], [ 476452.309477669477928, 5517660.494424697943032 ], [ 476468.850641315220855, 5517660.034518309868872 ], [ 476489.465252040128689, 5517650.046551335602999 ], [ 476489.869298410310876, 5517638.838832637295127 ], [ 476490.677391150791664, 5517616.373405418358743 ], [ 476491.02371661097277, 5517606.605393670499325 ], [ 476500.011686887068208, 5517579.600890369154513 ], [ 476493.926253801037092, 5517569.512943742796779 ], [ 476495.542439281882253, 5517530.640856057405472 ], [ 476495.723847856221255, 5517526.141771833412349 ], [ 476531.83240000216756, 5517505.855900971218944 ], [ 476551.432771879539359, 5517494.828145641833544 ], [ 476558.540689657442272, 5517490.848955594934523 ], [ 476554.896026481292211, 5517487.829570184461772 ], [ 476565.137365089554805, 5517474.56227070838213 ], [ 476568.518161248299293, 5517457.365771011449397 ], [ 476582.437146409822162, 5517438.90952773205936 ], [ 476607.455037985753734, 5517432.080917677842081 ], [ 476625.719583088124637, 5517425.022354431450367 ], [ 476627.805781693430617, 5517422.692828599363565 ], [ 476642.796726612607017, 5517405.936239360831678 ], [ 476644.437649626401253, 5517404.106611776165664 ], [ 476651.51258402725216, 5517386.32023214828223 ], [ 476657.284675030154176, 5517371.833180950023234 ], [ 476657.911359196237754, 5517370.223508594557643 ], [ 476661.399351330881473, 5517368.643830135464668 ], [ 476666.627216610766482, 5517364.294715384952724 ], [ 476671.797360980533995, 5517361.065372709184885 ], [ 476676.827325997466687, 5517358.055985262617469 ], [ 476682.681875443377066, 5517355.036599851213396 ], [ 476687.645873705972917, 5517352.187179842963815 ], [ 476692.428463394113351, 5517351.457328401505947 ], [ 476711.979360205761623, 5517347.568120039999485 ], [ 476734.045239525847137, 5517343.179013431072235 ], [ 476742.761096940375865, 5517341.44936549756676 ], [ 476745.894517770560924, 5517335.050667935982347 ], [ 476755.806022607081104, 5517314.854778757318854 ], [ 476759.797011243412271, 5517306.746429190039635 ], [ 476799.2121469497215, 5517278.982080552726984 ], [ 476787.4370813035639, 5517251.377699352800846 ], [ 476780.939356003073044, 5517245.938806424848735 ], [ 476772.223498588602524, 5517237.680487385950983 ], [ 476769.560090882878285, 5517235.051022605039179 ], [ 476763.05411973799346, 5517214.725159882567823 ], [ 476756.201823132985737, 5517193.309518980793655 ], [ 476754.593883496476337, 5517188.260546687059104 ], [ 476744.71536203706637, 5517154.677382453344762 ], [ 476740.386293784773443, 5517139.5404635341838 ], [ 476739.025729476998094, 5517134.77143425680697 ], [ 476738.250620113685727, 5517132.051987794227898 ], [ 476727.629972668190021, 5517082.642045060172677 ], [ 476726.541521221981384, 5517077.613068695180118 ], [ 476721.800160755112302, 5517055.627543792128563 ], [ 476721.239443343423773, 5517053.04806883726269 ], [ 476681.346048668434378, 5517024.75382805801928 ], [ 476680.22461384505732, 5517023.963988828472793 ], [ 476676.217133519996423, 5517021.11456881929189 ], [ 476644.45414131495636, 5516998.699131423607469 ], [ 476638.888196419226006, 5516994.769931203685701 ], [ 476624.960965413367376, 5516996.07966461032629 ], [ 476602.573498166049831, 5516998.189235213212669 ], [ 476598.096004716644529, 5516998.609149740077555 ], [ 476528.723716704873368, 5517028.852993683889508 ], [ 476524.460615206917282, 5517030.082743370905519 ], [ 476517.649547823355533, 5517032.02234856877476 ], [ 476457.834193343645893, 5517050.728540971875191 ], [ 476372.976209755230229, 5517076.973198940046132 ], [ 476356.624700528220274, 5517082.022171233780682 ], [ 476348.758165075501893, 5517092.360066982917488 ], [ 476331.845938436803408, 5517114.565547114238143 ], [ 476331.054337384935934, 5517115.605335467495024 ], [ 476308.106152725871652, 5517145.759197725914419 ], [ 476303.678134342131671, 5517150.998131356202066 ], [ 476295.151931346219499, 5517157.746757689863443 ], [ 476278.025312755955383, 5517171.313996112905443 ], [ 476216.948344099917449, 5517219.664154563099146 ], [ 476166.623956397990696, 5517186.06099439971149 ], [ 476130.614354383607861, 5517164.475388093851507 ], [ 476096.08075849711895, 5517143.779600668698549 ], [ 476076.051602716674097, 5517131.612077335827053 ], [ 476012.888435455330182, 5517093.229889933019876 ], [ 475889.547096565482207, 5517022.63425949215889 ], [ 475887.592831468675286, 5517021.514487416483462 ], [ 475876.238303881429601, 5517014.245966905727983 ], [ 475857.289353703032248, 5517002.138431363739073 ], [ 475855.928789395140484, 5517001.268608414568007 ], [ 475785.278395518485922, 5516952.248586313799024 ], [ 475776.669734079623595, 5516939.571166769601405 ], [ 475764.045346471597441, 5516920.94495808519423 ], [ 475755.436685032851528, 5516908.267538541927934 ], [ 475734.986991193669382, 5516878.063686458393931 ], [ 475715.320652562077157, 5516849.319537254981697 ], [ 475702.613806511217263, 5516830.753316362388432 ], [ 475694.623583394102752, 5516819.085691277869046 ], [ 475688.430954332347028, 5516810.037533005699515 ], [ 475686.039659488247707, 5516806.548243242315948 ], [ 475682.048670851858333, 5516804.988560711033642 ], [ 475657.162712784716859, 5516795.230546929873526 ], [ 475636.234759976679925, 5516787.032215679064393 ], [ 475621.326273500337265, 5516781.19340415392071 ], [ 475600.909563038265333, 5516773.185034237802029 ], [ 475580.377410756133031, 5516757.548217071220279 ], [ 475562.475682802672964, 5516743.92099086008966 ], [ 475556.035678412066773, 5516739.031986002810299 ], [ 475528.544033549260348, 5516718.10624538268894 ], [ 475525.328154276125133, 5516713.757130633108318 ], [ 475511.928657304844819, 5516695.690807987004519 ], [ 475507.409934633935336, 5516689.602047339081764 ], [ 475488.370280168368481, 5516663.917275409214199 ], [ 475472.464046532986686, 5516642.781577525660396 ], [ 475458.940861897310242, 5516624.815234528854489 ], [ 475457.044317710620817, 5516622.285749398171902 ], [ 475451.478372814890463, 5516614.897253308445215 ], [ 475448.996373683563434, 5516611.587926912121475 ], [ 475443.075857483374421, 5516603.719528503715992 ], [ 475443.82622931379592, 5516600.570169548504055 ], [ 475444.502388545603026, 5516597.760741400532424 ], [ 475444.823976472893264, 5516596.381022238172591 ], [ 475449.631303693982773, 5516576.275114743970335 ], [ 475447.19877962837927, 5516568.926610512658954 ], [ 475440.107353539031465, 5516547.58095536660403 ], [ 475432.232572242093738, 5516523.875780493021011 ], [ 475412.920804914901964, 5516484.923709087073803 ], [ 475406.109737531398423, 5516470.0267413277179 ], [ 475396.76719595072791, 5516449.57090506143868 ], [ 475392.85041991295293, 5516441.0026491060853 ], [ 475380.432178412214853, 5516408.889185718260705 ], [ 475375.047642090939917, 5516389.753080823458731 ], [ 475368.970454849186353, 5516368.097488764673471 ], [ 475361.244098749419209, 5516340.653075003065169 ], [ 475366.430734807858244, 5516338.833445385098457 ], [ 475367.329531835508533, 5516338.523508470505476 ], [ 475388.570826726441737, 5516331.125014415942132 ], [ 475389.461377909814473, 5516330.805079537443817 ], [ 475377.133840696245898, 5516312.638777241110802 ], [ 475364.501207244000398, 5516294.022566522471607 ], [ 475323.915161648648791, 5516234.234736181795597 ], [ 475319.528372486354783, 5516226.446321493946016 ], [ 475308.536662047787104, 5516206.830314281396568 ], [ 475303.234584169345908, 5516197.352243518456817 ], [ 475301.024697899527382, 5516193.40304736699909 ], [ 475296.489483540121, 5516185.324691696092486 ], [ 475292.877803741022944, 5516186.124528890475631 ], [ 475283.494032939022873, 5516188.144117808900774 ], [ 475282.619973444321658, 5516188.33407914172858 ], [ 475276.015052168047987, 5516189.763788128271699 ], [ 475268.824675947136711, 5516191.333468624390662 ], [ 475259.935655802546535, 5516193.253077893517911 ], [ 475257.808227975736372, 5516179.775821153074503 ], [ 475253.866714405070525, 5516154.840896593406796 ], [ 475213.478569072613027, 5516161.739492402411997 ], [ 475191.305493776802905, 5516165.518723149783909 ], [ 475154.875353703624569, 5516171.737457343377173 ], [ 475145.722466541745234, 5516143.373230806551874 ], [ 475143.388892607646994, 5516136.164698084816337 ], [ 475136.47062924830243, 5516114.759055148810148 ], [ 475134.334955577272922, 5516108.160398288629949 ], [ 475129.206040428951383, 5516109.830058434046805 ], [ 475127.202300266362727, 5516110.479926154948771 ], [ 475125.528393875458278, 5516111.019816261716187 ], [ 475101.953525050426833, 5516118.488296071998775 ], [ 475080.506084052147344, 5516125.276914265006781 ], [ 475042.674150449573062, 5516137.264474228955805 ], [ 475035.920803976128809, 5516122.407498328946531 ], [ 475028.441823205095716, 5516106.01083582546562 ], [ 475021.490576468524523, 5516090.623967784456909 ], [ 475012.230493330920581, 5516070.128139656968415 ], [ 475006.169797777780332, 5516056.73086663801223 ], [ 475005.732768030429725, 5516055.801055897027254 ], [ 474999.045388311264105, 5516041.014065750874579 ], [ 474992.555908854992595, 5516044.893276147544384 ], [ 474970.160195763339289, 5516058.250557309947908 ], [ 474950.848428436147515, 5516069.778210882097483 ], [ 474932.600375022389926, 5516080.675992667675018 ], [ 474930.184342645399738, 5516082.115699619986117 ], [ 474906.246656671573874, 5516087.524598652496934 ], [ 474884.304465015826281, 5516092.493587227538228 ], [ 474873.230296134424862, 5516095.003076427616179 ], [ 474871.581127276294865, 5516089.224252691492438 ], [ 474865.404989903152455, 5516067.608652491122484 ], [ 474864.803043269959744, 5516065.499081890098751 ], [ 474862.180864785797894, 5516056.310952110216022 ], [ 474859.723603187303524, 5516047.722700227051973 ], [ 474856.375790405611042, 5516035.98508938588202 ], [ 474854.025724783074111, 5516027.776760171167552 ], [ 474851.395300454401877, 5516018.568634460680187 ], [ 474847.841341565479524, 5516006.101172181777656 ], [ 474841.665204192220699, 5515984.475574016571045 ], [ 474840.791144697519485, 5515981.426194708794355 ], [ 474837.905099195952062, 5515971.328250119462609 ], [ 474824.769469242019113, 5515973.327843107283115 ], [ 474802.53042719187215, 5515976.707155258394778 ], [ 474721.152189893939067, 5515989.074637888930738 ], [ 474698.913147843733896, 5515992.46394800208509 ], [ 474677.680098796961829, 5515995.693290677852929 ], [ 474665.814328863751143, 5515997.502922331914306 ], [ 474664.272355981462169, 5516007.630860816687346 ], [ 474660.899805666820612, 5516029.876332809217274 ], [ 474653.008532681385987, 5516081.685787127353251 ], [ 474635.049083817750216, 5516197.942123449407518 ], [ 474621.789766199421138, 5516286.814033802598715 ], [ 474615.308532587485388, 5516330.315179255791008 ], [ 474605.86704087536782, 5516394.412132485769689 ], [ 474596.400811630534008, 5516458.699047050438821 ], [ 474580.156498379132245, 5516567.696860825642943 ], [ 474574.079311137495097, 5516609.158421432599425 ], [ 474559.71505038428586, 5516708.008300793357193 ], [ 474545.58167327119736, 5516803.45887207519263 ], [ 474539.867303178296424, 5516842.051016744226217 ], [ 474536.91529092239216, 5516862.016952727921307 ], [ 474521.206957550020888, 5516968.08536277897656 ], [ 474509.423646059527528, 5517047.679161665029824 ], [ 474502.950658291869331, 5517091.030337645672262 ], [ 474499.578107977285981, 5517113.55575265455991 ], [ 474495.100614527822472, 5517143.559645439498127 ], [ 474487.885500774078537, 5517191.899805924855173 ], [ 474487.407241805281956, 5517196.688831130973995 ], [ 474485.824039701547008, 5517212.785554684698582 ], [ 474484.892259296786506, 5517233.771283092908561 ], [ 474485.197355535521638, 5517241.229764940217137 ], [ 474485.74158125865506, 5517254.737015573307872 ], [ 474487.596896223898511, 5517275.682752121239901 ], [ 474489.419227811973542, 5517290.159805355593562 ], [ 474491.83526018896373, 5517309.275914320722222 ], [ 474495.240793880773708, 5517336.230427797883749 ], [ 474508.195015260309447, 5517444.008489853702486 ], [ 474513.224980277183931, 5517485.829977195709944 ], [ 474518.403370491403621, 5517529.121165385469794 ], [ 474525.725680220872164, 5517589.798814607784152 ], [ 474501.210785146744456, 5517589.588857343420386 ], [ 474477.545212034427095, 5517589.548865484073758 ], [ 474445.106060597521719, 5517589.468881764449179 ], [ 474442.335456916131079, 5517589.268922465853393 ], [ 474439.927670383476652, 5517588.789020149037242 ], [ 474437.890946843835991, 5517587.719237900339067 ], [ 474436.241777985822409, 5517585.899608279578388 ], [ 474435.013147186604328, 5517583.440108905546367 ], [ 474434.798755235096905, 5517581.150574934668839 ], [ 474430.56863711430924, 5517581.030599354766309 ], [ 474430.247049187019002, 5517583.280141465365887 ], [ 474429.397727225150447, 5517585.639661192893982 ], [ 474427.896983564307448, 5517588.199140217155218 ], [ 474426.025176910567097, 5517590.498672151938081 ], [ 474423.246327384782489, 5517592.42827938683331 ], [ 474419.717106028692797, 5517594.027953775599599 ], [ 474414.852057897544, 5517594.617833708412945 ], [ 474348.052473304327577, 5517595.047746200114489 ], [ 474378.61157224298222, 5517691.708071240223944 ], [ 474388.086047332210001, 5517721.681970131583512 ], [ 474390.196983470465057, 5517728.370608675293624 ], [ 474405.567237227049191, 5517777.870533093810081 ], [ 474409.525242486270145, 5517791.677722674794495 ], [ 474413.046217998082284, 5517803.94522565510124 ], [ 474417.960741194838192, 5517814.962983021512628 ], [ 474421.69610865827417, 5517820.87178030051291 ], [ 474427.204332643945236, 5517828.29027028568089 ], [ 474439.985391293477733, 5517819.96196549013257 ], [ 474444.232001102878712, 5517817.50246611610055 ], [ 474449.905141974391881, 5517814.233131580986083 ], [ 474454.011572430783417, 5517812.203544697724283 ], [ 474460.690706305671483, 5517808.904216268099844 ], [ 474465.76190054405015, 5517807.374527630396187 ], [ 474469.101467481465079, 5517806.354735207743943 ], [ 474477.520474501536228, 5517805.224965170025826 ], [ 474510.545080883021001, 5517801.985624529421329 ], [ 474527.0367694630404, 5517800.375952173024416 ], [ 474545.738344312703703, 5517798.546324589289725 ], [ 474567.086835179594345, 5517796.446751952171326 ], [ 474571.655032916169148, 5517795.996843528933823 ], [ 474580.403873707924504, 5517795.986845564097166 ], [ 474586.951074074197095, 5517797.026633919216692 ], [ 474595.007263945532031, 5517800.44593792874366 ], [ 474643.393878239090554, 5517826.8305674046278 ], [ 474644.136004225292709, 5517827.280475825071335 ], [ 474664.494993777305353, 5517839.52798287756741 ], [ 474682.957439142570365, 5517854.2649831995368 ], [ 474702.211485559761059, 5517873.46107588429004 ], [ 474704.503830272355117, 5517876.070544733665884 ], [ 474720.352342997735832, 5517894.08687755651772 ], [ 474726.808839076897129, 5517903.894881162792444 ], [ 474727.781848703103606, 5517905.364582007750869 ], [ 474732.143900332506746, 5517916.742266110144556 ], [ 474735.458729737147223, 5517940.097512210719287 ], [ 474736.464722740405705, 5517947.186069351620972 ], [ 474737.742828605347313, 5517957.264018012210727 ], [ 474737.800549515406601, 5517957.783912188373506 ], [ 474741.305033338663634, 5517985.548260826617479 ], [ 474749.287010611325968, 5518048.885368722490966 ], [ 474750.861966870725155, 5518061.472806581296027 ], [ 474751.711288832593709, 5518068.161445126868784 ], [ 474753.261507559102029, 5518086.507710791192949 ], [ 474753.987141856690869, 5518101.474664307199419 ], [ 474753.715028995124158, 5518115.491811152547598 ], [ 474751.076358822348993, 5518146.425514676608145 ], [ 474750.688804140663706, 5518151.504480866715312 ], [ 474748.643834756745491, 5518178.229041150771081 ], [ 474748.561376313911751, 5518180.138652454130352 ], [ 474748.281017607951071, 5518186.787299138493836 ], [ 474749.319993988494389, 5518194.745679232291877 ], [ 474749.56736931722844, 5518200.384531457908452 ], [ 474748.487163715297356, 5518211.952176894061267 ], [ 474747.555383310536854, 5518247.44495243113488 ], [ 474745.254792753607035, 5518284.287453233264387 ], [ 474740.925724501314107, 5518353.633338058367372 ], [ 474739.161113823298365, 5518367.920429958030581 ], [ 474737.132636127877049, 5518379.927985850721598 ], [ 474734.39501582365483, 5518390.995733040384948 ], [ 474730.560698228830006, 5518406.102658063173294 ], [ 474720.970781319483649, 5518435.056764529086649 ], [ 474707.398121618200094, 5518476.078414679504931 ], [ 474721.044993918098044, 5518481.177376798354089 ], [ 474754.308729784039315, 5518493.964773956686258 ], [ 474779.788388640095945, 5518502.053127591498196 ], [ 474808.822006385191344, 5518510.931320458650589 ], [ 474861.059429962304421, 5518526.628125414252281 ], [ 474898.206958488677628, 5518537.785854288376868 ], [ 474914.805843044538051, 5518542.764840827323496 ], [ 474944.738257817283738, 5518551.753011308610439 ], [ 474997.099369058792945, 5518567.489808124490082 ], [ 475041.123931723064743, 5518580.777103528380394 ], [ 475062.414701679896098, 5518587.195797021500766 ], [ 475076.614045547205023, 5518591.484923981130123 ], [ 475082.138761221547611, 5518593.154584125615656 ], [ 475113.48121536790859, 5518602.702640644274652 ], [ 475131.283993189921603, 5518608.14153357129544 ], [ 475149.573275825183373, 5518613.710400042124093 ], [ 475197.885677520243917, 5518628.637361696921289 ], [ 475216.958315362979192, 5518634.636140663176775 ], [ 475228.469513991847634, 5518637.645528108812869 ], [ 475239.758074824872892, 5518640.14501934312284 ], [ 475253.58635569922626, 5518642.564526858739555 ], [ 475258.484387207427062, 5518643.274382369592786 ], [ 475270.927366241114214, 5518645.064018094912171 ], [ 475279.470060925523285, 5518645.883851219899952 ], [ 475287.658184305473696, 5518646.333759642206132 ], [ 475309.146854525257368, 5518646.833657888695598 ], [ 475391.753722622466739, 5518646.193788133561611 ], [ 475492.09740178741049, 5518644.694093391299248 ], [ 475511.796723796229344, 5518644.284176827408373 ], [ 475523.629510352446232, 5518644.654101531021297 ], [ 475531.504291649383958, 5518645.473934656940401 ], [ 475538.917305666022003, 5518647.11360090598464 ], [ 475545.472751876572147, 5518648.933230525813997 ], [ 475551.706610159832053, 5518650.932823513634503 ], [ 475557.890993377368432, 5518653.702259802259505 ], [ 475564.199064259184524, 5518656.941600442864001 ], [ 475572.214024909131695, 5518661.62064803391695 ], [ 475579.396155285649002, 5518666.80959183908999 ], [ 475599.062493917299435, 5518682.916313357651234 ], [ 475630.677060925227124, 5518709.450912306085229 ], [ 475640.464878097409382, 5518717.589255768805742 ], [ 475647.061553529463708, 5518722.458264695480466 ], [ 475653.971571044472512, 5518726.917357058264315 ], [ 475662.258644555869978, 5518730.646597979590297 ], [ 475671.180648077628575, 5518733.735969146713614 ], [ 475678.412253520044032, 5518735.425625220872462 ], [ 475686.097380398248788, 5518736.705364735797048 ], [ 475693.106348044821061, 5518737.105283332057297 ], [ 475700.436903618625365, 5518736.655374909751117 ], [ 475708.303439071227331, 5518735.655578414909542 ], [ 475721.950311371241696, 5518733.236070899292827 ], [ 475750.893224829109386, 5518727.82717186678201 ], [ 475779.234191653784364, 5518722.598236202262342 ], [ 475788.024261666927487, 5518721.088543497957289 ], [ 475800.170390306098852, 5518719.268913879059255 ], [ 475806.940228468214627, 5518719.038960685022175 ], [ 475813.726558318943717, 5518719.638838580809534 ], [ 475821.733273124438711, 5518721.318496691994369 ], [ 475831.199502369447146, 5518724.547839367762208 ], [ 475849.942306440556422, 5518732.556209284812212 ], [ 475896.993093959288672, 5518753.901864430867136 ], [ 475957.509345203579869, 5518871.817862932570279 ], [ 475978.429052167397458, 5518889.714220176450908 ], [ 476005.871221964422148, 5518909.230247737839818 ], [ 476037.122971823613625, 5518956.840556781738997 ], [ 476072.794494222151116, 5518986.034614408388734 ], [ 476093.771922095911577, 5519003.041152770631015 ], [ 476117.437495208170731, 5519008.510039593093097 ], [ 476126.573890681553166, 5519009.919752649031579 ], [ 476184.641126171685755, 5519042.463128528557718 ], [ 476205.758733398339245, 5519047.19216594658792 ], [ 476236.1529154512682, 5519047.882025526836514 ], [ 476255.439945245569106, 5519050.831425182521343 ], [ 476418.592220367572736, 5519053.10096322465688 ], [ 476421.585461844806559, 5519027.086258452385664 ], [ 476421.313348983298056, 5519020.547589381225407 ], [ 476420.373322734201793, 5518998.082162161357701 ], [ 476418.328353350283578, 5518948.832186866551638 ], [ 476418.897316606307868, 5518947.792398510500789 ], [ 476428.330562474089675, 5518930.605896780267358 ], [ 476431.051691089756787, 5518925.646906170994043 ], [ 476438.118379646330141, 5518920.557942015118897 ], [ 476456.382924748642836, 5518907.4406120153144 ], [ 476464.554556440038141, 5518901.551810664124787 ], [ 476509.39545768906828, 5518861.979865432716906 ], [ 476513.056612553773448, 5518858.750522756949067 ], [ 476536.318139295908622, 5518850.472207785584033 ], [ 476557.509959121176507, 5518842.943740186281502 ], [ 476567.479184867814183, 5518839.39446263294667 ] ] ] ] } },
{ "type": "Feature", "properties": { "StatBez": 260, "stat_Bez_1": "Pallaswiesenviertel" }, "geometry": { "type": "MultiPolygon", "coordinates": [ [ [ [ 473744.844225957873277, 5527242.244084244593978 ], [ 473758.647769299393985, 5527236.595234055072069 ], [ 473789.470735255395994, 5527224.007796193473041 ], [ 473825.521566491283011, 5527209.270795874297619 ], [ 473837.090486030152533, 5527204.541758456267416 ], [ 473841.188670642208308, 5527202.862100346945226 ], [ 473882.046829099243041, 5527186.205490756779909 ], [ 473893.60750279383501, 5527181.476453341543674 ], [ 473898.703434564929921, 5527179.406874598003924 ], [ 473934.663561513647437, 5527164.729862065985799 ], [ 473952.837402328848839, 5527163.140185641124845 ], [ 473965.280381362419575, 5527162.050407462753356 ], [ 473968.966273760073818, 5527161.730472583323717 ], [ 474007.581562570121605, 5527158.351160433143377 ], [ 474020.024541603808757, 5527157.261382254771888 ], [ 474031.543986076896545, 5527156.221593903377652 ], [ 474044.729091096611228, 5527155.061829969286919 ], [ 474059.192301981267519, 5527153.792088421992958 ], [ 474077.27543850929942, 5527152.202411995269358 ], [ 474086.626225934131071, 5527151.3825788712129 ], [ 474095.746129718841985, 5527150.582741675898433 ], [ 474109.071414091507904, 5527149.412979776971042 ], [ 474126.659799962013494, 5527147.873293177224696 ], [ 474137.659756244916935, 5527146.903490578755736 ], [ 474142.607262818957679, 5527147.403388826176524 ], [ 474155.281125492707361, 5527148.693126301281154 ], [ 474159.478260236268397, 5527149.113040830940008 ], [ 474160.311090509581845, 5527149.203022513538599 ], [ 474164.499979408923537, 5527149.62293704226613 ], [ 474183.7375341373845, 5527151.572540204040706 ], [ 474219.796611217665486, 5527155.231795373372734 ], [ 474232.34678622696083, 5527156.531530814245343 ], [ 474245.779266575351357, 5527157.89125404600054 ], [ 474252.037862391443923, 5527158.181195029988885 ], [ 474264.513824802299496, 5527158.761076997034252 ], [ 474288.492739997571334, 5527159.870851104147732 ], [ 474331.371130305575207, 5527165.859632103703916 ], [ 474344.613956235349178, 5527167.889218986034393 ], [ 474354.368790030363016, 5527168.769039901904762 ], [ 474374.298995679360814, 5527312.999682126566768 ], [ 474376.855207409185823, 5527340.754032799042761 ], [ 474378.001379765570164, 5527353.2014991492033 ], [ 474383.517849595518783, 5527413.139298965223134 ], [ 474385.175264297868125, 5527430.905682663433254 ], [ 474392.59652415884193, 5527510.56946730427444 ], [ 474397.807897750113625, 5527564.968394543975592 ], [ 474399.003545172221493, 5527577.415860894136131 ], [ 474402.491537306807004, 5527613.808453275822103 ], [ 474438.525876854138914, 5527608.489535927772522 ], [ 474450.894643289095256, 5527606.66990630980581 ], [ 474460.641231239889748, 5527605.230199357494712 ], [ 474528.100483376474585, 5527595.412197787314653 ], [ 474567.853698698512744, 5527589.323437138460577 ], [ 474580.2389568220824, 5527587.423823799006641 ], [ 474600.507242086925544, 5527584.324454667977989 ], [ 474604.663147609098814, 5527584.034513683989644 ], [ 474696.892915992706548, 5527570.317305788397789 ], [ 474709.261682427721098, 5527568.467682271264493 ], [ 474723.155930056411307, 5527566.398103530518711 ], [ 474753.822224970906973, 5527561.819035587832332 ], [ 474756.015619552053977, 5527561.489102744497359 ], [ 474759.346940645133145, 5527560.989204498939216 ], [ 474786.385064072033856, 5527556.960024625994265 ], [ 474788.561966964625753, 5527556.630091784521937 ], [ 474788.850571514805779, 5527556.590099923312664 ], [ 474796.230602154391818, 5527555.490323781035841 ], [ 474804.385742157115601, 5527554.280570023693144 ], [ 474805.399981004826259, 5527554.130600549280643 ], [ 474811.444184869411401, 5527553.230783704668283 ], [ 474823.812951304367743, 5527551.401156120933592 ], [ 474932.09737852064427, 5527535.334426460787654 ], [ 474992.069404041860253, 5527526.466231560334563 ], [ 474995.202824872045312, 5527526.006325172260404 ], [ 475016.295694565866143, 5527522.896958075463772 ], [ 475028.656215156603139, 5527521.057332527823746 ], [ 475206.428372204711195, 5527494.762684734538198 ], [ 475209.025813156040385, 5527494.372764103114605 ], [ 475211.549041508813389, 5527494.002839399501681 ], [ 475212.431346847792156, 5527493.872865855693817 ], [ 475216.628481591469608, 5527493.252992029301822 ], [ 475195.049107084516436, 5527336.034993347711861 ], [ 475175.902256643108558, 5527213.199996094219387 ], [ 475141.657265306741465, 5526980.977264434099197 ], [ 475105.037470814830158, 5526713.23176334053278 ], [ 475099.859080600726884, 5526678.298873839899898 ], [ 475098.902562663075514, 5526671.780200699344277 ], [ 475090.252672002883628, 5526612.83219941239804 ], [ 475088.347881971858442, 5526599.804851095192134 ], [ 475081.644010564079508, 5526554.114151319488883 ], [ 475073.538345627021044, 5526499.615244431421161 ], [ 475066.273756807553582, 5526450.835173490457237 ], [ 475061.689067382307258, 5526420.021445545367897 ], [ 475034.593223045405466, 5526239.428204832598567 ], [ 475026.240182779612951, 5526181.32003260217607 ], [ 475021.333905427076388, 5526148.126789000816643 ], [ 474991.079902727040462, 5525944.768182121217251 ], [ 474962.804902656644117, 5525792.059265628457069 ], [ 474929.994688226724975, 5525780.701577456668019 ], [ 474903.830624294525478, 5525770.943563674576581 ], [ 474880.198034559434745, 5525761.755433894693851 ], [ 474836.692960085347295, 5525745.798681851476431 ], [ 474827.985348515096121, 5525742.599333070218563 ], [ 474823.450134155689739, 5525740.969664784148335 ], [ 474808.582876900793053, 5525735.640749471262097 ], [ 474789.213388663600199, 5525727.682369380258024 ], [ 474787.621940715645906, 5525726.862536255270243 ], [ 474759.709757793985773, 5525712.625434180721641 ], [ 474740.33202371239895, 5525702.597475346177816 ], [ 474738.674609010166023, 5525701.737650359980762 ], [ 474732.613913457025774, 5525698.358338209800422 ], [ 474715.256411226582713, 5525688.650314254686236 ], [ 474695.779727013548836, 5525675.393012743443251 ], [ 474670.885523101955187, 5525656.966763358563185 ], [ 474649.677211588190403, 5525640.350145629607141 ], [ 474626.92692719202023, 5525622.173845368437469 ], [ 474601.991494059097022, 5525600.808194290846586 ], [ 474575.547071421053261, 5525572.973859899677336 ], [ 474563.928676816518418, 5525560.036493265070021 ], [ 474554.42946419439977, 5525546.55923652742058 ], [ 474548.154376689693891, 5525536.751232921145856 ], [ 474533.748886715096887, 5525514.245813840068877 ], [ 474509.242237485188525, 5525472.854238989762962 ], [ 474500.814984620781615, 5525456.647537822835147 ], [ 474491.563147327397019, 5525440.95073286537081 ], [ 474469.686922426102683, 5525403.848284974694252 ], [ 474456.031804281810764, 5525383.522422249428928 ], [ 474438.674302051367704, 5525349.409365875646472 ], [ 474433.025898712687194, 5525333.36263214610517 ], [ 474430.082132301176898, 5525322.554832045920193 ], [ 474428.276292401715182, 5525314.326506900601089 ], [ 474427.410478751233313, 5525310.347316853702068 ], [ 474420.566427990561351, 5525264.876572306267917 ], [ 474416.476489222724922, 5525237.70210360083729 ], [ 474415.866296745254658, 5525233.572944078594446 ], [ 474413.788343984109815, 5525219.815744321793318 ], [ 474403.720168106025085, 5525153.839173684827983 ], [ 474401.600986123492476, 5525140.531882347539067 ], [ 474401.295889884757344, 5525138.582279185764492 ], [ 474399.061266082164366, 5525124.585128268226981 ], [ 474392.077035968541168, 5525080.724056078121066 ], [ 474386.280207432690077, 5525044.291471835225821 ], [ 474381.69551800750196, 5525015.717288037762046 ], [ 474376.459406883339398, 5524989.362652455456555 ], [ 474372.352976426947862, 5524966.907223200425506 ], [ 474369.499914302548859, 5524951.300399928353727 ], [ 474368.947442735137884, 5524947.701132549904287 ], [ 474363.43921874940861, 5524911.678464871831238 ], [ 474362.449717434647027, 5524899.15101480204612 ], [ 474362.375504835974425, 5524886.703548451885581 ], [ 474363.026926534890663, 5524874.18609634693712 ], [ 474364.585391105676536, 5524860.838813150301576 ], [ 474365.137862673203927, 5524857.76943791564554 ], [ 474367.5374033615808, 5524844.38216286059469 ], [ 474376.723273900570348, 5524797.991605538874865 ], [ 474363.909231873927638, 5524795.302152969874442 ], [ 474306.237796909699682, 5524783.184619463048875 ], [ 474289.441012091003358, 5524779.675333768129349 ], [ 474223.41653686092468, 5524765.858146222308278 ], [ 474222.097201774537098, 5524765.588201167061925 ], [ 474218.007263006758876, 5524764.728376182727516 ], [ 474206.32290164771257, 5524762.708787265233696 ], [ 474196.526838631252758, 5524761.349064033478498 ], [ 474188.841711752989795, 5524760.509234978817403 ], [ 474166.553194637061097, 5524760.249287890270352 ], [ 474127.896676605450921, 5524761.878956175409257 ], [ 474118.611855935014319, 5524762.278874773532152 ], [ 474100.990486687340308, 5524762.99872824922204 ], [ 474085.364611757686362, 5524763.638598005287349 ], [ 474030.472026319243014, 5524765.898138081654906 ], [ 474022.918832949479111, 5524766.208074994385242 ], [ 474000.754003498062957, 5524766.897934575565159 ], [ 473978.29232365207281, 5524767.647781946696341 ], [ 473941.623054094437975, 5524768.857535703107715 ], [ 473908.194401342771016, 5524769.967309813015163 ], [ 473872.613583231403027, 5524771.147069674916565 ], [ 473866.86622976133367, 5524771.467004553414881 ], [ 473861.951706564519554, 5524771.836929256096482 ], [ 473856.179615561442915, 5524772.386817326769233 ], [ 473811.56135210825596, 5524776.605958531610668 ], [ 473758.746719430724625, 5524781.594943038187921 ], [ 473756.75122511270456, 5524805.420093487948179 ], [ 473759.892891787167173, 5524831.454794194549322 ], [ 473751.605818275653291, 5524832.304621214047074 ], [ 473729.028696609719191, 5524834.614151113666594 ], [ 473699.714720158779528, 5524881.254657560028136 ], [ 473691.864676394616254, 5524903.400149901397526 ], [ 473687.181036837981082, 5524916.587465656921268 ], [ 473673.962948441039771, 5524953.819887094199657 ], [ 473656.391054259089287, 5525007.079046328552067 ], [ 473651.954790031013545, 5525032.223928153514862 ], [ 473647.972047238959931, 5525054.749343162402511 ], [ 473643.016294820699841, 5525082.343726399354637 ], [ 473642.851377934857737, 5525083.253541208803654 ], [ 473641.086767256783787, 5525093.081540742889047 ], [ 473643.849125094013289, 5525117.306609792634845 ], [ 473648.978040242393035, 5525162.33744388166815 ], [ 473652.449540688481648, 5525192.071391612291336 ], [ 473653.768875774811022, 5525203.908982103690505 ], [ 473654.634689425292891, 5525211.547427318058908 ], [ 473656.234383217466529, 5525225.454596549272537 ], [ 473659.1121828747564, 5525250.649468197487295 ], [ 473662.468241500784643, 5525280.043485121801496 ], [ 473663.218613331147935, 5525286.632144016213715 ], [ 473663.185629953979515, 5525288.921677987091243 ], [ 473578.63274260435719, 5525304.228562312200665 ], [ 473475.254592740617227, 5525322.954750644974411 ], [ 473468.633179775788449, 5525326.114107564091682 ], [ 473448.183485936606303, 5525335.862123381346464 ], [ 473418.877755329944193, 5525349.839278367348015 ], [ 473375.125305527122691, 5525382.242682738229632 ], [ 473345.28359504166292, 5525417.305545781739056 ], [ 473332.782895098032895, 5525439.770973003469408 ], [ 473321.354154912056401, 5525459.546947654336691 ], [ 473314.114303625421599, 5525478.353119707666337 ], [ 473303.254526695527602, 5525506.217447994276881 ], [ 473294.159360443707556, 5525537.201141342520714 ], [ 473286.202120703761466, 5525565.415398403070867 ], [ 473277.22239627194358, 5525600.938167835585773 ], [ 473275.870077808387578, 5525611.016116495244205 ], [ 473274.690922075009439, 5525619.85431750304997 ], [ 473272.802623732539359, 5525619.584372447803617 ], [ 473257.415878287458327, 5525616.764946334995329 ], [ 473229.132632372668013, 5525762.07536877412349 ], [ 473225.801311279530637, 5525779.431835909374058 ], [ 473223.302820459706709, 5525797.518154486082494 ], [ 473223.080182663863525, 5525828.471853939816356 ], [ 473224.028454757179134, 5525843.438807454891503 ], [ 473227.318546628928743, 5525853.776703204028308 ], [ 473248.164040994015522, 5525916.293977973051369 ], [ 473244.197789890517015, 5525917.383756151422858 ], [ 473141.875108095991891, 5525945.438045772723854 ], [ 473143.177951493766159, 5525952.236661931499839 ], [ 473143.359360068105161, 5525953.076490987092257 ], [ 473143.664456306840293, 5525954.546191834844649 ], [ 473150.986766036367044, 5525989.039170876145363 ], [ 473161.491971661802381, 5526033.620096542872488 ], [ 473172.030160664464347, 5526064.703769541345537 ], [ 473181.306735490739811, 5526089.508720558136702 ], [ 473192.900392562500201, 5526115.353459928184748 ], [ 473202.869618309021462, 5526137.548942094668746 ], [ 473214.149933297769167, 5526157.614857730455697 ], [ 473217.654417121026199, 5526164.743406731635332 ], [ 473242.235278949548956, 5526214.773223291151226 ], [ 473249.953389204922132, 5526230.619997721165419 ], [ 473257.341665688785724, 5526245.776912569999695 ], [ 473264.127995539456606, 5526259.704077732749283 ], [ 473264.911350747046527, 5526261.073798928409815 ], [ 473268.226180151570588, 5526266.902612488716841 ], [ 473268.836372629040852, 5526267.99239066708833 ], [ 473274.806363895069808, 5526278.470257924869657 ], [ 473281.155663998273667, 5526289.857939991168678 ], [ 473315.062575718795415, 5526360.273607063107193 ], [ 473319.977098915667739, 5526372.411136500537395 ], [ 473341.201902118104044, 5526417.831891223788261 ], [ 473365.395209264999721, 5526467.551770868711174 ], [ 473368.973905686812941, 5526474.910273066721857 ], [ 473370.87869571777992, 5526478.69950177706778 ], [ 473374.193525122362189, 5526485.278162707574666 ], [ 473340.641184706357308, 5526523.340415235608816 ], [ 473240.264522164245136, 5526652.404144644737244 ], [ 473214.389062782167457, 5526686.637176600284874 ], [ 473181.784994459536392, 5526729.248503173701465 ], [ 473157.938012772821821, 5526761.331972667016089 ], [ 473139.360125587438233, 5526786.546840243972838 ], [ 473118.118830696446821, 5526816.460751345381141 ], [ 473108.685584828723222, 5526829.758044715970755 ], [ 473086.850589148758445, 5526861.241636312566698 ], [ 473064.801201517344452, 5526894.414883983321488 ], [ 473075.520799094345421, 5526903.223091096617281 ], [ 473080.253913716820534, 5526907.132295386865735 ], [ 473084.286131574539468, 5526910.461617711000144 ], [ 473085.391074709419627, 5526910.911526134237647 ], [ 473087.7906153977965, 5526911.80134501401335 ], [ 473120.501879696152173, 5526923.958870380185544 ], [ 473127.049080062424764, 5526926.388375860638916 ], [ 473261.068787307944149, 5526976.188239227049053 ], [ 473382.340419280866627, 5527018.069714359939098 ], [ 473452.718700296012685, 5527042.424756955355406 ], [ 473466.819094031932764, 5527047.303763845935464 ], [ 473480.432982954778709, 5527055.202156147919595 ], [ 473489.767278690997045, 5527060.611055180430412 ], [ 473523.006277024047449, 5527079.907127514481544 ], [ 473551.850240350409877, 5527096.643720824271441 ], [ 473599.601924633723684, 5527125.117924973368645 ], [ 473638.637751502683386, 5527141.81452642288059 ], [ 473640.831146083772182, 5527146.183637101203203 ], [ 473672.000437500013504, 5527208.360981063917279 ], [ 473673.789785710978322, 5527211.930254547856748 ], [ 473680.905949333216995, 5527226.097370867617428 ], [ 473698.453105982393026, 5527261.120242051780224 ], [ 473732.145625751349144, 5527247.443026014603674 ], [ 473744.844225957873277, 5527242.244084244593978 ] ] ] ] } },
{ "type": "Feature", "properties": { "StatBez": 340, "stat_Bez_1": "An den Lichtwiesen" }, "geometry": { "type": "MultiPolygon", "coordinates": [ [ [ [ 480531.924448458303232, 5523539.487770752049983 ], [ 480515.589430919848382, 5523522.051319896243513 ], [ 480515.15240117238136, 5523521.741382983513176 ], [ 480489.615021406323649, 5523502.615276052616537 ], [ 480483.727488583186641, 5523500.5656932387501 ], [ 480475.737265466246754, 5523497.596297652460635 ], [ 480381.56147783016786, 5523462.543432573787868 ], [ 480379.07123285450507, 5523461.523640149272978 ], [ 480360.773704375140369, 5523464.842964510433376 ], [ 480348.85021353175398, 5523462.523436642251909 ], [ 480335.813533709209878, 5523459.983953549526632 ], [ 480165.644045096589252, 5523426.880691632628441 ], [ 480162.312724003335461, 5523426.22082594782114 ], [ 480068.277115720149595, 5523383.249572633765638 ], [ 480004.198659742600285, 5523367.932690345682204 ], [ 479922.136017368524335, 5523323.201795203611255 ], [ 479870.080002365692053, 5523307.195053334347904 ], [ 479773.49642819701694, 5523289.508653357625008 ], [ 479677.910601187322754, 5523262.634123598225415 ], [ 479662.754739382362459, 5523258.374990534968674 ], [ 479624.972280845453497, 5523217.263358700089157 ], [ 479621.203930004965514, 5523213.174191039986908 ], [ 479583.52042159967823, 5523174.372089106589556 ], [ 479563.83759127947269, 5523131.410833760164678 ], [ 479465.654323318391107, 5523053.566678737290204 ], [ 479429.323133376718033, 5523031.921084643341601 ], [ 479390.419240016432013, 5523008.215909770689905 ], [ 479374.974773661233485, 5522998.807824761606753 ], [ 479341.546120909624733, 5522956.156506326980889 ], [ 479338.01689955353504, 5522951.677418033592403 ], [ 479323.058938011410646, 5522932.581304999068379 ], [ 479301.487809348735027, 5522846.438839076086879 ], [ 479296.870136546436697, 5522827.982595795765519 ], [ 479295.814668477221858, 5522823.823442380875349 ], [ 479294.998329892521724, 5522820.54410988278687 ], [ 479279.397192495875061, 5522805.927085137926042 ], [ 479274.812503070628736, 5522801.987886953167617 ], [ 479206.545158193737734, 5522738.720764813013375 ], [ 479158.66978624596959, 5522683.492006483487785 ], [ 479154.34071799373487, 5522678.49302401393652 ], [ 479124.63918686110992, 5522644.229998165741563 ], [ 479082.898723065154627, 5522601.168763167224824 ], [ 479043.730962687695865, 5522577.213639169931412 ], [ 478957.520660635724198, 5522509.297463334165514 ], [ 478939.89929138799198, 5522489.281537523493171 ], [ 478920.917357832426205, 5522467.725925113074481 ], [ 478910.915148708678316, 5522443.410874378867447 ], [ 478910.304956231208052, 5522441.971167427487671 ], [ 478902.957908968790434, 5522424.114802044816315 ], [ 478880.306574704125524, 5522369.076005050912499 ], [ 478879.531465340987779, 5522248.910464436747134 ], [ 478828.473197497252841, 5522161.138330227695405 ], [ 478792.46359548275359, 5522133.234010079875588 ], [ 478756.701368797104806, 5522105.519651266746223 ], [ 478748.150428268359974, 5522098.90099847689271 ], [ 478640.171097290760372, 5522016.677734809927642 ], [ 478563.427024483738933, 5521965.308190949261189 ], [ 478480.688222877855878, 5521924.086581500247121 ], [ 478441.545200033346191, 5521905.510362641885877 ], [ 478420.312150986457709, 5521895.132475034333766 ], [ 478419.974071370670572, 5521894.962509631179273 ], [ 478418.679473817057442, 5521894.322639874182642 ], [ 478407.382667139812838, 5521888.803763228468597 ], [ 478407.094062589691021, 5521888.663791717961431 ], [ 478406.764228818006814, 5521888.483828349970281 ], [ 478351.484088697936386, 5521854.030841167084873 ], [ 478242.127701723948121, 5521778.956122430972755 ], [ 478161.821424183610361, 5521744.103216651827097 ], [ 478085.060859688033815, 5521657.290887077338994 ], [ 478048.79563650052296, 5521606.191288268193603 ], [ 478027.966633823991287, 5521590.954389701597393 ], [ 478024.354954025067855, 5521588.314926956780255 ], [ 477991.322101799363736, 5521564.139847730286419 ], [ 477962.527613538550213, 5521523.458128390833735 ], [ 477931.539730696764309, 5521479.637048058211803 ], [ 477909.820176836918108, 5521448.923299762420356 ], [ 477909.209984359447844, 5521448.423401516862214 ], [ 477908.509087594749872, 5521447.763535830192268 ], [ 477906.579560030892026, 5521445.933908244594932 ], [ 477903.784218816668727, 5521443.284447536803782 ], [ 477897.492639623349532, 5521437.335658398456872 ], [ 477896.272254668467212, 5521436.155898533761501 ], [ 477892.306003564968705, 5521432.41665964666754 ], [ 477889.766283523582388, 5521430.017148061655462 ], [ 477886.67409191490151, 5521427.077746369875968 ], [ 477883.548916928994004, 5521424.118348745629191 ], [ 477882.633628212788608, 5521423.258523763157427 ], [ 477875.336056016152725, 5521416.339932022616267 ], [ 477873.175644812115934, 5521414.290349208749831 ], [ 477871.477000888437033, 5521412.690674819052219 ], [ 477862.785881006682757, 5521404.712298797443509 ], [ 477860.641961491375696, 5521402.72270377445966 ], [ 477852.511559021368157, 5521395.264221929945052 ], [ 477841.486865205690265, 5521384.916328215040267 ], [ 477837.41341812646715, 5521381.197085259482265 ], [ 477834.354209894838277, 5521385.226265129633248 ], [ 477818.373763660842087, 5521406.231989469379187 ], [ 477775.470635819889139, 5521437.285668571479619 ], [ 477772.625819539942313, 5521439.335251385346055 ], [ 477762.104122225893661, 5521446.953700669109821 ], [ 477759.795285824628081, 5521448.633358779363334 ], [ 477754.732337430526968, 5521444.40421960875392 ], [ 477754.196357551729307, 5521443.954311187379062 ], [ 477736.937805452849716, 5521429.527247778140008 ], [ 477643.232030941173434, 5521351.213188404217362 ], [ 477625.981724686513189, 5521336.796122960746288 ], [ 477608.195438552938867, 5521321.929149094969034 ], [ 477571.377743798133451, 5521291.455351958051324 ], [ 477538.715954565501306, 5521263.76098907366395 ], [ 477521.556352597952355, 5521249.203952121548355 ], [ 477427.883561463619117, 5521169.740126778371632 ], [ 477374.0629357828293, 5521125.01922960113734 ], [ 477356.763154462329112, 5521110.652153982780874 ], [ 477286.665232153027318, 5521052.384014312177896 ], [ 477284.859392253507394, 5521050.874321606010199 ], [ 477267.567856777342968, 5521036.487250057980418 ], [ 477265.770262722158805, 5521034.987555315718055 ], [ 477256.584392183169257, 5521027.33911213837564 ], [ 477213.483364079263993, 5521047.065096964128315 ], [ 477082.729011172836181, 5521117.730713159777224 ], [ 477059.352042610640638, 5521129.788258878514171 ], [ 477026.665515845059417, 5521143.545458635315299 ], [ 476994.927261172910221, 5521154.653197683393955 ], [ 476925.414793808129616, 5521176.978653393685818 ], [ 476888.605344897601753, 5521191.465704591944814 ], [ 476855.490034228889272, 5521209.242086254991591 ], [ 476813.386753284197766, 5521239.076013636775315 ], [ 476785.449832829704974, 5521264.78078149817884 ], [ 476754.033166084846016, 5521301.603286372497678 ], [ 476725.947820433066227, 5521346.874071619473398 ], [ 476706.908165967382956, 5521389.615371737629175 ], [ 476692.098629622603767, 5521438.70537959318608 ], [ 476621.852282116014976, 5521796.492552936077118 ], [ 476607.578725650033448, 5521863.628887508995831 ], [ 476584.828441253921483, 5521941.633009971119463 ], [ 476581.975379129638895, 5521956.449994010850787 ], [ 476580.012868188554421, 5521973.906440797261894 ], [ 476579.171792071079835, 5521990.30310329888016 ], [ 476579.806722081324551, 5522005.949918430298567 ], [ 476581.389924185059499, 5522023.416363179683685 ], [ 476592.604272419412155, 5522088.8930355720222 ], [ 476594.080278547364287, 5522104.869783545844257 ], [ 476593.766936464351602, 5522116.717372000217438 ], [ 476591.969342409167439, 5522128.464980805292726 ], [ 476588.852413267479278, 5522139.142807360738516 ], [ 476583.979119292052928, 5522149.520694968290627 ], [ 476578.850204143789597, 5522156.8192093744874 ], [ 476573.028638074931223, 5522162.947961882688105 ], [ 476565.838261854136363, 5522168.876755092293024 ], [ 476557.905759647139348, 5522173.115892225876451 ], [ 476549.651669512852095, 5522176.595184025354683 ], [ 476542.090230298927054, 5522178.714752592146397 ], [ 476446.240536271943711, 5522199.450531876645982 ], [ 476383.671069799456745, 5522216.107141468673944 ], [ 476363.039967385819182, 5522228.174685150384903 ], [ 476348.205693508149125, 5522243.401585754007101 ], [ 476338.475597245909739, 5522257.578700040467083 ], [ 476332.876668973010965, 5522267.616656839847565 ], [ 476323.872207008302212, 5522290.272045392543077 ], [ 476274.355912046972662, 5522429.543697007931769 ], [ 476237.835067686450202, 5522527.253808366134763 ], [ 476221.516541836608667, 5522574.424206953495741 ], [ 476216.494822663953528, 5522592.310566230677068 ], [ 476207.127543550508562, 5522645.619715291075408 ], [ 476194.280518146697432, 5522728.042938256636262 ], [ 476188.937211046810262, 5522772.153959573246539 ], [ 476188.401231167954393, 5522776.003176072612405 ], [ 476183.412495372467674, 5522811.735902769491076 ], [ 476182.225093794753775, 5522820.294160758145154 ], [ 476166.66518561943667, 5522907.776353982277215 ], [ 476166.030255609133746, 5522911.955503326840699 ], [ 476157.32264403894078, 5522968.903911625035107 ], [ 476153.133755139540881, 5522996.318331492133439 ], [ 476140.74849701608764, 5523076.721965538337827 ], [ 476138.043860088859219, 5523094.63831871189177 ], [ 476129.80626164318528, 5523149.297193037346005 ], [ 476124.091891550284345, 5523199.866899704560637 ], [ 476121.766563460463658, 5523214.014020094648004 ], [ 476119.226843419077341, 5523229.490869821049273 ], [ 476117.272578322328627, 5523242.118299541063607 ], [ 476116.621156623470597, 5523246.317444815300405 ], [ 476113.298081374610774, 5523267.783075541257858 ], [ 476108.119691160449293, 5523297.617002923041582 ], [ 476095.38810757669853, 5523370.522163264453411 ], [ 476094.786160943564028, 5523374.001455063931644 ], [ 476090.341650871268939, 5523402.455663283355534 ], [ 476088.972840719041415, 5523411.353852081112564 ], [ 476087.373146926809568, 5523419.062283049337566 ], [ 476085.798190667410381, 5523425.94088292773813 ], [ 476084.099546743673272, 5523432.929460420273244 ], [ 476081.881414629810024, 5523439.478127457201481 ], [ 476079.127302636799868, 5523446.676662214100361 ], [ 476071.145325364137534, 5523464.033129349350929 ], [ 476055.692613164603245, 5523498.726067692041397 ], [ 476004.922949871164747, 5523610.233370666392148 ], [ 475965.483076632139273, 5523699.165268807671964 ], [ 475956.041584919963498, 5523720.470932096242905 ], [ 475946.31148865778232, 5523744.166109003126621 ], [ 475941.232048575184308, 5523756.643569248728454 ], [ 475934.462210413126741, 5523772.090425080619752 ], [ 475931.419493870111182, 5523778.699079905636609 ], [ 475928.112910309748258, 5523785.837626872584224 ], [ 475921.912035403773189, 5523800.794582424685359 ], [ 475924.872293503780384, 5523802.024332112632692 ], [ 475958.004095861047972, 5523818.291021067649126 ], [ 475981.628439751919359, 5523828.768888327293098 ], [ 475991.086423152533825, 5523831.878255422227085 ], [ 475999.051908736641053, 5523835.477522800676525 ], [ 476057.3830112440628, 5523861.862152276560664 ], [ 476069.182814423111267, 5523867.201065555214882 ], [ 476086.804183670785278, 5523874.409598276950419 ], [ 476131.768772584153339, 5523894.745458964258432 ], [ 476135.636073556263, 5523896.495102828368545 ], [ 476207.078068484785035, 5523929.498385095968843 ], [ 476249.931721259956248, 5523949.294355675578117 ], [ 476246.550925101037137, 5523970.240092226304114 ], [ 476244.94298546446953, 5523989.616148279979825 ], [ 476244.25033454404911, 5524005.232969515956938 ], [ 476358.504753026354592, 5524016.600655653513968 ], [ 476380.900466118007898, 5524018.830201834440231 ], [ 476387.967154674464837, 5524018.330303587019444 ], [ 476393.81345827615587, 5524017.120549829676747 ], [ 476394.275225556339137, 5524020.169929136522114 ], [ 476404.516564164543524, 5524083.147110293619335 ], [ 476405.308165216352791, 5524087.58620672672987 ], [ 476411.072010375093669, 5524120.169574467465281 ], [ 476414.24666042678291, 5524138.105923569761217 ], [ 476416.085483703413047, 5524149.203664653003216 ], [ 476424.776603585050907, 5524201.762966341339052 ], [ 476429.691126781923231, 5524231.466920179314911 ], [ 476430.416761079453863, 5524232.876633236184716 ], [ 476432.519451373373158, 5524237.005792755633593 ], [ 476442.538152185734361, 5524256.621799968183041 ], [ 476450.215033219719771, 5524271.648741273209453 ], [ 476469.081524955341592, 5524308.581223761662841 ], [ 476476.37909715186106, 5524322.858317694626749 ], [ 476504.274788384907879, 5524315.8597422381863 ], [ 476533.778419254580513, 5524294.854017898440361 ], [ 476538.791892582841683, 5524293.1443658946082 ], [ 476565.368248729675543, 5524284.106205588206649 ], [ 476597.939333675079979, 5524273.018462469801307 ], [ 476612.649919888470322, 5524266.999687574803829 ], [ 476667.410571818298195, 5524240.575066238641739 ], [ 476680.496726706565823, 5524234.256352396681905 ], [ 476772.256481965712737, 5524189.985363643616438 ], [ 476798.865821489540394, 5524239.565271780826151 ], [ 476806.476735769130755, 5524253.312473570927978 ], [ 476814.417483820521738, 5524267.25963466335088 ], [ 476817.278791789081879, 5524271.308810465037823 ], [ 476821.245042892638594, 5524275.797896723262966 ], [ 476826.151320245058741, 5524279.767088804394007 ], [ 476836.095808458863758, 5524286.675682578235865 ], [ 476840.746464638446923, 5524290.044996761716902 ], [ 476844.242702617309988, 5524293.934205124154687 ], [ 476850.385856613400392, 5524303.952165994793177 ], [ 476867.512475203839131, 5524332.256404738873243 ], [ 476869.400773546192795, 5524330.906679472886026 ], [ 476947.051889225083869, 5524290.324939779937267 ], [ 476947.389968840929214, 5524290.254954024218023 ], [ 476951.042877861415036, 5524287.78545668721199 ], [ 476982.723411623621359, 5524272.608545906841755 ], [ 477024.587563083972782, 5524247.823590820655227 ], [ 477026.047077523253392, 5524253.582418626174331 ], [ 477028.702239384700079, 5524263.990300128236413 ], [ 477028.768206138978712, 5524265.999891081824899 ], [ 477035.942090671276674, 5524261.840737666934729 ], [ 477084.320459120790474, 5524233.826439904049039 ], [ 477121.228858162765391, 5524210.791128682903945 ], [ 477129.095393615425564, 5524205.762152318842709 ], [ 477170.571990394149907, 5524175.838243253529072 ], [ 477212.518600297451485, 5524140.775380208157003 ], [ 477246.747099945088848, 5524108.082034855149686 ], [ 477258.744803387089632, 5524095.084680431522429 ], [ 477262.19981214456493, 5524091.345441544428468 ], [ 477263.72529333824059, 5524089.685779363848269 ], [ 477267.526627555955201, 5524085.546621878631413 ], [ 477273.694519084878266, 5524089.375842452049255 ], [ 477282.179492859344464, 5524092.2052665296942 ], [ 477291.027283782430459, 5524093.275048778392375 ], [ 477300.345087830151897, 5524090.895533122122288 ], [ 477309.1928787532961, 5524084.916750086471438 ], [ 477326.641085271025077, 5524061.841447007842362 ], [ 477332.132817568082828, 5524055.152808461338282 ], [ 477338.828443131526001, 5524048.694123109802604 ], [ 477347.321662750211544, 5524042.845313621684909 ], [ 477356.045766009192448, 5524038.776141890324652 ], [ 477364.778115112159867, 5524036.746555007994175 ], [ 477374.813307613192592, 5524036.866530587896705 ], [ 477385.326759082905483, 5524038.056288414634764 ], [ 477394.050862341711763, 5524041.765533407218754 ], [ 477401.224746874009725, 5524047.854294055141509 ], [ 477418.912082876078784, 5524070.209743661805987 ], [ 477439.36177671526093, 5524088.855948274955153 ], [ 477508.412476799741853, 5524020.839792788028717 ], [ 477543.663461139425635, 5523988.166443363763392 ], [ 477551.991763872443698, 5523997.704501916654408 ], [ 477555.916785754438024, 5524002.083610561676323 ], [ 477564.550184726074804, 5524008.442316262051463 ], [ 477577.553881171392277, 5524014.191146104596555 ], [ 477591.926387768820859, 5524017.520468427799642 ], [ 477604.336383425281383, 5524019.180130607448518 ], [ 477616.433036998671014, 5524019.330100080929697 ], [ 477716.718995253671892, 5524018.090352429077029 ], [ 477725.368885913921986, 5524017.980374814942479 ], [ 477800.669935970217921, 5523985.946895146742463 ], [ 477905.606550404743757, 5523939.44636021181941 ], [ 478409.287457170721609, 5523714.622122606262565 ], [ 478861.959571158862673, 5523688.407458532601595 ], [ 479358.301676506875083, 5523660.593120069243014 ], [ 479465.019393308146391, 5523654.584343141876161 ], [ 479510.305570148746483, 5523651.594951623119414 ], [ 479551.411103934398852, 5523650.405193797312677 ], [ 479576.511453953222372, 5523652.914682995527983 ], [ 479600.770727854396682, 5523660.203199437819421 ], [ 479774.766288217622787, 5523726.049796532839537 ], [ 479801.763182423135731, 5523730.828823773190379 ], [ 479961.419219566043466, 5523731.30872609000653 ], [ 480000.619963320670649, 5523727.47950551752001 ], [ 480173.411630417627748, 5523675.140159057453275 ], [ 480404.765283662185539, 5523603.914656824432313 ], [ 480551.755703975853976, 5523560.74344421364367 ], [ 480545.744483488320839, 5523554.234769037924707 ], [ 480531.924448458303232, 5523539.487770752049983 ] ] ] ] } },
{ "type": "Feature", "properties": { "StatBez": 730, "stat_Bez_1": "Villenkolonie" }, "geometry": { "type": "MultiPolygon", "coordinates": [ [ [ [ 476505.890973865811247, 5520360.784787553362548 ], [ 476486.224635234160814, 5520299.77720548864454 ], [ 476474.062014906376135, 5520283.550508391112089 ], [ 476447.642329801281448, 5520248.31767994351685 ], [ 476437.722579120309092, 5520232.710856671445072 ], [ 476427.299831937765703, 5520218.283793263137341 ], [ 476378.583383872522973, 5520159.365785871632397 ], [ 476323.229031153663527, 5520090.749752488918602 ], [ 476301.806327688274905, 5520055.676891478709877 ], [ 476277.192482482583728, 5520023.073527809232473 ], [ 476233.01949462108314, 5519924.483595535159111 ], [ 476226.670194517821074, 5519903.997765374369919 ], [ 476197.488151575555094, 5519806.397631630301476 ], [ 476184.904993188974913, 5519752.248653513379395 ], [ 476157.19895637454465, 5519687.991732846014202 ], [ 476109.430780402617529, 5519583.493003292940557 ], [ 476089.475837220787071, 5519525.89472727291286 ], [ 476070.048628073534928, 5519484.123229753226042 ], [ 476058.405495936109219, 5519462.317668220028281 ], [ 476055.841038361832034, 5519458.138518874533474 ], [ 476015.287976143765263, 5519404.779379988089204 ], [ 475974.264900801004842, 5519364.017676929943264 ], [ 475914.474283854127862, 5519317.537137923762202 ], [ 475895.047074706933927, 5519304.09987304545939 ], [ 475821.238522467087023, 5519254.589950663037598 ], [ 475788.956042071687989, 5519234.254089972935617 ], [ 475746.679598396876827, 5519205.11002217233181 ], [ 475657.410088113392703, 5519148.591526366770267 ], [ 475634.849458135897294, 5519134.804332715459168 ], [ 475552.473473678808659, 5519086.564151880331337 ], [ 475499.592874247115105, 5519060.439469491131604 ], [ 475355.257615794951562, 5519112.958779321052134 ], [ 474932.88073372823419, 5519109.809420364908874 ], [ 474927.652868448407389, 5519108.139760220423341 ], [ 474927.990948064310942, 5519106.130169266834855 ], [ 474895.922859620477539, 5519106.860020708292723 ], [ 474792.478743002342526, 5519109.239536362700164 ], [ 474792.379792870895471, 5519104.8304338240996 ], [ 474786.178917964803986, 5519104.84043178986758 ], [ 474778.386595110816415, 5519104.85042975563556 ], [ 474778.427824332204182, 5519106.540085828863084 ], [ 474753.459407822112553, 5519106.999992216937244 ], [ 474735.335042072692886, 5519107.339923025108874 ], [ 474692.99263164360309, 5519108.139760219492018 ], [ 474600.408291955478489, 5519110.80921685975045 ], [ 474572.933138781168964, 5519111.619052018970251 ], [ 474565.63556658453308, 5519111.70903370436281 ], [ 474532.446043317264412, 5519112.148944161832333 ], [ 474513.884647820494138, 5519112.388895318843424 ], [ 474423.246327384724282, 5519113.61864500772208 ], [ 474423.765815575083252, 5519137.823718127794564 ], [ 474424.23582869960228, 5519159.399326467886567 ], [ 474415.041712316276971, 5519159.749255240894854 ], [ 474399.193199590896256, 5519158.92942211497575 ], [ 474382.239743730635382, 5519156.050008212216198 ], [ 474380.112315903767012, 5519155.46012828219682 ], [ 474370.48941561736865, 5519152.770675710402429 ], [ 474355.325307968072593, 5519147.311786854639649 ], [ 474283.512250046478584, 5519193.842315685003996 ], [ 474283.339087316358928, 5519201.470762934535742 ], [ 474283.446283292141743, 5519266.62750044837594 ], [ 474283.446283292083535, 5519268.627093437127769 ], [ 474235.917236804554705, 5519285.223715237341821 ], [ 474226.508728469721973, 5519286.183519870974123 ], [ 474212.020780052116606, 5519287.67321664839983 ], [ 474198.101794890593737, 5519289.112923598848283 ], [ 474189.608575271908194, 5519289.982746548950672 ], [ 474166.726357367180753, 5519292.322270344011486 ], [ 474152.625963631260674, 5519295.421639476902783 ], [ 474115.659843679226469, 5519303.549984971992671 ], [ 474096.686155967938248, 5519307.729134316556156 ], [ 474075.54381120839389, 5519312.378188014030457 ], [ 474070.142783198447432, 5519313.567945842631161 ], [ 474057.427691303251777, 5519316.34738009609282 ], [ 474056.471173365542199, 5519316.567335323430598 ], [ 474054.747791908914223, 5519316.947257991880178 ], [ 474052.892476943670772, 5519317.347176589071751 ], [ 474219.829594594717491, 5519567.7362105473876 ], [ 474230.532700483221561, 5519591.281417979858816 ], [ 474164.409275121695828, 5519613.836826885119081 ], [ 473845.864064354624134, 5519721.644882832653821 ], [ 473799.720319707819726, 5519737.12173255905509 ], [ 473730.916994952131063, 5519760.187037677504122 ], [ 473576.332152047485579, 5519812.016487925313413 ], [ 473550.382480066851713, 5519820.744711318984628 ], [ 473539.201115209551062, 5519824.463954276405275 ], [ 473368.891447243920993, 5519881.762291346676648 ], [ 473229.182107438507956, 5519928.102858844213188 ], [ 472998.620055245701224, 5520004.507306916639209 ], [ 472940.222985984000843, 5520024.563224584795535 ], [ 472925.949429517961107, 5520030.62199133913964 ], [ 472496.19251681183232, 5520173.033003944903612 ], [ 472065.206973306369036, 5520315.504004338756204 ], [ 472049.886194615566637, 5520321.062872846610844 ], [ 472045.235538435867056, 5520335.459942360408604 ], [ 471946.804895146167837, 5520376.771533492021263 ], [ 471878.842646507953759, 5520405.535678624175489 ], [ 471876.476089196803514, 5520406.535475119017065 ], [ 471854.253538835269865, 5520415.933562161400914 ], [ 471819.447830087156035, 5520430.610574693419039 ], [ 471798.726023386407178, 5520439.358794015832245 ], [ 471725.074142188183032, 5520470.402475154027343 ], [ 471704.352335487259552, 5520479.160692442208529 ], [ 471694.803647799533792, 5520483.16987638361752 ], [ 471694.787156110978685, 5520483.179874347522855 ], [ 471693.105003875796683, 5520483.889729858376086 ], [ 471690.829150851699524, 5520484.85953245870769 ], [ 471678.171779866563156, 5520490.198445736430585 ], [ 471585.406031604041345, 5520529.510443879291415 ], [ 471578.660930974816438, 5520532.379859818145633 ], [ 471577.654937971557956, 5520532.809772309847176 ], [ 471576.178931843605824, 5520533.439644101075828 ], [ 471569.219439262815285, 5520536.399041723459959 ], [ 471499.236958773632068, 5520566.202975210733712 ], [ 471476.264036581676919, 5520574.511284075677395 ], [ 471460.432015544851311, 5520580.220122055150568 ], [ 471452.672676067915745, 5520583.029550204053521 ], [ 471309.14551035623299, 5520582.309696728363633 ], [ 471281.90948666643817, 5520582.169725218787789 ], [ 471280.623134957102593, 5520581.909778131172061 ], [ 471275.667382538900711, 5520580.899983672425151 ], [ 471267.949272283411119, 5520579.310307245701551 ], [ 471267.306096428772435, 5520579.190331667661667 ], [ 471250.402115634235088, 5520575.741033761762083 ], [ 471246.155505824834108, 5520574.881208779290318 ], [ 471240.350431444705464, 5520573.701448914594948 ], [ 471235.724512798071373, 5520572.761640209704638 ], [ 471165.305002561479341, 5520558.414560521952808 ], [ 471160.926459243521094, 5520557.514743677340448 ], [ 471155.805789939360693, 5520556.474955323152244 ], [ 471143.305089995672461, 5520553.935472227632999 ], [ 471229.408196071861312, 5520634.739024873822927 ], [ 471351.083874415140599, 5520748.125945258885622 ], [ 471520.255615868780296, 5520907.473510472103953 ], [ 471634.683197081205435, 5521015.29156438447535 ], [ 471769.12344238528749, 5521141.625849367119372 ], [ 471778.754588516079821, 5521138.796425289474428 ], [ 471781.681863238976803, 5521137.936600303277373 ], [ 471923.056863591074944, 5521096.465041732415557 ], [ 471935.054567032901105, 5521092.955756039358675 ], [ 471971.237331777520012, 5521082.347915237769485 ], [ 471976.729064074635971, 5521080.738242882303894 ], [ 471988.495883876516018, 5521092.045941229909658 ], [ 471997.492099996830802, 5521100.714176832698286 ], [ 472085.565962858323473, 5521185.436931733973324 ], [ 472187.822677898628172, 5521285.096646254882216 ], [ 472196.777664797613397, 5521293.804873718880117 ], [ 472216.996474996674806, 5521313.510862614959478 ], [ 472220.880267657223158, 5521317.280095397494733 ], [ 472222.818041065416764, 5521318.679810488596559 ], [ 472312.392647587694228, 5521383.176682317629457 ], [ 472316.358898691134527, 5521350.333367488346994 ], [ 472317.843150663364213, 5521337.925892999395728 ], [ 472320.696212787705008, 5521314.260709985159338 ], [ 472392.3113704463467, 5521315.880380305461586 ], [ 472393.177184096770361, 5521315.890378271229565 ], [ 472398.273115867981687, 5521316.000355885364115 ], [ 472399.237879649968818, 5521316.030349779874086 ], [ 472459.226396859739907, 5521317.390073012560606 ], [ 472471.718850959034171, 5521317.680013993754983 ], [ 472489.175303320982493, 5521318.069934627972543 ], [ 472591.860802264360245, 5521318.489849155768752 ], [ 472600.362267727323342, 5521318.64981659501791 ], [ 472607.569135636789724, 5521318.769792173989117 ], [ 472653.622175996482838, 5521319.289686351083219 ], [ 472674.393457762897015, 5521321.469242706894875 ], [ 472686.819945107970852, 5521322.768978149630129 ], [ 472730.118873474770226, 5521327.308054232038558 ], [ 472737.358724761405028, 5521328.077897531911731 ], [ 472755.367648690764327, 5521323.068917097523808 ], [ 472792.05340993689606, 5521312.90098675340414 ], [ 472804.084096756007057, 5521309.561666463501751 ], [ 472813.06382118788315, 5521307.06217522919178 ], [ 472847.160387327021454, 5521300.773455280810595 ], [ 472873.274976193497423, 5521295.944438216276467 ], [ 472878.238974456093274, 5521295.024625441990793 ], [ 472892.248663904727437, 5521292.43515252135694 ], [ 472913.613646460173186, 5521290.315583954565227 ], [ 472930.633069074770901, 5521288.635925846174359 ], [ 472937.353432171046734, 5521287.966062192805111 ], [ 472957.836109387455508, 5521285.936475311405957 ], [ 472968.201135659997817, 5521284.90668492205441 ], [ 473043.708331823465414, 5521260.011752221733332 ], [ 473093.70288575370796, 5521248.764041662216187 ], [ 473105.890243614267092, 5521246.014601306058466 ], [ 473140.217693393700756, 5521238.306170336902142 ], [ 473270.097986805369146, 5521201.953569814562798 ], [ 473288.609907236532308, 5521197.004577169194818 ], [ 473300.681823277089279, 5521193.785232458263636 ], [ 473318.476355254824739, 5521189.016203181818128 ], [ 473322.351902071211953, 5521187.966416862793267 ], [ 473339.082720135571435, 5521183.477330604568124 ], [ 473351.154636176128406, 5521180.257985895499587 ], [ 473374.17703343386529, 5521174.099239490926266 ], [ 473481.636876221047714, 5521142.115749647840858 ], [ 473493.609842130157631, 5521138.556474129669368 ], [ 473506.234229738183785, 5521134.79723931197077 ], [ 473593.046478423231747, 5521138.116563672199845 ], [ 473605.530686678306665, 5521138.596465989015996 ], [ 473632.73372699104948, 5521139.626256379298866 ], [ 473641.729943111480679, 5521140.076164800673723 ], [ 473648.961548553779721, 5521140.43609153944999 ], [ 473651.072484691918362, 5521140.546069152653217 ], [ 473663.556692947109696, 5521141.165942979045212 ], [ 473793.66786999895703, 5521147.664620190858841 ], [ 473797.782546299742535, 5521147.874577454291284 ], [ 473802.71356118505355, 5521148.124526578001678 ], [ 473815.189523595850915, 5521148.744400404393673 ], [ 473844.684908621187788, 5521150.214101248420775 ], [ 473915.368285875068977, 5521153.853360489010811 ], [ 473950.033815270231571, 5521155.632998247630894 ], [ 473969.865070787724108, 5521156.652790671214461 ], [ 473982.802800478704739, 5521157.312656356953084 ], [ 474020.313146153872367, 5521159.252261555753648 ], [ 474095.111199708480854, 5521162.891520794481039 ], [ 474145.344883123179898, 5521165.321026273071766 ], [ 474273.42758247978054, 5521161.691765001975 ], [ 474278.40807243087329, 5521161.541795527562499 ], [ 474474.42828289285535, 5521155.3830491239205 ], [ 474484.842784231121186, 5521155.063114246353507 ], [ 474488.01743428275222, 5521154.953136631287634 ], [ 474518.667237508692779, 5521153.953340138308704 ], [ 474522.138737954723183, 5521150.194105320610106 ], [ 474534.928042448591441, 5521148.464457386173308 ], [ 474540.197136949806008, 5521147.734605943784118 ], [ 474540.716625140164979, 5521147.664620190858841 ], [ 474547.997705648245756, 5521146.674821661785245 ], [ 474548.368768641259521, 5521146.624831835739315 ], [ 474553.86050093837548, 5521145.904978361912072 ], [ 474554.569643547292799, 5521145.785002782009542 ], [ 474566.963147515198216, 5521144.105344672687352 ], [ 474583.026052192144562, 5521141.935786278918386 ], [ 474585.417347036243882, 5521141.605853437446058 ], [ 474591.139962973480579, 5521140.826012171804905 ], [ 474618.788278877851553, 5521137.116767178289592 ], [ 474620.618856310262345, 5521136.896811950951815 ], [ 474620.95693592610769, 5521133.097585272975266 ], [ 474622.028895683819428, 5521120.990049730986357 ], [ 474623.50490181177156, 5521104.183470665477216 ], [ 474672.542937804362737, 5521104.123482877388597 ], [ 474678.389241405937355, 5521104.10348694678396 ], [ 474681.01141989021562, 5521104.10348694678396 ], [ 474719.783379741711542, 5521104.043499156832695 ], [ 474743.39123194408603, 5521104.013505263254046 ], [ 474750.128086728975177, 5521104.22346252668649 ], [ 474838.441079074866138, 5521106.982900849543512 ], [ 474865.899740560504142, 5521107.862721763551235 ], [ 474866.567653948091902, 5521103.263657892122865 ], [ 474871.440947923460044, 5521072.060009313747287 ], [ 474885.359933084982913, 5521070.63030032813549 ], [ 474891.725724876858294, 5521069.990430573001504 ], [ 474897.464832502650097, 5521069.140603552572429 ], [ 474957.494578933983576, 5521060.792302827350795 ], [ 474987.707352412398905, 5521056.603155517019331 ], [ 475006.771744410973042, 5521053.973690737970173 ], [ 475056.238564306637272, 5521047.105088823474944 ], [ 475130.088345767813735, 5520999.584761464968324 ], [ 475174.648888311057817, 5520966.841426284983754 ], [ 475256.340467692003585, 5520976.229515363462269 ], [ 475261.02410724881338, 5520978.689014739356935 ], [ 475259.597576186642982, 5520987.377246271818876 ], [ 475262.310458957974333, 5520991.946316251531243 ], [ 475295.623669889580924, 5521003.433977965265512 ], [ 475315.760021645808592, 5521011.602315321564674 ], [ 475329.794448627333622, 5521017.291157372295856 ], [ 475349.930800383561291, 5521023.429907846264541 ], [ 475423.648648336180486, 5521035.797390475869179 ], [ 475425.817305384436622, 5521026.029378730803728 ], [ 475451.379422683385201, 5521031.608243166469038 ], [ 475596.588740630366374, 5521013.142001923173666 ], [ 475599.375836000370327, 5521012.672097570262849 ], [ 475600.736400308145676, 5521012.652101641520858 ], [ 475604.092458934232127, 5521012.022229851223528 ], [ 475607.86080977472011, 5521011.652305146679282 ], [ 475639.79696470987983, 5521010.812476091086864 ], [ 475713.580779416835867, 5521006.953261625021696 ], [ 475842.133491897955537, 5521039.336670066229999 ], [ 475911.489288221113384, 5521049.734553602524102 ], [ 475932.112144790473394, 5521052.843920700252056 ], [ 475945.915688131877687, 5521058.532762750983238 ], [ 476015.254992766538635, 5521087.426881426014006 ], [ 476027.829905308724847, 5521085.957180580124259 ], [ 476034.698693602345884, 5521085.147345420904458 ], [ 476046.143925476819277, 5521075.589290938340127 ], [ 476132.263523241563234, 5521003.663931160233915 ], [ 476195.228790240071248, 5520963.102187397889793 ], [ 476322.058121264562942, 5520819.231471911072731 ], [ 476422.665667446795851, 5520778.289805481210351 ], [ 476430.293073415057734, 5520659.983886347152293 ], [ 476477.319123400957324, 5520564.99322145152837 ], [ 476556.784324823645875, 5520493.987674448639154 ], [ 476530.958340507349931, 5520418.153110378421843 ], [ 476505.890973865811247, 5520360.784787553362548 ] ] ] ] } },
{ "type": "Feature", "properties": { "StatBez": 720, "stat_Bez_1": "Am Lämmchesberg" }, "geometry": { "type": "MultiPolygon", "coordinates": [ [ [ [ 474282.316602624428924, 5519021.227450997568667 ], [ 474257.315202737052459, 5518973.587148057296872 ], [ 474245.515399558120407, 5518951.071731012314558 ], [ 474238.423973468714394, 5518937.564480378292501 ], [ 474225.510981310624629, 5518912.959488661028445 ], [ 474222.394052168994676, 5518907.110679171048105 ], [ 474205.91060943325283, 5518876.226965471170843 ], [ 474204.129507066623773, 5518873.377545464783907 ], [ 474182.261528009432368, 5518838.544635613448918 ], [ 474176.794533245207276, 5518830.826206677593291 ], [ 474156.880819284939207, 5518802.73192519787699 ], [ 474134.287205930217169, 5518774.487674241885543 ], [ 474114.612621454347391, 5518752.402169690467417 ], [ 474098.071457808662672, 5518733.825950832106173 ], [ 474071.255972177605145, 5518707.031404791399837 ], [ 474061.896938908379525, 5518697.683307574130595 ], [ 474022.968308015319053, 5518661.100753857754171 ], [ 474012.256956282595638, 5518651.032803163863719 ], [ 473974.11992644140264, 5518614.230294220149517 ], [ 473952.787927263125312, 5518594.82424427010119 ], [ 473939.899672637809999, 5518584.056436030194163 ], [ 473926.747550995263737, 5518574.158450739458203 ], [ 473912.59768219362013, 5518564.530410503037274 ], [ 473925.749803836166393, 5518542.924808267503977 ], [ 473928.306015566166025, 5518537.056002847850323 ], [ 473928.512161673395894, 5518536.366143266670406 ], [ 473929.86448013689369, 5518531.697093638591468 ], [ 473930.730293787317351, 5518526.388174255378544 ], [ 473933.319488894427195, 5518495.15453178435564 ], [ 473939.627559776301496, 5518420.709684840403497 ], [ 473943.30520632956177, 5518398.684168077073991 ], [ 473950.462599173304625, 5518361.511734431609511 ], [ 473955.509055878850631, 5518335.347060182131827 ], [ 473962.435565082472749, 5518299.414374187588692 ], [ 473943.453631526790559, 5518295.705129195004702 ], [ 473892.07377575582359, 5518285.657174430787563 ], [ 473853.912008381623309, 5518280.558212311938405 ], [ 473842.310105465643574, 5518279.018525710329413 ], [ 473828.127253286889754, 5518276.17910366691649 ], [ 473788.283333677623887, 5518268.190729681402445 ], [ 473775.436308273754548, 5518265.431291356682777 ], [ 473769.664217270794325, 5518264.19154370483011 ], [ 473706.525787542224862, 5518250.644301211461425 ], [ 473694.973359691968653, 5518248.294779449701309 ], [ 473674.25979883549735, 5518244.085636209696531 ], [ 473666.541688580007758, 5518242.525953679345548 ], [ 473456.957064261077903, 5518199.944621000438929 ], [ 473437.216513030813076, 5518195.885447234846652 ], [ 473420.996937312418595, 5518192.536128979176283 ], [ 473390.264675643586088, 5518186.207417172379792 ], [ 473267.921083912893664, 5518161.012545524165034 ], [ 473243.422680527204648, 5518153.034169501625001 ], [ 473226.065178296878003, 5518147.385319309309125 ], [ 473138.593262068519834, 5518129.82889287546277 ], [ 473120.485388007713482, 5518126.18963363673538 ], [ 473114.028891928552184, 5518124.919892090372741 ], [ 473084.401573394599836, 5518119.051086670719087 ], [ 473049.818502442329191, 5518112.202480686828494 ], [ 472969.264849573373795, 5518095.685842606239021 ], [ 472924.712552874523681, 5518086.547702652402222 ], [ 472913.638383993005846, 5518084.268166645430028 ], [ 472822.282675104099326, 5518065.851915224455297 ], [ 472787.130640895862598, 5518058.75336011685431 ], [ 472785.349538529175334, 5518065.282031224109232 ], [ 472779.346563886094373, 5518086.877635494805872 ], [ 472778.117933086934499, 5518091.31673192884773 ], [ 472772.543742346868385, 5518111.702582439407706 ], [ 472770.276135167106986, 5518120.010891304351389 ], [ 472769.583484246628359, 5518122.500384574756026 ], [ 472768.371345136023592, 5518126.849499324336648 ], [ 472758.48457783239428, 5518162.252293175086379 ], [ 472752.432128123473376, 5518183.907885236665606 ], [ 472747.393917262321338, 5518201.984205847606063 ], [ 472744.59033020370407, 5518212.01216468308121 ], [ 472738.529634650563821, 5518233.667756743729115 ], [ 472723.382018689822871, 5518287.926712471991777 ], [ 472705.768895286426414, 5518339.016313316300511 ], [ 472698.43833971262211, 5518360.271986777894199 ], [ 472663.088405241374858, 5518462.821113167330623 ], [ 472653.399538200639654, 5518490.905396684072912 ], [ 472639.406340440385975, 5518529.897459948435426 ], [ 472631.811917849408928, 5518551.073149692267179 ], [ 472616.647810200054664, 5518593.324549529701471 ], [ 472614.96565796493087, 5518598.003597121685743 ], [ 472591.432018361287192, 5518663.560253233648837 ], [ 472539.79654141725041, 5518824.607472485862672 ], [ 472535.137639393506106, 5518836.69501209910959 ], [ 472532.812311303685419, 5518842.893750362098217 ], [ 472464.709883312461898, 5519030.815499374642968 ], [ 472464.074953302275389, 5519032.535149345174432 ], [ 472463.283352250349708, 5519035.224601913243532 ], [ 472428.222022329340689, 5519154.710280911065638 ], [ 472393.556492934119888, 5519253.160241675563157 ], [ 472359.121847179136239, 5519351.290267560631037 ], [ 472321.232192666560877, 5519461.357863584533334 ], [ 472320.696212787763216, 5519462.907548151910305 ], [ 472319.0882731511374, 5519467.586595742031932 ], [ 472305.070337858167477, 5519508.328302873298526 ], [ 472293.361238966346718, 5519545.69069785438478 ], [ 472292.124362322851084, 5519549.629896041937172 ], [ 472289.592888125858735, 5519557.668259851634502 ], [ 472278.188885472773109, 5519593.880888865329325 ], [ 472257.631995657808147, 5519659.167599922977388 ], [ 472213.813579100708012, 5519801.508626775816083 ], [ 472210.96876282064477, 5519810.736748413182795 ], [ 472199.300893150269985, 5519848.639033501036465 ], [ 472199.16895964165451, 5519849.068945993669331 ], [ 472197.495053250808269, 5519854.527834850363433 ], [ 472197.165219479182269, 5519855.597617099061608 ], [ 472194.279173977731261, 5519864.935716353356838 ], [ 472188.911129344895016, 5519888.13099501375109 ], [ 472187.839169587241486, 5519892.780048713088036 ], [ 472159.671365492569748, 5519996.758884087204933 ], [ 472154.897021648706868, 5520014.365300346165895 ], [ 472124.87390258879168, 5520093.669158251024783 ], [ 472097.555420455988497, 5520164.514737814664841 ], [ 472077.270643502590246, 5520230.801245367154479 ], [ 472055.213010026840493, 5520303.726401639170945 ], [ 472052.096080885152332, 5520314.014307563193142 ], [ 472051.230267234845087, 5520316.853729605674744 ], [ 472049.886194615566637, 5520321.062872846610844 ], [ 472065.206973306369036, 5520315.504004338756204 ], [ 472496.19251681183232, 5520173.033003944903612 ], [ 472925.949429517961107, 5520030.62199133913964 ], [ 472940.222985984000843, 5520024.563224584795535 ], [ 472998.620055245701224, 5520004.507306916639209 ], [ 473229.182107438507956, 5519928.102858844213188 ], [ 473368.891447243920993, 5519881.762291346676648 ], [ 473539.201115209551062, 5519824.463954276405275 ], [ 473550.382480066851713, 5519820.744711318984628 ], [ 473576.332152047485579, 5519812.016487925313413 ], [ 473730.916994952131063, 5519760.187037677504122 ], [ 473799.720319707819726, 5519737.12173255905509 ], [ 473845.864064354624134, 5519721.644882832653821 ], [ 474164.409275121695828, 5519613.836826885119081 ], [ 474230.532700483221561, 5519591.281417979858816 ], [ 474219.829594594717491, 5519567.7362105473876 ], [ 474052.892476943670772, 5519317.347176589071751 ], [ 474054.747791908914223, 5519316.947257991880178 ], [ 474056.471173365542199, 5519316.567335323430598 ], [ 474057.427691303251777, 5519316.34738009609282 ], [ 474070.142783198447432, 5519313.567945842631161 ], [ 474075.54381120839389, 5519312.378188014030457 ], [ 474096.686155967938248, 5519307.729134316556156 ], [ 474115.659843679226469, 5519303.549984971992671 ], [ 474152.625963631260674, 5519295.421639476902783 ], [ 474166.726357367180753, 5519292.322270344011486 ], [ 474189.608575271908194, 5519289.982746548950672 ], [ 474198.101794890593737, 5519289.112923598848283 ], [ 474212.020780052116606, 5519287.67321664839983 ], [ 474226.508728469721973, 5519286.183519870974123 ], [ 474235.917236804554705, 5519285.223715237341821 ], [ 474283.446283292083535, 5519268.627093437127769 ], [ 474283.446283292141743, 5519266.62750044837594 ], [ 474283.339087316358928, 5519201.470762934535742 ], [ 474283.512250046478584, 5519193.842315685003996 ], [ 474355.325307968072593, 5519147.311786854639649 ], [ 474348.604944871738553, 5519140.863099468871951 ], [ 474342.420561654143967, 5519133.624572852626443 ], [ 474335.881607132265344, 5519123.786575351841748 ], [ 474332.170977201778442, 5519116.98795919213444 ], [ 474325.384647351049352, 5519104.520496912300587 ], [ 474305.924454826628789, 5519066.888156877830625 ], [ 474282.316602624428924, 5519021.227450997568667 ] ] ] ] } },
{ "type": "Feature", "properties": { "StatBez": 710, "stat_Bez_1": "Alt-Eberstadt" }, "geometry": { "type": "MultiPolygon", "coordinates": [ [ [ [ 476583.641039676207583, 5519400.040344608016312 ], [ 476588.242220790067222, 5519375.745289803482592 ], [ 476542.238655496155843, 5519320.296576246619225 ], [ 476494.39626692555612, 5519276.355520336888731 ], [ 476433.921244902710896, 5519242.942321506328881 ], [ 476417.858340225706343, 5519221.35671520140022 ], [ 476409.282662164187059, 5519204.580130030401051 ], [ 476409.414595672802534, 5519201.980659147724509 ], [ 476411.962561558408197, 5519172.606638154014945 ], [ 476412.17695350991562, 5519165.428099327720702 ], [ 476412.646966634434648, 5519150.411155986599624 ], [ 476414.617723419738468, 5519087.63393412809819 ], [ 476418.592220367572736, 5519053.10096322465688 ], [ 476255.439945245569106, 5519050.831425182521343 ], [ 476236.1529154512682, 5519047.882025526836514 ], [ 476205.758733398339245, 5519047.19216594658792 ], [ 476184.641126171685755, 5519042.463128528557718 ], [ 476126.573890681553166, 5519009.919752649031579 ], [ 476117.437495208170731, 5519008.510039593093097 ], [ 476093.771922095911577, 5519003.041152770631015 ], [ 476072.794494222151116, 5518986.034614408388734 ], [ 476037.122971823613625, 5518956.840556781738997 ], [ 476005.871221964422148, 5518909.230247737839818 ], [ 475978.429052167397458, 5518889.714220176450908 ], [ 475957.509345203579869, 5518871.817862932570279 ], [ 475896.993093959288672, 5518753.901864430867136 ], [ 475849.942306440556422, 5518732.556209284812212 ], [ 475831.199502369447146, 5518724.547839367762208 ], [ 475821.733273124438711, 5518721.318496691994369 ], [ 475813.726558318943717, 5518719.638838580809534 ], [ 475806.940228468214627, 5518719.038960685022175 ], [ 475800.170390306098852, 5518719.268913879059255 ], [ 475788.024261666927487, 5518721.088543497957289 ], [ 475779.234191653784364, 5518722.598236202262342 ], [ 475750.893224829109386, 5518727.82717186678201 ], [ 475721.950311371241696, 5518733.236070899292827 ], [ 475708.303439071227331, 5518735.655578414909542 ], [ 475700.436903618625365, 5518736.655374909751117 ], [ 475693.106348044821061, 5518737.105283332057297 ], [ 475686.097380398248788, 5518736.705364735797048 ], [ 475678.412253520044032, 5518735.425625220872462 ], [ 475671.180648077628575, 5518733.735969146713614 ], [ 475662.258644555869978, 5518730.646597979590297 ], [ 475653.971571044472512, 5518726.917357058264315 ], [ 475647.061553529463708, 5518722.458264695480466 ], [ 475640.464878097409382, 5518717.589255768805742 ], [ 475630.677060925227124, 5518709.450912306085229 ], [ 475599.062493917299435, 5518682.916313357651234 ], [ 475579.396155285649002, 5518666.80959183908999 ], [ 475572.214024909131695, 5518661.62064803391695 ], [ 475564.199064259184524, 5518656.941600442864001 ], [ 475557.890993377368432, 5518653.702259802259505 ], [ 475551.706610159832053, 5518650.932823513634503 ], [ 475545.472751876572147, 5518648.933230525813997 ], [ 475538.917305666022003, 5518647.11360090598464 ], [ 475531.504291649383958, 5518645.473934656940401 ], [ 475523.629510352446232, 5518644.654101531021297 ], [ 475511.796723796229344, 5518644.284176827408373 ], [ 475492.09740178741049, 5518644.694093391299248 ], [ 475391.753722622466739, 5518646.193788133561611 ], [ 475309.146854525257368, 5518646.833657888695598 ], [ 475287.658184305473696, 5518646.333759642206132 ], [ 475279.470060925523285, 5518645.883851219899952 ], [ 475270.927366241114214, 5518645.064018094912171 ], [ 475258.484387207427062, 5518643.274382369592786 ], [ 475253.58635569922626, 5518642.564526858739555 ], [ 475239.758074824872892, 5518640.14501934312284 ], [ 475228.469513991847634, 5518637.645528108812869 ], [ 475216.958315362979192, 5518634.636140663176775 ], [ 475197.885677520243917, 5518628.637361696921289 ], [ 475149.573275825183373, 5518613.710400042124093 ], [ 475131.283993189921603, 5518608.14153357129544 ], [ 475113.48121536790859, 5518602.702640644274652 ], [ 475082.138761221547611, 5518593.154584125615656 ], [ 475076.614045547205023, 5518591.484923981130123 ], [ 475062.414701679896098, 5518587.195797021500766 ], [ 475041.123931723064743, 5518580.777103528380394 ], [ 474997.099369058792945, 5518567.489808124490082 ], [ 474944.738257817283738, 5518551.753011308610439 ], [ 474914.805843044538051, 5518542.764840827323496 ], [ 474898.206958488677628, 5518537.785854288376868 ], [ 474861.059429962304421, 5518526.628125414252281 ], [ 474808.822006385191344, 5518510.931320458650589 ], [ 474779.788388640095945, 5518502.053127591498196 ], [ 474754.308729784039315, 5518493.964773956686258 ], [ 474721.044993918098044, 5518481.177376798354089 ], [ 474707.398121618200094, 5518476.078414679504931 ], [ 474720.970781319483649, 5518435.056764529086649 ], [ 474730.560698228830006, 5518406.102658063173294 ], [ 474734.39501582365483, 5518390.995733040384948 ], [ 474737.132636127877049, 5518379.927985850721598 ], [ 474739.161113823298365, 5518367.920429958030581 ], [ 474740.925724501314107, 5518353.633338058367372 ], [ 474745.254792753607035, 5518284.287453233264387 ], [ 474747.555383310536854, 5518247.44495243113488 ], [ 474748.487163715297356, 5518211.952176894061267 ], [ 474749.56736931722844, 5518200.384531457908452 ], [ 474749.319993988494389, 5518194.745679232291877 ], [ 474748.281017607951071, 5518186.787299138493836 ], [ 474748.561376313911751, 5518180.138652454130352 ], [ 474748.643834756745491, 5518178.229041150771081 ], [ 474750.688804140663706, 5518151.504480866715312 ], [ 474751.076358822348993, 5518146.425514676608145 ], [ 474753.715028995124158, 5518115.491811152547598 ], [ 474753.987141856690869, 5518101.474664307199419 ], [ 474753.261507559102029, 5518086.507710791192949 ], [ 474751.711288832593709, 5518068.161445126868784 ], [ 474750.861966870725155, 5518061.472806581296027 ], [ 474749.287010611325968, 5518048.885368722490966 ], [ 474741.305033338663634, 5517985.548260826617479 ], [ 474737.800549515406601, 5517957.783912188373506 ], [ 474737.742828605347313, 5517957.264018012210727 ], [ 474736.464722740405705, 5517947.186069351620972 ], [ 474735.458729737147223, 5517940.097512210719287 ], [ 474732.143900332506746, 5517916.742266110144556 ], [ 474727.781848703103606, 5517905.364582007750869 ], [ 474726.808839076897129, 5517903.894881162792444 ], [ 474720.352342997735832, 5517894.08687755651772 ], [ 474704.503830272355117, 5517876.070544733665884 ], [ 474702.211485559761059, 5517873.46107588429004 ], [ 474682.957439142570365, 5517854.2649831995368 ], [ 474664.494993777305353, 5517839.52798287756741 ], [ 474644.136004225292709, 5517827.280475825071335 ], [ 474643.393878239090554, 5517826.8305674046278 ], [ 474595.007263945532031, 5517800.44593792874366 ], [ 474586.951074074197095, 5517797.026633919216692 ], [ 474580.403873707924504, 5517795.986845564097166 ], [ 474571.655032916169148, 5517795.996843528933823 ], [ 474567.086835179594345, 5517796.446751952171326 ], [ 474545.738344312703703, 5517798.546324589289725 ], [ 474527.0367694630404, 5517800.375952173024416 ], [ 474510.545080883021001, 5517801.985624529421329 ], [ 474477.520474501536228, 5517805.224965170025826 ], [ 474469.101467481465079, 5517806.354735207743943 ], [ 474465.76190054405015, 5517807.374527630396187 ], [ 474460.690706305671483, 5517808.904216268099844 ], [ 474454.011572430783417, 5517812.203544697724283 ], [ 474449.905141974391881, 5517814.233131580986083 ], [ 474444.232001102878712, 5517817.50246611610055 ], [ 474439.985391293477733, 5517819.96196549013257 ], [ 474427.204332643945236, 5517828.29027028568089 ], [ 474421.69610865827417, 5517820.87178030051291 ], [ 474417.960741194838192, 5517814.962983021512628 ], [ 474413.046217998082284, 5517803.94522565510124 ], [ 474409.525242486270145, 5517791.677722674794495 ], [ 474405.567237227049191, 5517777.870533093810081 ], [ 474390.196983470465057, 5517728.370608675293624 ], [ 474381.209013194369618, 5517731.519967631436884 ], [ 474358.978216988500208, 5517738.35857565049082 ], [ 474353.230863518372644, 5517740.128215444274247 ], [ 474347.021742768061813, 5517742.177798257209361 ], [ 474341.134209944924805, 5517744.20738514047116 ], [ 474326.481344641651958, 5517726.880911899730563 ], [ 474317.831453981401864, 5517732.349798722192645 ], [ 474306.377976262592711, 5517736.388976557180285 ], [ 474298.651620162825566, 5517739.108423021622002 ], [ 474292.269336682395078, 5517740.258188989944756 ], [ 474279.801620115991682, 5517741.857863378711045 ], [ 474264.052057521999814, 5517743.71748485788703 ], [ 474264.381891293684021, 5517746.077004584483802 ], [ 474242.109865866368636, 5517749.15637778583914 ], [ 474238.885740748955868, 5517749.616284172981977 ], [ 474213.74416150880279, 5517755.45509569812566 ], [ 474192.882175455044489, 5517760.304108694195747 ], [ 474186.978150943352375, 5517760.154139219783247 ], [ 474170.989458865136839, 5517759.504271497949958 ], [ 474165.159646952117328, 5517759.254322374239564 ], [ 474130.774476262798999, 5517757.82461338955909 ], [ 474118.191317876277026, 5517757.304719211533666 ], [ 474104.206365960417315, 5517756.724837244488299 ], [ 474093.956781507877167, 5517756.294924752786756 ], [ 474086.560259179736022, 5517764.893174599856138 ], [ 474080.565530380932614, 5517771.841760235838592 ], [ 474055.184821656323038, 5517816.452679798007011 ], [ 474047.681103352457285, 5517829.639995553530753 ], [ 474041.356540782027878, 5517840.757732565514743 ], [ 474031.387315035390202, 5517857.404344191774726 ], [ 474010.40988716162974, 5517845.406786263920367 ], [ 473978.209865209180862, 5517835.898721605539322 ], [ 473839.885827244492248, 5517778.900323481298983 ], [ 473787.054702878405806, 5517766.062936499714851 ], [ 473767.413101779529825, 5517764.043347580358386 ], [ 473746.11408597859554, 5517766.412865272723138 ], [ 473650.849846896133386, 5517768.802378891967237 ], [ 473614.708311373135075, 5517769.052328015677631 ], [ 473605.687357719813008, 5517799.006230976432562 ], [ 473562.528608706023078, 5517784.419200128875673 ], [ 473523.938057428749744, 5517773.111501782201231 ], [ 473425.61461011483334, 5517748.71646732930094 ], [ 473302.462925643660128, 5517745.637094127014279 ], [ 473250.398664796666708, 5517744.327360719442368 ], [ 473241.575611406355165, 5517744.117403455078602 ], [ 473181.488144065078814, 5517741.018034324981272 ], [ 473135.649495656951331, 5517744.907242685556412 ], [ 473036.072680010925978, 5517755.165154714137316 ], [ 473000.590812031121459, 5517756.684845386072993 ], [ 472956.9785415813094, 5517758.564462795853615 ], [ 472892.784643783583306, 5517722.521799185313284 ], [ 472892.149713773280382, 5517722.241856167092919 ], [ 472872.532850207411684, 5517711.254092697054148 ], [ 472807.712268243660219, 5517674.931486070156097 ], [ 472806.862946281791665, 5517685.71929024066776 ], [ 472806.788733683235478, 5517686.599111156538129 ], [ 472806.533112510165665, 5517689.87844365555793 ], [ 472806.409424845885951, 5517691.438126186840236 ], [ 472806.211524582875427, 5517694.017601141706109 ], [ 472804.290242863353342, 5517718.652586752548814 ], [ 472801.758768666302785, 5517749.486310629174113 ], [ 472801.585605936241336, 5517751.765846635214984 ], [ 472800.934184237325098, 5517760.394090378656983 ], [ 472800.472416956967209, 5517766.622822536155581 ], [ 472798.823248099011835, 5517788.70832708850503 ], [ 472795.912465064669959, 5517828.760174638591707 ], [ 472794.263296206714585, 5517851.185609998181462 ], [ 472793.793283082195558, 5517857.694285173900425 ], [ 472793.760299704968929, 5517858.134195631369948 ], [ 472793.554153597739059, 5517861.053601393476129 ], [ 472793.413974244846031, 5517862.953214731998742 ], [ 472792.927469431771897, 5517864.072986805811524 ], [ 472792.762552545871586, 5517864.432913543656468 ], [ 472791.962705649842974, 5517866.222549268044531 ], [ 472791.748313698219135, 5517866.722447514533997 ], [ 472790.701091473398264, 5517869.131957065314054 ], [ 472789.563164961291477, 5517871.761421844363213 ], [ 472788.441730137914419, 5517874.2909069750458 ], [ 472787.213099338754546, 5517877.100335122086108 ], [ 472786.644136082672048, 5517878.380074635148048 ], [ 472785.464980349177495, 5517881.069527203217149 ], [ 472785.209359176282305, 5517881.649409171193838 ], [ 472784.145645262906328, 5517884.078914650715888 ], [ 472782.653147446340881, 5517887.538210520520806 ], [ 472765.641970676137134, 5517926.240332803688943 ], [ 472765.386349503067322, 5517926.840210698544979 ], [ 472761.246935669507366, 5517936.258293673396111 ], [ 472761.007806185109075, 5517936.818179708905518 ], [ 472760.595513970591128, 5517937.757988413795829 ], [ 472756.365395849803463, 5517947.386028650216758 ], [ 472756.126266365405172, 5517947.925918757915497 ], [ 472752.902141247992404, 5517955.294418917968869 ], [ 472748.234993379912339, 5517965.902259720489383 ], [ 472742.232018736773171, 5517979.589473723433912 ], [ 472733.194573395012412, 5518000.195279464125633 ], [ 472722.755334523797501, 5518023.960442125797272 ], [ 472722.54094257223187, 5518024.46034037321806 ], [ 472715.342320507101249, 5518040.857002874836326 ], [ 472718.92926277325023, 5518042.576652845367789 ], [ 472736.220798249356449, 5518050.884961710311472 ], [ 472737.606100090080872, 5518051.364864026196301 ], [ 472758.855640825466253, 5518058.753360117785633 ], [ 472760.232696821913123, 5518059.223264471627772 ], [ 472785.349538529175334, 5518065.282031224109232 ], [ 472787.130640895862598, 5518058.75336011685431 ], [ 472822.282675104099326, 5518065.851915224455297 ], [ 472913.638383993005846, 5518084.268166645430028 ], [ 472924.712552874523681, 5518086.547702652402222 ], [ 472969.264849573373795, 5518095.685842606239021 ], [ 473049.818502442329191, 5518112.202480686828494 ], [ 473084.401573394599836, 5518119.051086670719087 ], [ 473114.028891928552184, 5518124.919892090372741 ], [ 473120.485388007713482, 5518126.18963363673538 ], [ 473138.593262068519834, 5518129.82889287546277 ], [ 473226.065178296878003, 5518147.385319309309125 ], [ 473243.422680527204648, 5518153.034169501625001 ], [ 473267.921083912893664, 5518161.012545524165034 ], [ 473390.264675643586088, 5518186.207417172379792 ], [ 473420.996937312418595, 5518192.536128979176283 ], [ 473437.216513030813076, 5518195.885447234846652 ], [ 473456.957064261077903, 5518199.944621000438929 ], [ 473666.541688580007758, 5518242.525953679345548 ], [ 473674.25979883549735, 5518244.085636209696531 ], [ 473694.973359691968653, 5518248.294779449701309 ], [ 473706.525787542224862, 5518250.644301211461425 ], [ 473769.664217270794325, 5518264.19154370483011 ], [ 473775.436308273754548, 5518265.431291356682777 ], [ 473788.283333677623887, 5518268.190729681402445 ], [ 473828.127253286889754, 5518276.17910366691649 ], [ 473842.310105465643574, 5518279.018525710329413 ], [ 473853.912008381623309, 5518280.558212311938405 ], [ 473892.07377575582359, 5518285.657174430787563 ], [ 473943.453631526790559, 5518295.705129195004702 ], [ 473962.435565082472749, 5518299.414374187588692 ], [ 473955.509055878850631, 5518335.347060182131827 ], [ 473950.462599173304625, 5518361.511734431609511 ], [ 473943.30520632956177, 5518398.684168077073991 ], [ 473939.627559776301496, 5518420.709684840403497 ], [ 473933.319488894427195, 5518495.15453178435564 ], [ 473930.730293787317351, 5518526.388174255378544 ], [ 473929.86448013689369, 5518531.697093638591468 ], [ 473928.512161673395894, 5518536.366143266670406 ], [ 473928.306015566166025, 5518537.056002847850323 ], [ 473925.749803836166393, 5518542.924808267503977 ], [ 473912.59768219362013, 5518564.530410503037274 ], [ 473926.747550995263737, 5518574.158450739458203 ], [ 473939.899672637809999, 5518584.056436030194163 ], [ 473952.787927263125312, 5518594.82424427010119 ], [ 473974.11992644140264, 5518614.230294220149517 ], [ 474012.256956282595638, 5518651.032803163863719 ], [ 474022.968308015319053, 5518661.100753857754171 ], [ 474061.896938908379525, 5518697.683307574130595 ], [ 474071.255972177605145, 5518707.031404791399837 ], [ 474098.071457808662672, 5518733.825950832106173 ], [ 474114.612621454347391, 5518752.402169690467417 ], [ 474134.287205930217169, 5518774.487674241885543 ], [ 474156.880819284939207, 5518802.73192519787699 ], [ 474176.794533245207276, 5518830.826206677593291 ], [ 474182.261528009432368, 5518838.544635613448918 ], [ 474204.129507066623773, 5518873.377545464783907 ], [ 474205.91060943325283, 5518876.226965471170843 ], [ 474222.394052168994676, 5518907.110679171048105 ], [ 474225.510981310624629, 5518912.959488661028445 ], [ 474238.423973468714394, 5518937.564480378292501 ], [ 474245.515399558120407, 5518951.071731012314558 ], [ 474257.315202737052459, 5518973.587148057296872 ], [ 474282.316602624428924, 5519021.227450997568667 ], [ 474305.924454826628789, 5519066.888156877830625 ], [ 474325.384647351049352, 5519104.520496912300587 ], [ 474332.170977201778442, 5519116.98795919213444 ], [ 474335.881607132265344, 5519123.786575351841748 ], [ 474342.420561654143967, 5519133.624572852626443 ], [ 474348.604944871738553, 5519140.863099468871951 ], [ 474355.325307968072593, 5519147.311786854639649 ], [ 474370.48941561736865, 5519152.770675710402429 ], [ 474380.112315903767012, 5519155.46012828219682 ], [ 474382.239743730635382, 5519156.050008212216198 ], [ 474399.193199590896256, 5519158.92942211497575 ], [ 474415.041712316276971, 5519159.749255240894854 ], [ 474424.23582869960228, 5519159.399326467886567 ], [ 474423.765815575083252, 5519137.823718127794564 ], [ 474423.246327384724282, 5519113.61864500772208 ], [ 474513.884647820494138, 5519112.388895318843424 ], [ 474532.446043317264412, 5519112.148944161832333 ], [ 474565.63556658453308, 5519111.70903370436281 ], [ 474572.933138781168964, 5519111.619052018970251 ], [ 474600.408291955478489, 5519110.80921685975045 ], [ 474692.99263164360309, 5519108.139760219492018 ], [ 474735.335042072692886, 5519107.339923025108874 ], [ 474753.459407822112553, 5519106.999992216937244 ], [ 474778.427824332204182, 5519106.540085828863084 ], [ 474778.386595110816415, 5519104.85042975563556 ], [ 474786.178917964803986, 5519104.84043178986758 ], [ 474792.379792870895471, 5519104.8304338240996 ], [ 474792.478743002342526, 5519109.239536362700164 ], [ 474895.922859620477539, 5519106.860020708292723 ], [ 474927.990948064310942, 5519106.130169266834855 ], [ 474927.652868448407389, 5519108.139760220423341 ], [ 474932.88073372823419, 5519109.809420364908874 ], [ 475355.257615794951562, 5519112.958779321052134 ], [ 475499.592874247115105, 5519060.439469491131604 ], [ 475552.473473678808659, 5519086.564151880331337 ], [ 475634.849458135897294, 5519134.804332715459168 ], [ 475657.410088113392703, 5519148.591526366770267 ], [ 475746.679598396876827, 5519205.11002217233181 ], [ 475788.956042071687989, 5519234.254089972935617 ], [ 475821.238522467087023, 5519254.589950663037598 ], [ 475895.047074706933927, 5519304.09987304545939 ], [ 475914.474283854127862, 5519317.537137923762202 ], [ 475974.264900801004842, 5519364.017676929943264 ], [ 476015.287976143765263, 5519404.779379988089204 ], [ 476055.841038361832034, 5519458.138518874533474 ], [ 476058.405495936109219, 5519462.317668220028281 ], [ 476070.048628073534928, 5519484.123229753226042 ], [ 476089.475837220787071, 5519525.89472727291286 ], [ 476109.430780402617529, 5519583.493003292940557 ], [ 476157.19895637454465, 5519687.991732846014202 ], [ 476184.904993188974913, 5519752.248653513379395 ], [ 476197.488151575555094, 5519806.397631630301476 ], [ 476226.670194517821074, 5519903.997765374369919 ], [ 476233.01949462108314, 5519924.483595535159111 ], [ 476277.192482482583728, 5520023.073527809232473 ], [ 476301.806327688274905, 5520055.676891478709877 ], [ 476323.229031153663527, 5520090.749752488918602 ], [ 476378.583383872522973, 5520159.365785871632397 ], [ 476427.299831937765703, 5520218.283793263137341 ], [ 476437.722579120309092, 5520232.710856671445072 ], [ 476447.642329801281448, 5520248.31767994351685 ], [ 476448.903943977609742, 5520241.379092274233699 ], [ 476450.627325434237719, 5520231.871027616783977 ], [ 476453.224766385566909, 5520223.202792013995349 ], [ 476456.547841634484939, 5520207.825921935029328 ], [ 476458.584565174009185, 5520198.397840997204185 ], [ 476463.358909017988481, 5520176.412316094152629 ], [ 476466.04705425654538, 5520163.994843640364707 ], [ 476472.602500467153732, 5520133.750999696552753 ], [ 476491.52671311260201, 5520106.876469937153161 ], [ 476492.310068320191931, 5520097.348409348167479 ], [ 476494.132399908266962, 5520074.942969917319715 ], [ 476495.006459403026383, 5520064.115173887461424 ], [ 476495.748585389053915, 5520052.767483681440353 ], [ 476496.498957219533622, 5520041.119854526594281 ], [ 476497.067920475441497, 5520032.431622993201017 ], [ 476497.570916977187153, 5520024.693198129534721 ], [ 476497.9832091917051, 5520021.803786261938512 ], [ 476498.849022842186969, 5520015.655037824064493 ], [ 476499.986949354177341, 5520007.626671976409853 ], [ 476501.025925734720659, 5520000.288165711797774 ], [ 476502.96369914279785, 5519986.650941532105207 ], [ 476503.705825128883589, 5519981.382014009170234 ], [ 476504.472688647860195, 5519975.913127186708152 ], [ 476505.462189962738194, 5519968.904553763568401 ], [ 476506.113611661596224, 5519964.335483787581325 ], [ 476507.309259083704092, 5519957.826808609999716 ], [ 476507.869976495392621, 5519954.727439479902387 ], [ 476510.236533806601074, 5519922.693959811702371 ], [ 476511.893948508950416, 5519900.258526487275958 ], [ 476512.363961633527651, 5519893.939812644384801 ], [ 476536.095501500007231, 5519899.07876662351191 ], [ 476533.20945599861443, 5519864.475809965282679 ], [ 476515.109827782027423, 5519855.907554012723267 ], [ 476512.52887851925334, 5519851.568437228910625 ], [ 476510.088108609430492, 5519847.449275673367083 ], [ 476493.909762112423778, 5519820.24481307156384 ], [ 476471.769670193782076, 5519804.927930782549083 ], [ 476467.011818038474303, 5519801.628602353855968 ], [ 476425.419779439689592, 5519772.864457220770419 ], [ 476432.214355134696234, 5519759.897096693515778 ], [ 476434.02019503415795, 5519756.457796754315495 ], [ 476449.151319306343794, 5519727.563678078353405 ], [ 476450.775750631466508, 5519668.825634055770934 ], [ 476469.543292235524859, 5519616.416301839053631 ], [ 476476.354359618970193, 5519585.852523018606007 ], [ 476470.326647442998365, 5519555.74865058530122 ], [ 476483.247885445482098, 5519516.406658545136452 ], [ 476488.17890033085132, 5519499.770044884644449 ], [ 476495.542439281882253, 5519493.191383955068886 ], [ 476512.265011501964182, 5519478.224430439062417 ], [ 476568.369736051070504, 5519480.853895218111575 ], [ 476568.889224241429474, 5519478.084458929486573 ], [ 476583.641039676207583, 5519400.040344608016312 ] ] ] ] } },
{ "type": "Feature", "properties": { "StatBez": 240, "stat_Bez_1": "Waldkolonie" }, "geometry": { "type": "MultiPolygon", "coordinates": [ [ [ [ 471696.947567314957269, 5525863.694684422574937 ], [ 471699.107978518877644, 5525867.913825627416372 ], [ 471702.620708186470438, 5525874.752433647401631 ], [ 471725.676088821259327, 5525887.669804351404309 ], [ 471733.468411675363313, 5525892.038915027864277 ], [ 471747.840918272850104, 5525900.087276805192232 ], [ 471767.424798461608589, 5525911.065042309463024 ], [ 471771.325082810653839, 5525913.234600701369345 ], [ 471790.265787144831847, 5525923.86243743263185 ], [ 471790.31526221067179, 5525923.892431328073144 ], [ 471793.638337459473405, 5525925.762050771154463 ], [ 471805.190765309729613, 5525932.220736121758819 ], [ 471811.614278011664283, 5525935.820003502070904 ], [ 471822.581250917399302, 5525941.968751938082278 ], [ 471837.78658778819954, 5525950.497016033157706 ], [ 471847.038425081525929, 5525955.675961869768798 ], [ 471853.445446094905492, 5525959.285227214917541 ], [ 471864.874186280765571, 5525965.683924775570631 ], [ 471888.275892375793774, 5525978.791256812401116 ], [ 471911.710581847990397, 5525991.928582743741572 ], [ 471930.461631763493642, 5526002.436443895101547 ], [ 471959.49524950858904, 5526018.713130817748606 ], [ 471986.236522540973965, 5526024.861879256553948 ], [ 472027.441006458131596, 5526034.339950017631054 ], [ 472038.210079100856092, 5526036.819445324130356 ], [ 472048.97915174352238, 5526039.298940628767014 ], [ 472065.536807077936828, 5526043.108165272511542 ], [ 472089.911522799171507, 5526048.717023603618145 ], [ 472120.206754720653407, 5526055.685605166479945 ], [ 472133.647480913321488, 5526058.784974297508597 ], [ 472158.855026907811407, 5526064.573795998468995 ], [ 472180.195271930308081, 5526069.492794749327004 ], [ 472195.986063745687716, 5526073.122056022286415 ], [ 472211.677905429620296, 5526076.73132136464119 ], [ 472227.452205556386616, 5526080.37058060336858 ], [ 472243.234751527488697, 5526083.989843911491334 ], [ 472264.657454992819112, 5526088.918840627186 ], [ 472279.128911721811164, 5526092.248162952251732 ], [ 472294.128102485381532, 5526095.697460855357349 ], [ 472309.20150584744988, 5526099.166754689998925 ], [ 472313.654261764080729, 5526100.196545078419149 ], [ 472316.391882068302948, 5526100.826416869647801 ], [ 472319.113010684086476, 5526101.456288661807775 ], [ 472321.842385143914726, 5526102.076162487268448 ], [ 472324.571759603975806, 5526102.706034279428422 ], [ 472327.301134064036887, 5526103.335906069725752 ], [ 472330.030508523981553, 5526103.965777861885726 ], [ 472332.75988298386801, 5526104.585651688277721 ], [ 472335.711895239714067, 5526105.255515338853002 ], [ 472338.630924118449911, 5526105.945374918170273 ], [ 472351.873750048107468, 5526108.984756260178983 ], [ 472354.603124508226756, 5526109.604630087502301 ], [ 472365.48763897101162, 5526112.124117253348231 ], [ 472392.352599667850882, 5526118.302859585732222 ], [ 472416.7190695447498, 5526123.911717916838825 ], [ 472442.042057359300088, 5526129.770525373518467 ], [ 472452.893588445032947, 5526132.260018641129136 ], [ 472459.754130894318223, 5526133.829699139110744 ], [ 472463.58844848908484, 5526134.709520051255822 ], [ 472478.488689121149946, 5526138.12882406078279 ], [ 472494.106318206351716, 5526141.708095509558916 ], [ 472475.891248169820756, 5526242.00767978746444 ], [ 472475.437726733740419, 5526244.507171023637056 ], [ 472663.228584594267886, 5526281.199702352285385 ], [ 472671.400216285721399, 5526283.119311621412635 ], [ 472485.975915736460593, 5526448.665615098550916 ], [ 472488.606340065016411, 5526450.155311872251332 ], [ 472489.439170338213444, 5526450.625216226093471 ], [ 472479.560648878803477, 5526463.30263577029109 ], [ 472551.530377841903828, 5526505.164114972576499 ], [ 472639.670207457733341, 5526556.443677151575685 ], [ 472705.7524035978131, 5526594.885852345265448 ], [ 472789.068414304056205, 5526643.735909042879939 ], [ 472835.92130155977793, 5526673.06993817538023 ], [ 472859.982675197941717, 5526692.445994229055941 ], [ 472876.795951705309562, 5526708.412744239903986 ], [ 472892.908331447979435, 5526726.229117761366069 ], [ 472907.998226498661097, 5526745.015293884091079 ], [ 472921.884228283073753, 5526765.091207483783364 ], [ 472939.530335063638631, 5526796.664780763909221 ], [ 472954.372854785586242, 5526830.07797959446907 ], [ 472962.033244131074753, 5526853.303252149373293 ], [ 472968.629919563070871, 5526878.688085131347179 ], [ 472972.472483002231456, 5526900.683608000166714 ], [ 472974.847286157717463, 5526924.858687225729227 ], [ 472978.698095441097394, 5526973.248837534338236 ], [ 472979.976201306039002, 5526989.355559053830802 ], [ 472980.198839101823978, 5526992.124995340593159 ], [ 472985.195820741646457, 5526991.795062499120831 ], [ 472998.463384204253089, 5526978.637740637175739 ], [ 473000.854679048352409, 5526970.079482649452984 ], [ 473075.520799094345421, 5526903.223091096617281 ], [ 473064.801201517344452, 5526894.414883983321488 ], [ 473086.850589148758445, 5526861.241636312566698 ], [ 473108.685584828723222, 5526829.758044715970755 ], [ 473118.118830696446821, 5526816.460751345381141 ], [ 473139.360125587438233, 5526786.546840243972838 ], [ 473157.938012772821821, 5526761.331972667016089 ], [ 473181.784994459536392, 5526729.248503173701465 ], [ 473214.389062782167457, 5526686.637176600284874 ], [ 473240.264522164245136, 5526652.404144644737244 ], [ 473340.641184706357308, 5526523.340415235608816 ], [ 473374.193525122362189, 5526485.278162707574666 ], [ 473370.87869571777992, 5526478.69950177706778 ], [ 473368.973905686812941, 5526474.910273066721857 ], [ 473365.395209264999721, 5526467.551770868711174 ], [ 473341.201902118104044, 5526417.831891223788261 ], [ 473319.977098915667739, 5526372.411136500537395 ], [ 473315.062575718795415, 5526360.273607063107193 ], [ 473281.155663998273667, 5526289.857939991168678 ], [ 473274.806363895069808, 5526278.470257924869657 ], [ 473268.836372629040852, 5526267.99239066708833 ], [ 473268.226180151570588, 5526266.902612488716841 ], [ 473264.911350747046527, 5526261.073798928409815 ], [ 473264.127995539456606, 5526259.704077732749283 ], [ 473257.341665688785724, 5526245.776912569999695 ], [ 473249.953389204922132, 5526230.619997721165419 ], [ 473242.235278949548956, 5526214.773223291151226 ], [ 473217.654417121026199, 5526164.743406731635332 ], [ 473214.149933297769167, 5526157.614857730455697 ], [ 473202.869618309021462, 5526137.548942094668746 ], [ 473192.900392562500201, 5526115.353459928184748 ], [ 473181.306735490739811, 5526089.508720558136702 ], [ 473172.030160664464347, 5526064.703769541345537 ], [ 473161.491971661802381, 5526033.620096542872488 ], [ 473150.986766036367044, 5525989.039170876145363 ], [ 473143.664456306840293, 5525954.546191834844649 ], [ 473143.359360068105161, 5525953.076490987092257 ], [ 473143.177951493766159, 5525952.236661931499839 ], [ 473141.875108095991891, 5525945.438045772723854 ], [ 473244.197789890517015, 5525917.383756151422858 ], [ 473248.164040994015522, 5525916.293977973051369 ], [ 473227.318546628928743, 5525853.776703204028308 ], [ 473224.028454757179134, 5525843.438807454891503 ], [ 473223.080182663863525, 5525828.471853939816356 ], [ 473223.302820459706709, 5525797.518154486082494 ], [ 473225.801311279530637, 5525779.431835909374058 ], [ 473229.132632372668013, 5525762.07536877412349 ], [ 473257.415878287458327, 5525616.764946334995329 ], [ 473272.802623732539359, 5525619.584372447803617 ], [ 473274.690922075009439, 5525619.85431750304997 ], [ 473275.870077808387578, 5525611.016116495244205 ], [ 473277.22239627194358, 5525600.938167835585773 ], [ 473286.202120703761466, 5525565.415398403070867 ], [ 473294.159360443707556, 5525537.201141342520714 ], [ 473303.254526695527602, 5525506.217447994276881 ], [ 473314.114303625421599, 5525478.353119707666337 ], [ 473321.354154912056401, 5525459.546947654336691 ], [ 473332.782895098032895, 5525439.770973003469408 ], [ 473345.28359504166292, 5525417.305545781739056 ], [ 473339.7836169002112, 5525416.865635324269533 ], [ 473340.789609903586097, 5525228.863902593031526 ], [ 473406.863560199330095, 5524816.727791837416589 ], [ 473407.127427216619253, 5524815.06812965683639 ], [ 473435.014872605446726, 5524640.463669944554567 ], [ 473440.481867369730026, 5524571.307746454142034 ], [ 473441.562072971661109, 5524557.57054262701422 ], [ 473446.888888383051381, 5524487.774749380536377 ], [ 473455.060520074446686, 5524380.656553014181554 ], [ 473456.29739671794232, 5524366.289477394893765 ], [ 473467.115944426390342, 5524244.684229830279946 ], [ 473428.673818346404005, 5524236.855823282152414 ], [ 473405.634929400170222, 5524232.036804180592299 ], [ 473383.560804235865362, 5524226.917846132069826 ], [ 473333.937313298578374, 5524216.689927997067571 ], [ 473294.043918623588979, 5524208.471600817516446 ], [ 473205.260913153120782, 5524190.065347360447049 ], [ 473043.337268830451649, 5524156.232234005816281 ], [ 472960.755138266074937, 5524138.985744484700263 ], [ 472878.511087317601778, 5524121.659271243028343 ], [ 472851.8687644166057, 5524116.05041291192174 ], [ 472809.270732814446092, 5524107.082238360308111 ], [ 472693.532062360027339, 5524082.707199836149812 ], [ 472634.120754250616301, 5524069.7098454143852 ], [ 472624.868916957231704, 5524067.680258532054722 ], [ 472596.090920385089703, 5524058.792067700996995 ], [ 472554.630815294920467, 5524044.834908644668758 ], [ 472439.098290947848, 5524007.592489241622388 ], [ 472422.383964571927208, 5524002.313563753850758 ], [ 472403.129918154794723, 5523997.864469355903566 ], [ 472396.813601428642869, 5523996.364774614572525 ], [ 472387.899843751220033, 5523994.265201976522803 ], [ 472369.915657354693394, 5523991.305804355069995 ], [ 472347.066422827017959, 5523989.186235787346959 ], [ 472325.684948583133519, 5523988.55636399704963 ], [ 472306.859686069132295, 5523988.766321261413395 ], [ 472285.280311562120914, 5523990.036062806844711 ], [ 472263.057761200529058, 5523990.4659753004089 ], [ 472244.191269465023652, 5523990.166036352515221 ], [ 472235.772262445010711, 5523990.036062807776034 ], [ 472214.399034045345616, 5523988.126451504416764 ], [ 472193.240197597129736, 5523984.537182089872658 ], [ 472171.65257724589901, 5523980.088087692856789 ], [ 472111.358963797450997, 5523967.820584710687399 ], [ 471998.935122747614514, 5523944.275377277284861 ], [ 471959.866312501544598, 5523936.07704602740705 ], [ 471772.726876340049785, 5523895.285349071025848 ], [ 471667.402707223896869, 5523869.360625982284546 ], [ 471667.567624109680764, 5523862.721977260895073 ], [ 471667.707803462573793, 5523857.013139280490577 ], [ 471667.806753594020847, 5523853.253904462791979 ], [ 471668.210799964261241, 5523837.197172769345343 ], [ 471668.557125424442347, 5523823.210019819438457 ], [ 471668.788009064563084, 5523814.131867653690279 ], [ 471669.175563746190164, 5523798.774993505328894 ], [ 471669.274513877753634, 5523794.895783109590411 ], [ 471669.431184919201769, 5523788.817020425572991 ], [ 471670.742274161370005, 5523768.54114752728492 ], [ 471671.797742230410222, 5523752.174478920176625 ], [ 471672.177051067759749, 5523746.375659255310893 ], [ 471673.084093939687591, 5523732.408502234145999 ], [ 471673.422173555532936, 5523727.139574710279703 ], [ 471673.504631998424884, 5523725.999806707724929 ], [ 471652.213862041709945, 5523723.030411119572818 ], [ 471619.172763971611857, 5523718.411351319402456 ], [ 471561.089036792807747, 5523710.29300378728658 ], [ 471517.839583491906524, 5523704.014281803742051 ], [ 471496.037571189110167, 5523700.854924883693457 ], [ 471496.48284678068012, 5523697.885529295541346 ], [ 471487.569089103315491, 5523696.615787748247385 ], [ 471437.046801138494629, 5523689.437248921021819 ], [ 471432.800191328977235, 5523719.011229213327169 ], [ 471429.707999720296357, 5523739.017157059162855 ], [ 471427.267229810473509, 5523755.503801244311035 ], [ 471435.983087224944029, 5523757.06348377559334 ], [ 471430.936630519514438, 5523780.918628122657537 ], [ 471426.28597433998948, 5523802.924148956313729 ], [ 471425.296473025227897, 5523807.613194512203336 ], [ 471424.389430153241847, 5523811.902321472764015 ], [ 471423.243257796973921, 5523818.041071945801377 ], [ 471393.319088868563995, 5523811.862329611554742 ], [ 471386.656446682289243, 5523810.482610451057553 ], [ 471185.886629909218755, 5523767.611336787231266 ], [ 471187.486323701567017, 5523777.029419761151075 ], [ 471188.129499556205701, 5523780.788654578849673 ], [ 471188.657233590784017, 5523783.858029814437032 ], [ 471188.879871386568993, 5523785.187759151682258 ], [ 471190.3971067359671, 5523794.085947949439287 ], [ 471192.639976382895838, 5523800.984543757513165 ], [ 471193.233677171752788, 5523802.854163201525807 ], [ 471192.574009628500789, 5523802.704193727113307 ], [ 471192.145225725427736, 5523815.271635656245053 ], [ 471200.663182876945939, 5523868.390823382884264 ], [ 471209.634661464544479, 5523921.939923601225019 ], [ 471221.887986079440452, 5523985.317023355513811 ], [ 471229.87820919638034, 5524023.099332863464952 ], [ 471231.255265192943625, 5524029.618006004951894 ], [ 471242.082058745727409, 5524080.737600744701922 ], [ 471249.841398222546559, 5524107.872077590785921 ], [ 471253.791157637431752, 5524125.228544726967812 ], [ 471284.960449053614866, 5524262.230658298358321 ], [ 471302.598309990018606, 5524339.724884549155831 ], [ 471305.608043155807536, 5524354.601856380701065 ], [ 471313.936345888709184, 5524395.813467863015831 ], [ 471324.491026579984464, 5524473.757602534256876 ], [ 471331.607190202164929, 5524534.425253789871931 ], [ 471336.101175340241753, 5524572.75745137128979 ], [ 471347.74430747772567, 5524671.627326662652194 ], [ 471350.267535830440465, 5524692.982979773543775 ], [ 471359.461652213882189, 5524771.207057463936508 ], [ 471366.503603237390053, 5524831.074871525168419 ], [ 471371.096538506972138, 5524870.156916476786137 ], [ 471381.849119461141527, 5524970.736443771980703 ], [ 471387.505768644099589, 5525021.246162648312747 ], [ 471388.396319827472325, 5525029.054573266766965 ], [ 471385.271144841448404, 5525037.602833290584385 ], [ 471386.903822010906879, 5525051.689965890720487 ], [ 471389.146691657719202, 5525071.036028049886227 ], [ 471392.370816775131971, 5525079.12438168656081 ], [ 471394.028231477481313, 5525083.293533067218959 ], [ 471398.530462459893897, 5525118.6063452353701 ], [ 471426.657037333003245, 5525366.935798414982855 ], [ 471431.588052218372468, 5525467.225384728051722 ], [ 471436.411871128133498, 5525565.625355668365955 ], [ 471440.213205345731694, 5525627.892681313678622 ], [ 471444.814386459591333, 5525665.68498878646642 ], [ 471448.15395339706447, 5525671.80374333076179 ], [ 471448.409574570017867, 5525672.263649717904627 ], [ 471450.330856289656367, 5525675.782933375798166 ], [ 471453.439539587008767, 5525681.32180595304817 ], [ 471499.665742676588707, 5525680.661940266378224 ], [ 471502.757934285502415, 5525680.621948407031596 ], [ 471521.344067315047141, 5525680.352003353647888 ], [ 471599.028166371164843, 5525679.262225176207721 ], [ 471620.871407895348966, 5525720.883753219619393 ], [ 471650.177138502011076, 5525772.533240100368857 ], [ 471663.271539234556258, 5525798.058044591918588 ], [ 471668.449929448717739, 5525808.155989182181656 ], [ 471696.947567314957269, 5525863.694684422574937 ] ] ] ] } },
{ "type": "Feature", "properties": { "StatBez": 540, "stat_Bez_1": "Am Kavalleriesand" }, "geometry": { "type": "MultiPolygon", "coordinates": [ [ [ [ 473650.585979878960643, 5522905.906734539195895 ], [ 473610.06590103788767, 5522867.71450846735388 ], [ 473591.298359433829319, 5522848.788360835984349 ], [ 473522.676443252363242, 5522784.811383185908198 ], [ 473466.085213890124578, 5522732.032126266509295 ], [ 473443.475108846963849, 5522710.956416173838079 ], [ 473186.048095957434271, 5522470.635332911275327 ], [ 473167.074408246204257, 5522452.818959387950599 ], [ 473119.825720464461483, 5522408.427995054982603 ], [ 473002.215243356244173, 5522298.040464151650667 ], [ 472881.776441656518728, 5522185.353401313535869 ], [ 472861.928694450471085, 5522166.787180420011282 ], [ 472859.306515966192819, 5522164.337679008953273 ], [ 472806.096082762815058, 5522114.537815642543137 ], [ 472754.996585697692353, 5522066.72754729911685 ], [ 472688.155771883029956, 5522004.190276599489152 ], [ 472629.890636129828636, 5521949.501408378593624 ], [ 472523.601703231688589, 5521849.591744732111692 ], [ 472483.403212317964062, 5521811.73944946937263 ], [ 472384.774668765196111, 5521719.578208652324975 ], [ 472319.550040431378875, 5521657.98074665851891 ], [ 472287.17685574881034, 5521627.416967836208642 ], [ 472110.361216638295446, 5521461.480743726715446 ], [ 471890.461041112721432, 5521254.502873538993299 ], [ 471784.831775757716969, 5521156.382845619693398 ], [ 471769.12344238528749, 5521141.625849367119372 ], [ 471634.683197081205435, 5521015.29156438447535 ], [ 471520.255615868780296, 5520907.473510472103953 ], [ 471351.083874415140599, 5520748.125945258885622 ], [ 471229.408196071861312, 5520634.739024873822927 ], [ 471143.305089995672461, 5520553.935472227632999 ], [ 471135.669438183133025, 5520552.385787663049996 ], [ 471130.021034844627138, 5520551.216025764122605 ], [ 471109.159048790868837, 5520546.976888629607856 ], [ 471101.853230749955401, 5520597.616581050679088 ], [ 471098.645597321155947, 5520619.872051007114351 ], [ 471096.155352345551364, 5520637.118540530093014 ], [ 471095.446209736634046, 5520641.99754741974175 ], [ 471092.766310342296492, 5520660.573766278102994 ], [ 471009.738904186408035, 5520656.574580302461982 ], [ 471008.650452739966568, 5520663.813106919638813 ], [ 471005.302639958274085, 5520686.048580945469439 ], [ 471004.271909422124736, 5520692.877190999686718 ], [ 470947.070487582241185, 5520686.058578910306096 ], [ 470924.74074124492472, 5520683.389122270047665 ], [ 470882.480789258726873, 5520678.350147941149771 ], [ 470883.198177711979952, 5520673.871059648692608 ], [ 470886.760382445296273, 5520651.675577481277287 ], [ 470887.477770898549352, 5520647.196489188820124 ], [ 470844.500430458923802, 5520644.057128198444843 ], [ 470822.063488145940937, 5520642.417461946606636 ], [ 470810.791419001528993, 5520641.597628822550178 ], [ 470809.109266766405199, 5520641.477653244510293 ], [ 470802.908391860255506, 5520641.047740750946105 ], [ 470791.199292968434747, 5520640.227907625958323 ], [ 470780.479695391433779, 5520639.468062289990485 ], [ 470773.742840606544632, 5520638.998157938010991 ], [ 470772.604914094496053, 5520638.928172183223069 ], [ 470769.537460018647835, 5520638.73821084946394 ], [ 470759.386825697671156, 5520637.958369584754109 ], [ 470672.739493898348883, 5520623.101393681950867 ], [ 470603.515631083748303, 5520611.143827614374459 ], [ 470532.230307196790818, 5520598.796340913511813 ], [ 470523.234091076301411, 5520600.775937971659005 ], [ 470518.830810225452296, 5520595.36703894007951 ], [ 470528.989690390822943, 5520579.520264510065317 ], [ 470543.626064005424269, 5520480.140493006445467 ], [ 470539.72577965632081, 5520473.331878882832825 ], [ 470500.120989531395026, 5520457.415118697099388 ], [ 470271.702856854244601, 5520435.039673161692917 ], [ 470266.755350280145649, 5520434.669748459011316 ], [ 470156.904212648747489, 5520426.571396858431399 ], [ 470133.49426070949994, 5520425.261663449928164 ], [ 470127.837611526600085, 5520424.981720431707799 ], [ 470087.639120612759143, 5520422.722180355340242 ], [ 470091.242554567521438, 5520389.738894019275904 ], [ 469987.773700416553766, 5520367.963326379656792 ], [ 469992.111014513182454, 5520328.581342480145395 ], [ 469986.6522655931185, 5520330.221008730120957 ], [ 469976.386189452081453, 5520324.162241976708174 ], [ 469800.856902050843928, 5520297.597649131901562 ], [ 469795.958870542526711, 5520296.767818040214479 ], [ 469524.357251318579074, 5520250.747185422107577 ], [ 469520.539425412309356, 5520250.517232229933143 ], [ 469514.635400900733657, 5520246.718005552887917 ], [ 469504.98776308138622, 5520240.599251009523869 ], [ 469455.273567856987938, 5520208.815720465034246 ], [ 469443.20165181637276, 5520203.086886554025114 ], [ 469440.546489955042489, 5520201.817145006731153 ], [ 469378.521249205572531, 5520172.363140293397009 ], [ 469311.342355775064789, 5520153.017078135162592 ], [ 469296.920374111796264, 5520148.857924720272422 ], [ 469266.023195557179861, 5520139.969733887352049 ], [ 469233.460356455936562, 5520121.163561835885048 ], [ 469143.316786677634809, 5520069.094160427339375 ], [ 469072.303575652185827, 5520041.76972224842757 ], [ 469044.861405855044723, 5520036.930707215331495 ], [ 468999.814358498784713, 5520023.003542054444551 ], [ 468973.757490542368032, 5520010.136161178350449 ], [ 468941.507993524195626, 5519985.171242722310126 ], [ 468937.558234109252226, 5519982.111865449696779 ], [ 468927.465320698334835, 5519977.422819893807173 ], [ 468758.532708729151636, 5519898.998782903887331 ], [ 468756.636164542404003, 5519898.118961988948286 ], [ 468793.758955536002759, 5519775.323956595733762 ], [ 468791.524331733351573, 5519775.633893509395421 ], [ 468758.079187293187715, 5519780.232957379892468 ], [ 468753.675906442338601, 5519781.072786437347531 ], [ 468731.577043745142873, 5519785.281929675489664 ], [ 468727.173762894177344, 5519786.121758732013404 ], [ 468686.30735859303968, 5519794.560041140764952 ], [ 468663.952874722832348, 5519799.169102977961302 ], [ 468625.634436307125725, 5519849.718813714571297 ], [ 468620.810617397539318, 5519858.966931283473969 ], [ 468614.881855352956336, 5519892.270152498036623 ], [ 468612.737935837649275, 5520024.89315742906183 ], [ 468611.616501014214009, 5520094.808926253579557 ], [ 468609.118010194331873, 5520144.808748918585479 ], [ 468605.885639232641552, 5520171.203376360237598 ], [ 468605.597034682519734, 5520173.592889981344342 ], [ 468605.27544675511308, 5520176.2223547603935 ], [ 468604.929121294990182, 5520178.991791049018502 ], [ 468603.89839075866621, 5520187.500059212557971 ], [ 468597.928399492811877, 5520227.631890481337905 ], [ 468589.88870130997384, 5520271.233015585690737 ], [ 468553.417332015407737, 5520432.73014325927943 ], [ 468514.546422032290138, 5520604.615156509913504 ], [ 468504.750359015772119, 5520648.096306034363806 ], [ 468499.382314382994082, 5520671.921456486918032 ], [ 468482.874134114419576, 5520745.146551705896854 ], [ 468481.991828775324393, 5520749.055755998007953 ], [ 468469.763241693261079, 5520803.344705623574555 ], [ 468438.956767425814178, 5520942.166448812931776 ], [ 468406.756745473423507, 5521084.047569276764989 ], [ 468405.651802338543348, 5521088.92657616827637 ], [ 468392.153355235874187, 5521148.714406508952379 ], [ 468364.100992961262818, 5521268.14009771682322 ], [ 468364.158713871263899, 5521268.140097717754543 ], [ 468361.899352535838261, 5521277.908109464682639 ], [ 468303.502283274021465, 5521534.505879648961127 ], [ 468300.162716336548328, 5521549.252877934835851 ], [ 468235.127742421405856, 5521835.994512414559722 ], [ 468239.19294365629321, 5521836.104490028694272 ], [ 468244.305367116176058, 5521836.174475784413517 ], [ 468248.189159776607994, 5521841.22344807907939 ], [ 468394.717812809976749, 5521844.672745981253684 ], [ 468409.923149680776987, 5521845.03267272002995 ], [ 468552.526780831976794, 5521848.40198690444231 ], [ 468560.112957578792702, 5521844.212839595973492 ], [ 468564.433779986749869, 5521848.681929922662675 ], [ 468588.181811541959178, 5521809.489907358773053 ], [ 468599.288963800587226, 5521806.420532122254372 ], [ 468714.013395407353528, 5521825.946557650342584 ], [ 468846.878684452211019, 5521848.561954344622791 ], [ 468977.245482677069958, 5521870.757436511106789 ], [ 469188.784372092748526, 5521905.580348396673799 ], [ 469190.029494580521714, 5521911.339176204055548 ], [ 469203.602154281805269, 5521909.47955472394824 ], [ 469212.664337156515103, 5521907.529951560311019 ], [ 469269.156616387423128, 5521917.117999937385321 ], [ 469288.361187738832086, 5521920.377336507663131 ], [ 469301.364884184091352, 5521922.586886759847403 ], [ 469383.98824396985583, 5521936.614031570032239 ], [ 469353.948633221443743, 5522082.874260677956045 ], [ 469353.132294636743609, 5522087.803257392719388 ], [ 469323.257600774057209, 5522235.863120190799236 ], [ 469322.268099459237419, 5522240.762123010121286 ], [ 469290.414402966969647, 5522235.193256538361311 ], [ 469271.630369674297981, 5522325.704833140596747 ], [ 469339.180326097994111, 5522340.941731709055603 ], [ 469402.054888809332624, 5522355.208827679045498 ], [ 469435.277395453653298, 5522362.727297313511372 ], [ 469529.255282826779876, 5522384.012964671477675 ], [ 469577.262588283221703, 5522394.880752560682595 ], [ 469660.504386390850414, 5522421.235388142988086 ], [ 469811.724924825073685, 5522469.045656486414373 ], [ 469875.94356015563244, 5522479.703487112186849 ], [ 469923.901390546234325, 5522487.761846852488816 ], [ 469925.369150829850696, 5522488.001798011362553 ], [ 469937.737917264923453, 5522490.051380824297667 ], [ 469930.555786888289731, 5522527.693718822672963 ], [ 470000.958805436384864, 5522541.240961316972971 ], [ 469993.52929973101709, 5522579.783116161823273 ], [ 469989.266198233002797, 5522601.858622748404741 ], [ 469987.715979506552685, 5522609.896986559964716 ], [ 469983.551828140101861, 5522631.432603040710092 ], [ 469981.795463306363672, 5522640.560745031572878 ], [ 469975.965651393285953, 5522670.784593043848872 ], [ 469977.243757258285768, 5522671.044540133327246 ], [ 470013.096688231220469, 5522677.903144082054496 ], [ 469994.551784422947094, 5522767.194968962110579 ], [ 470172.208499650994781, 5522804.40739446785301 ], [ 470180.726456802571192, 5522806.177034262567759 ], [ 470430.641505543899257, 5522724.123735999688506 ], [ 470463.633128548157401, 5522750.058457054197788 ], [ 470495.701216991932597, 5522710.076595258899033 ], [ 470500.558019278745633, 5522713.745848391205072 ], [ 470513.289602862496395, 5522697.869080066680908 ], [ 470575.925036089494824, 5522747.239030941389501 ], [ 470637.142184098367579, 5522792.989718507044017 ], [ 470637.340084361378103, 5522792.959724611602724 ], [ 470637.241134229872841, 5522793.609592333436012 ], [ 470635.138443935895339, 5522815.395157937891781 ], [ 470611.019349387614056, 5522869.024241875857115 ], [ 470600.390456097840797, 5522876.0428132629022 ], [ 470598.650582952657714, 5522915.204841932281852 ], [ 470605.354454360436648, 5522941.039583337493241 ], [ 470612.124292522552423, 5522963.54500241857022 ], [ 470613.567315273277927, 5522991.769257443957031 ], [ 470607.918911934655625, 5523063.844586697407067 ], [ 470605.552354623447172, 5523095.868068397976458 ], [ 470616.271952200448141, 5523096.737891348078847 ], [ 470617.261453515151516, 5523086.190038337372243 ], [ 470617.632516508281697, 5523082.020886956714094 ], [ 470665.441921701596584, 5523090.489163260906935 ], [ 470670.241003078408539, 5523085.920093283057213 ], [ 470698.499511460249778, 5523126.521828905679286 ], [ 470790.836475819698535, 5523145.847895133309066 ], [ 470808.078536230081227, 5523149.457160476595163 ], [ 470830.086694640107453, 5523154.066222314722836 ], [ 470863.292709595931228, 5523161.024805913679302 ], [ 470861.363182032015175, 5523172.882392331026495 ], [ 470942.931073748681229, 5523181.460646250285208 ], [ 471019.897784351662267, 5523189.548999886959791 ], [ 471052.58431111718528, 5523192.988299826160073 ], [ 471074.963532520167064, 5523195.337821586057544 ], [ 471108.433414493396413, 5523198.857105244882405 ], [ 471112.416157285391819, 5523231.920375301502645 ], [ 471114.568322645092849, 5523263.713903809897602 ], [ 471114.807452129432932, 5523264.333777638152242 ], [ 471122.822412779380102, 5523285.339501976966858 ], [ 471123.943847602815367, 5523288.288901633583009 ], [ 471127.588510778965428, 5523314.293608442880213 ], [ 471129.196450415591244, 5523333.889619724825025 ], [ 471130.977552782103885, 5523366.253032235428691 ], [ 471134.226415432407521, 5523425.810909382998943 ], [ 471135.455046231683809, 5523448.266338639892638 ], [ 471135.859092601865996, 5523455.604844905436039 ], [ 471134.630461802647915, 5523466.972531042061746 ], [ 471130.276656017580535, 5523477.960294511169195 ], [ 471123.630505519744474, 5523487.358381553553045 ], [ 471097.210820414707996, 5523510.873595093376935 ], [ 471096.798528200073633, 5523511.493468919768929 ], [ 471090.548178228316829, 5523521.261480665765703 ], [ 471085.229608661262318, 5523535.118660072796047 ], [ 471083.712373311864212, 5523547.656108108349144 ], [ 471083.53096473752521, 5523562.942996500991285 ], [ 471076.579718001070432, 5523677.029774432070553 ], [ 471075.103711873176508, 5523686.887767862528563 ], [ 471073.273134440707508, 5523696.705769433639944 ], [ 471070.321122184977867, 5523706.213834091089666 ], [ 471064.953077552141622, 5523714.602126675657928 ], [ 471057.391638338274788, 5523721.080807955935597 ], [ 471057.185492231044918, 5523721.140795745886862 ], [ 471047.76873805176001, 5523724.060201507993042 ], [ 471059.95609591237735, 5523727.869426151737571 ], [ 471081.420028599328361, 5523734.56806266028434 ], [ 471096.988182618864812, 5523739.40707769151777 ], [ 471151.369525711401366, 5523750.694780108518898 ], [ 471173.402421654202044, 5523755.273848051205277 ], [ 471184.163248452707194, 5523757.51339219789952 ], [ 471184.872391061566304, 5523761.702539507299662 ], [ 471185.886629909218755, 5523767.611336787231266 ], [ 471199.088226617546752, 5523770.440760864876211 ], [ 471386.656446682289243, 5523810.482610451057553 ], [ 471393.319088868563995, 5523811.862329611554742 ], [ 471423.243257796973921, 5523818.041071945801377 ], [ 471424.389430153241847, 5523811.902321472764015 ], [ 471425.296473025227897, 5523807.613194512203336 ], [ 471426.28597433998948, 5523802.924148956313729 ], [ 471430.936630519514438, 5523780.918628122657537 ], [ 471435.983087224944029, 5523757.06348377559334 ], [ 471427.267229810473509, 5523755.503801244311035 ], [ 471429.707999720296357, 5523739.017157059162855 ], [ 471432.800191328977235, 5523719.011229213327169 ], [ 471437.046801138494629, 5523689.437248921021819 ], [ 471487.569089103315491, 5523696.615787748247385 ], [ 471496.48284678068012, 5523697.885529295541346 ], [ 471496.037571189110167, 5523700.854924883693457 ], [ 471517.839583491906524, 5523704.014281803742051 ], [ 471561.089036792807747, 5523710.29300378728658 ], [ 471619.172763971611857, 5523718.411351319402456 ], [ 471652.213862041709945, 5523723.030411119572818 ], [ 471673.504631998424884, 5523725.999806707724929 ], [ 471673.422173555532936, 5523727.139574710279703 ], [ 471673.084093939687591, 5523732.408502234145999 ], [ 471672.177051067759749, 5523746.375659255310893 ], [ 471671.797742230410222, 5523752.174478920176625 ], [ 471670.742274161370005, 5523768.54114752728492 ], [ 471669.431184919201769, 5523788.817020425572991 ], [ 471669.274513877753634, 5523794.895783109590411 ], [ 471669.175563746190164, 5523798.774993505328894 ], [ 471668.788009064563084, 5523814.131867653690279 ], [ 471668.557125424442347, 5523823.210019819438457 ], [ 471668.210799964261241, 5523837.197172769345343 ], [ 471667.806753594020847, 5523853.253904462791979 ], [ 471667.707803462573793, 5523857.013139280490577 ], [ 471667.567624109680764, 5523862.721977260895073 ], [ 471667.402707223896869, 5523869.360625982284546 ], [ 471772.726876340049785, 5523895.285349071025848 ], [ 471959.866312501544598, 5523936.07704602740705 ], [ 471998.935122747614514, 5523944.275377277284861 ], [ 472111.358963797450997, 5523967.820584710687399 ], [ 472171.65257724589901, 5523980.088087692856789 ], [ 472193.240197597129736, 5523984.537182089872658 ], [ 472214.399034045345616, 5523988.126451504416764 ], [ 472235.772262445010711, 5523990.036062807776034 ], [ 472244.191269465023652, 5523990.166036352515221 ], [ 472263.057761200529058, 5523990.4659753004089 ], [ 472285.280311562120914, 5523990.036062806844711 ], [ 472306.859686069132295, 5523988.766321261413395 ], [ 472325.684948583133519, 5523988.55636399704963 ], [ 472347.066422827017959, 5523989.186235787346959 ], [ 472369.915657354693394, 5523991.305804355069995 ], [ 472387.899843751220033, 5523994.265201976522803 ], [ 472396.813601428642869, 5523996.364774614572525 ], [ 472403.129918154794723, 5523997.864469355903566 ], [ 472422.383964571927208, 5524002.313563753850758 ], [ 472439.098290947848, 5524007.592489241622388 ], [ 472554.630815294920467, 5524044.834908644668758 ], [ 472596.090920385089703, 5524058.792067700996995 ], [ 472624.868916957231704, 5524067.680258532054722 ], [ 472634.120754250616301, 5524069.7098454143852 ], [ 472693.532062360027339, 5524082.707199836149812 ], [ 472809.270732814446092, 5524107.082238360308111 ], [ 472851.8687644166057, 5524116.05041291192174 ], [ 472878.511087317601778, 5524121.659271243028343 ], [ 472960.755138266074937, 5524138.985744484700263 ], [ 473043.337268830451649, 5524156.232234005816281 ], [ 473205.260913153120782, 5524190.065347360447049 ], [ 473294.043918623588979, 5524208.471600817516446 ], [ 473333.937313298578374, 5524216.689927997067571 ], [ 473383.560804235865362, 5524226.917846132069826 ], [ 473405.634929400170222, 5524232.036804180592299 ], [ 473428.673818346404005, 5524236.855823282152414 ], [ 473433.200786861591041, 5524202.992716030217707 ], [ 473432.392694121226668, 5524134.436670436523855 ], [ 473439.368678390514106, 5524055.922651762142777 ], [ 473441.059076469973661, 5524036.846534657292068 ], [ 473450.747943510650657, 5523969.630216365680099 ], [ 473473.300327643926721, 5523860.012528762221336 ], [ 473484.399234058277216, 5523806.083505877293646 ], [ 473515.708704827411566, 5523645.496193011291325 ], [ 473531.062466895324178, 5523580.87934560328722 ], [ 473552.122353212034795, 5523518.771987397223711 ], [ 473552.493416205048561, 5523517.682209217920899 ], [ 473589.59971551009221, 5523408.464440212585032 ], [ 473636.67524056165712, 5523279.820625329390168 ], [ 473647.073250211367849, 5523251.396411005407572 ], [ 473691.336942360096145, 5523129.311261124908924 ], [ 473740.284274065576028, 5522991.329346986487508 ], [ 473682.390201305446681, 5522936.200568307191133 ], [ 473654.519247605232522, 5522909.655971392057836 ], [ 473650.585979878960643, 5522905.906734539195895 ] ] ] ] } },
{ "type": "Feature", "properties": { "StatBez": 430, "stat_Bez_1": "An der Ludwigshöhe" }, "geometry": { "type": "MultiPolygon", "coordinates": [ [ [ [ 475259.597576186642982, 5520987.377246271818876 ], [ 475261.02410724881338, 5520978.689014739356935 ], [ 475256.340467692003585, 5520976.229515363462269 ], [ 475174.648888311057817, 5520966.841426284983754 ], [ 475130.088345767813735, 5520999.584761464968324 ], [ 475056.238564306637272, 5521047.105088823474944 ], [ 475006.771744410973042, 5521053.973690737970173 ], [ 474987.707352412398905, 5521056.603155517019331 ], [ 474957.494578933983576, 5521060.792302827350795 ], [ 474897.464832502650097, 5521069.140603552572429 ], [ 474891.725724876858294, 5521069.990430573001504 ], [ 474885.359933084982913, 5521070.63030032813549 ], [ 474871.440947923460044, 5521072.060009313747287 ], [ 474866.567653948091902, 5521103.263657892122865 ], [ 474865.899740560504142, 5521107.862721763551235 ], [ 474838.441079074866138, 5521106.982900849543512 ], [ 474750.128086728975177, 5521104.22346252668649 ], [ 474743.39123194408603, 5521104.013505263254046 ], [ 474719.783379741711542, 5521104.043499156832695 ], [ 474681.01141989021562, 5521104.10348694678396 ], [ 474678.389241405937355, 5521104.10348694678396 ], [ 474672.542937804362737, 5521104.123482877388597 ], [ 474623.50490181177156, 5521104.183470665477216 ], [ 474622.028895683819428, 5521120.990049730986357 ], [ 474620.95693592610769, 5521133.097585272975266 ], [ 474620.618856310262345, 5521136.896811950951815 ], [ 474618.788278877851553, 5521137.116767178289592 ], [ 474591.139962973480579, 5521140.826012171804905 ], [ 474585.417347036243882, 5521141.605853437446058 ], [ 474583.026052192144562, 5521141.935786278918386 ], [ 474566.963147515198216, 5521144.105344672687352 ], [ 474554.569643547292799, 5521145.785002782009542 ], [ 474553.86050093837548, 5521145.904978361912072 ], [ 474548.368768641259521, 5521146.624831835739315 ], [ 474547.997705648245756, 5521146.674821661785245 ], [ 474540.716625140164979, 5521147.664620190858841 ], [ 474540.197136949806008, 5521147.734605943784118 ], [ 474534.928042448591441, 5521148.464457386173308 ], [ 474539.974499154021032, 5521246.014601305127144 ], [ 474560.75402676477097, 5521638.024808635935187 ], [ 474562.708291861519683, 5521681.785901179537177 ], [ 474570.162535099661909, 5521852.671117934398353 ], [ 474579.076292777142953, 5522037.303536482155323 ], [ 474585.038038198894355, 5522154.149752736091614 ], [ 474586.406848351005465, 5522190.152424485422671 ], [ 474586.283160686667543, 5522225.955136934295297 ], [ 474591.840859738120344, 5522366.52652399148792 ], [ 474596.169927990413271, 5522376.104574402794242 ], [ 474600.004245585179888, 5522384.602844603359699 ], [ 474695.04584687174065, 5522386.062547483481467 ], [ 474721.432548599783331, 5522386.322494571097195 ], [ 474740.397990466735791, 5522386.562445729970932 ], [ 474754.655055244162213, 5522386.822392819449306 ], [ 474776.391100792621728, 5522387.212313450872898 ], [ 474792.148909230774734, 5522387.502254435792565 ], [ 474809.102365091035608, 5522387.802193384617567 ], [ 474819.863191889540758, 5522387.992154717445374 ], [ 474888.592304046615027, 5522389.241900334134698 ], [ 474903.937820270308293, 5522389.511845387518406 ], [ 474941.044119575351942, 5522390.121721249073744 ], [ 474978.777103046420962, 5522390.711601180955768 ], [ 475010.853437334473711, 5522391.22149739228189 ], [ 475037.891560761432629, 5522391.641411920078099 ], [ 475063.800003520562313, 5522392.061326447874308 ], [ 475092.215182943909895, 5522392.471243010833859 ], [ 475096.164942358795088, 5522392.521232834085822 ], [ 475189.219295171438716, 5522393.740984557196498 ], [ 475204.276206845010165, 5522393.940943855792284 ], [ 475252.704050360189285, 5522394.960736280307174 ], [ 475263.704006643034518, 5522396.190485969185829 ], [ 475269.294689071597531, 5522396.810359794646502 ], [ 475278.125988306244835, 5522398.679979237727821 ], [ 475288.359081070113461, 5522401.929317843168974 ], [ 475332.655756596010178, 5522426.384340086020529 ], [ 475336.135502886434551, 5522420.365565191954374 ], [ 475350.136946490791161, 5522396.020520563237369 ], [ 475376.878219523292501, 5522348.660160643048584 ], [ 475387.226754107279703, 5522330.343888872303069 ], [ 475399.232703393441625, 5522309.038225585594773 ], [ 475430.59164922835771, 5522253.349560870788991 ], [ 475437.386224923306145, 5522241.881895082071424 ], [ 475445.096089334459975, 5522231.024105159565806 ], [ 475452.904903877119068, 5522222.705798328854144 ], [ 475463.352388592553325, 5522213.987572902813554 ], [ 475480.338827829924412, 5522203.93961813673377 ], [ 475483.744361521676183, 5522202.119988517835736 ], [ 475649.188981356215663, 5522156.879197163507342 ], [ 475727.499764578416944, 5522136.893265249207616 ], [ 475743.974961469823029, 5522133.583938854746521 ], [ 475762.956895025447011, 5522131.254413024522364 ], [ 475777.411860065767542, 5522130.39458803832531 ], [ 475790.498014953976963, 5522130.194628739729524 ], [ 475803.979970368149225, 5522131.004463898949325 ], [ 475816.785766550514381, 5522131.934274639002979 ], [ 475832.07356186414836, 5522134.133826925419271 ], [ 475845.613238188321702, 5522136.883267283439636 ], [ 476007.73478277400136, 5522182.184046427719295 ], [ 476258.680562051536981, 5522253.149601571261883 ], [ 476294.970522771938704, 5522262.307737456634641 ], [ 476332.876668973010965, 5522267.616656839847565 ], [ 476338.475597245909739, 5522257.578700040467083 ], [ 476348.205693508149125, 5522243.401585754007101 ], [ 476363.039967385819182, 5522228.174685150384903 ], [ 476383.671069799456745, 5522216.107141468673944 ], [ 476446.240536271943711, 5522199.450531876645982 ], [ 476542.090230298927054, 5522178.714752592146397 ], [ 476549.651669512852095, 5522176.595184025354683 ], [ 476557.905759647139348, 5522173.115892225876451 ], [ 476565.838261854136363, 5522168.876755092293024 ], [ 476573.028638074931223, 5522162.947961882688105 ], [ 476578.850204143789597, 5522156.8192093744874 ], [ 476583.979119292052928, 5522149.520694968290627 ], [ 476588.852413267479278, 5522139.142807360738516 ], [ 476591.969342409167439, 5522128.464980805292726 ], [ 476593.766936464351602, 5522116.717372000217438 ], [ 476594.080278547364287, 5522104.869783545844257 ], [ 476592.604272419412155, 5522088.8930355720222 ], [ 476581.389924185059499, 5522023.416363179683685 ], [ 476579.806722081324551, 5522005.949918430298567 ], [ 476579.171792071079835, 5521990.30310329888016 ], [ 476580.012868188554421, 5521973.906440797261894 ], [ 476581.975379129638895, 5521956.449994010850787 ], [ 476584.828441253921483, 5521941.633009971119463 ], [ 476607.578725650033448, 5521863.628887508995831 ], [ 476621.852282116014976, 5521796.492552936077118 ], [ 476692.098629622603767, 5521438.70537959318608 ], [ 476706.908165967382956, 5521389.615371737629175 ], [ 476725.947820433066227, 5521346.874071619473398 ], [ 476754.033166084846016, 5521301.603286372497678 ], [ 476785.449832829704974, 5521264.78078149817884 ], [ 476813.386753284197766, 5521239.076013636775315 ], [ 476855.490034228889272, 5521209.242086254991591 ], [ 476888.605344897601753, 5521191.465704591944814 ], [ 476925.414793808129616, 5521176.978653393685818 ], [ 476994.927261172910221, 5521154.653197683393955 ], [ 477026.665515845059417, 5521143.545458635315299 ], [ 477059.352042610640638, 5521129.788258878514171 ], [ 477082.729011172836181, 5521117.730713159777224 ], [ 477213.483364079263993, 5521047.065096964128315 ], [ 477256.584392183169257, 5521027.33911213837564 ], [ 476530.958340507349931, 5520418.153110378421843 ], [ 476556.784324823645875, 5520493.987674448639154 ], [ 476477.319123400957324, 5520564.99322145152837 ], [ 476430.293073415057734, 5520659.983886347152293 ], [ 476422.665667446795851, 5520778.289805481210351 ], [ 476322.058121264562942, 5520819.231471911072731 ], [ 476195.228790240071248, 5520963.102187397889793 ], [ 476132.263523241563234, 5521003.663931160233915 ], [ 476046.143925476819277, 5521075.589290938340127 ], [ 476034.698693602345884, 5521085.147345420904458 ], [ 476027.829905308724847, 5521085.957180580124259 ], [ 476015.254992766538635, 5521087.426881426014006 ], [ 475945.915688131877687, 5521058.532762750983238 ], [ 475932.112144790473394, 5521052.843920700252056 ], [ 475911.489288221113384, 5521049.734553602524102 ], [ 475842.133491897955537, 5521039.336670066229999 ], [ 475713.580779416835867, 5521006.953261625021696 ], [ 475639.79696470987983, 5521010.812476091086864 ], [ 475607.86080977472011, 5521011.652305146679282 ], [ 475604.092458934232127, 5521012.022229851223528 ], [ 475600.736400308145676, 5521012.652101641520858 ], [ 475599.375836000370327, 5521012.672097570262849 ], [ 475596.588740630366374, 5521013.142001923173666 ], [ 475451.379422683385201, 5521031.608243166469038 ], [ 475425.817305384436622, 5521026.029378730803728 ], [ 475423.648648336180486, 5521035.797390475869179 ], [ 475349.930800383561291, 5521023.429907846264541 ], [ 475329.794448627333622, 5521017.291157372295856 ], [ 475315.760021645808592, 5521011.602315321564674 ], [ 475295.623669889580924, 5521003.433977965265512 ], [ 475262.310458957974333, 5520991.946316251531243 ], [ 475259.597576186642982, 5520987.377246271818876 ] ] ] ] } }
]
}
