{"type":"FeatureCollection","features":[{"type":"Feature","properties":{"id":"01","bez":"01 - Mitte","bez_name":"Mitte"},"geometry":{"type":"MultiPolygon","coordinates":[[[[8.660017960446451,49.86460406738665],[8.659154694382304,49.86420723145697],[8.659073267113044,49.864169108619],[8.658276275918201,49.8637961212155],[8.658092454918895,49.86368547126194],[8.65791055266064,49.863568039566566],[8.657787916106024,49.86348861187873],[8.657778886223914,49.8634827986058],[8.657535281129565,49.8633092648743],[8.657372379448738,49.86319313230145],[8.657334680389765,49.86322357639647],[8.657260013908816,49.86328360142343],[8.656779901504027,49.863669127440446],[8.656657772960077,49.86358913221528],[8.656442616208256,49.86369446567813],[8.656311706491488,49.86375859577473],[8.655985635626624,49.863918247931736],[8.655921853993645,49.86394650502696],[8.655808613377522,49.86378238595201],[8.655442232003267,49.86395849259006],[8.654811468606109,49.864135514742294],[8.654806742116161,49.86413685268337],[8.654728940459185,49.86415836138993],[8.654700183418935,49.864167415358075],[8.654542438464027,49.86393145168313],[8.654527168375013,49.86390836786748],[8.654446246446518,49.86378041548444],[8.654370943495007,49.863655183820676],[8.654343689086787,49.86359058446715],[8.654330548294288,49.86351945640014],[8.654319275335352,49.86342908122237],[8.654315571084203,49.863345840202754],[8.654313113739159,49.86324040283114],[8.654311238758089,49.86316287276175],[8.654355423193287,49.86288481410365],[8.654420527029668,49.86248332480747],[8.65449427651168,49.862133454074595],[8.654513139113126,49.862044061027824],[8.654528565538428,49.86197077374686],[8.654607567133299,49.861596474144214],[8.653662830756117,49.86119421663333],[8.653642099743546,49.86118953081173],[8.653483721254629,49.861153472526254],[8.653280456757756,49.86111465688712],[8.653201417074193,49.861106957361784],[8.653114605371599,49.861140092404916],[8.652767982774154,49.861224312800644],[8.65249124500766,49.86127337295903],[8.65245011039456,49.861280631652065],[8.65153895568679,49.86144727698646],[8.651456178843064,49.86146244112304],[8.650566445152492,49.86151779130611],[8.650465825505462,49.86152635720581],[8.650258190481866,49.8615440913761],[8.649905670826842,49.861566552447094],[8.649492038491365,49.86159155876954],[8.648598396126578,49.86161951726219],[8.647949522950222,49.86162779697502],[8.647731733864372,49.86163313837489],[8.64718728905478,49.86164646312941],[8.64713855637388,49.86148204505678],[8.647127216936306,49.86140270137206],[8.647069097994343,49.86062270947024],[8.647049818523524,49.860353762086355],[8.646651429437147,49.860363986594855],[8.64645594770895,49.860368960936476],[8.645077998453479,49.86040422950568],[8.644633264611466,49.86042033517669],[8.64459450225954,49.860777553859165],[8.64446686901174,49.86195344226152],[8.644333636545069,49.86313080032859],[8.644172876954809,49.863760994590216],[8.644157760650803,49.86382024753088],[8.644019826681044,49.86421509890182],[8.643925055247067,49.86448653562808],[8.643746229360223,49.86499875103203],[8.643704801608525,49.86511735757332],[8.643678713102307,49.86519964207285],[8.643554823254924,49.86558901974969],[8.643394557147653,49.866092800935064],[8.643377584762511,49.86614612622349],[8.64336137562541,49.86619055760797],[8.64329121336871,49.86638265215783],[8.643260363344417,49.86646697695706],[8.642930866266799,49.867473104405725],[8.642917446897021,49.8675138397944],[8.642829617529035,49.86778088929949],[8.642637107290634,49.86836644783127],[8.642497199444984,49.86879079194071],[8.642419679025707,49.86902577608241],[8.642344384404597,49.86925408808633],[8.642094881718684,49.87001066159743],[8.642052137432376,49.87014007948965],[8.641876157470577,49.870643160726644],[8.641849476716509,49.87072165727712],[8.641643857190159,49.87132518219161],[8.641549083127586,49.871498974330585],[8.641385902000248,49.872062934831],[8.6413459382322,49.872200878696965],[8.641205701038448,49.87264025434189],[8.641170625530547,49.87286055079253],[8.641067878336484,49.87316029829292],[8.641162715742496,49.87317454460984],[8.641549589433003,49.873229632505634],[8.64166774615403,49.87324643820238],[8.64179360486666,49.87326364613736],[8.64165307359881,49.87366743638302],[8.641636534033086,49.87369937386213],[8.641608700519123,49.873722109788986],[8.641576774754723,49.87373574753944],[8.641529326323818,49.87375707079719],[8.641489530012963,49.87377798505307],[8.641464507062732,49.87380946363164],[8.641452939076386,49.87383727930151],[8.641452034572383,49.87386518202704],[8.64147521839915,49.87398785414325],[8.641474473901033,49.874088414472226],[8.641449603730996,49.874193497034575],[8.64139628572196,49.874347650750614],[8.641259638409386,49.8747425562261],[8.642177591199614,49.87486958857434],[8.642411046943009,49.874901945886215],[8.643212872917525,49.87501341521233],[8.643391026706254,49.8750380831764],[8.643969730609072,49.875124497551234],[8.644808090538639,49.87524972332751],[8.64556456221477,49.87535733291308],[8.645830227213652,49.8753951627951],[8.646027782671034,49.875424158322495],[8.64744879814008,49.875632993085404],[8.647790367962834,49.87568319030829],[8.647892242096054,49.875698182569764],[8.647947999495479,49.875705057858],[8.648120098492068,49.87572610381389],[8.6488860089924,49.87581998391917],[8.649282423241683,49.87586863927889],[8.649599236537723,49.87591456504604],[8.649794708089315,49.87594279072454],[8.650509912217023,49.876046376607775],[8.65043105822008,49.87616819844871],[8.650391413689995,49.87625728460109],[8.650326386290535,49.87644761389108],[8.650306753151536,49.87652199640063],[8.65029319053698,49.876606266895074],[8.650288667103215,49.876703003150666],[8.650289839407899,49.876722367482195],[8.650292873150185,49.876773915286435],[8.65030243819377,49.87686820633143],[8.65030399823833,49.87688413772416],[8.650330473672,49.87714580462091],[8.650403872645022,49.877872596493596],[8.650460272426262,49.878432877455424],[8.650485179979434,49.87867991076621],[8.650502214878882,49.87884953125798],[8.650524048754091,49.87906602688447],[8.650575000909127,49.879565234472736],[8.65061833628373,49.88000579588629],[8.650630459604042,49.880132650961585],[8.650643614618014,49.88021327039796],[8.650648400503917,49.880234889938336],[8.651237063458915,49.88015459506712],[8.651823982492113,49.8800797000113],[8.65241646114613,49.88000406152591],[8.652513137438586,49.87999394081855],[8.652590310538569,49.87998589777188],[8.652732354048672,49.879968395628126],[8.652774114661284,49.8799656003526],[8.652806954982944,49.8799686190351],[8.652845143641724,49.87997725104315],[8.652872162763735,49.87998998675043],[8.652873331506463,49.87999053105344],[8.652904725104085,49.88001231127637],[8.6530230179688,49.88014153892404],[8.653720020212791,49.87987578942757],[8.653797766010648,49.87984616920732],[8.654585157887817,49.879546099938686],[8.654909846976418,49.87941949107274],[8.654995694486592,49.879377212305506],[8.65531635641645,49.87925908094026],[8.655726992912518,49.87889874636528],[8.655763900155256,49.87886373071881],[8.655855620055489,49.87877669016718],[8.65630660232366,49.87824966222315],[8.656507019174919,49.878015574166106],[8.656796882020448,49.87766783014654],[8.65687262828611,49.87757684770254],[8.65702799439534,49.87758495976063],[8.657170195349776,49.87757948553949],[8.657305868447335,49.87756539306355],[8.657432682116454,49.877528912000066],[8.657566149443108,49.87760956159828],[8.65850173428577,49.87765315166581],[8.65864119956021,49.877659511194715],[8.658658555147987,49.87766091430036],[8.658770137901863,49.877670057848306],[8.65885658211773,49.87768085790135],[8.659047584555426,49.877504982354026],[8.659115512444684,49.87745318375931],[8.659319451244043,49.877259742614044],[8.659368887005218,49.87718547319844],[8.659928265336257,49.87665631584776],[8.660200169276768,49.876404449271305],[8.660290668883581,49.87634230564619],[8.660796958612297,49.875864554180374],[8.660904835980679,49.87591592165727],[8.661083957224031,49.87570439599974],[8.661163832299486,49.87560825811804],[8.661222627746833,49.875508354080125],[8.661244757020143,49.87544184572019],[8.66145422415722,49.87481060871767],[8.661508748084426,49.87464660672466],[8.661501551818521,49.87460975693343],[8.661467386795211,49.87443327381409],[8.661429662600986,49.87423882557751],[8.661399889989676,49.87408501496087],[8.661186442857609,49.872983151133],[8.661529093559484,49.87294994603918],[8.661705167862259,49.872932856724695],[8.662083152995574,49.87289658937864],[8.662232696111023,49.87288501926271],[8.662491673506919,49.872864925410504],[8.662591741830024,49.87285842956566],[8.662542680316294,49.8723114521921],[8.662515927370395,49.87208450677119],[8.662494811149283,49.87190597976262],[8.662483075608584,49.87179140316768],[8.662481112588164,49.87177265857058],[8.662456325669982,49.87153206351847],[8.662447388521244,49.871444562335846],[8.662445807308893,49.87143111873489],[8.662403471133599,49.87105708306996],[8.66239758170742,49.87100493234193],[8.662360822523956,49.870784014709656],[8.662342817642495,49.87067588243779],[8.6623350550208,49.87061215302497],[8.662331169004473,49.87058096431041],[8.662270918162475,49.870090143638286],[8.662239540791909,49.8697461273774],[8.662231959887771,49.86954430394588],[8.662218213200873,49.86917792264327],[8.66227967108712,49.869147113555044],[8.662340595497513,49.86910873161125],[8.662401680069918,49.86905937176119],[8.662595787853325,49.868867734723445],[8.66268351056307,49.86878100149694],[8.662787113954098,49.86867849584735],[8.66286769733448,49.86859874513884],[8.66292779022138,49.868539296111514],[8.662996596732485,49.86847113838],[8.6635827740979,49.86789323295698],[8.663781311221628,49.86769749663743],[8.66385232172812,49.86762915549983],[8.663901342481287,49.86758008435529],[8.66393957030559,49.86754171688684],[8.664013346972228,49.86746083698911],[8.664067181523677,49.867397799911835],[8.664192659275841,49.86724343907563],[8.664286000114366,49.86711851300828],[8.664419682397838,49.86692391273514],[8.664532468891894,49.86675986141378],[8.664833861721215,49.86632105849926],[8.664886899716931,49.866243714430894],[8.66493489573112,49.866172953589455],[8.664957666840323,49.86613335133495],[8.6640598305865,49.865889959749985],[8.662820838507116,49.8655540923154],[8.6625316648921,49.86547502347877],[8.661552689977455,49.86520709406762],[8.661462261398654,49.86517043385475],[8.66102025382782,49.86499091995845],[8.660341330459689,49.864728859635115],[8.660175622958377,49.86466491053857],[8.660017960446451,49.86460406738665]]]]}},{"type":"Feature","properties":{"id":"02","bez":"02 - Nord","bez_name":"Nord"},"geometry":{"type":"MultiPolygon","coordinates":[[[[8.66642655661474,49.87858590831025],[8.666335333971103,49.878559038275164],[8.666241819868468,49.87851223294367],[8.665428219064225,49.878044336944235],[8.665301287521933,49.877973341593794],[8.665191048402065,49.87791899699116],[8.665078155892425,49.87787291892124],[8.664885655220159,49.877808358543334],[8.664500807752688,49.87768142752718],[8.664056575505477,49.877534908314864],[8.663832083959553,49.87744202351057],[8.66366417667532,49.87735425077967],[8.662972053469971,49.87699228175267],[8.662897553529117,49.87694612385858],[8.662814464420734,49.876894586976455],[8.662633767265655,49.87679179526981],[8.662094949517128,49.87651503799485],[8.66172304684905,49.87632399605356],[8.661674754667994,49.87629916743393],[8.661222600478578,49.87606692375316],[8.661065554273998,49.87599232050906],[8.660904835980679,49.87591592165727],[8.660796958612297,49.875864554180374],[8.660290668883581,49.87634230564619],[8.660200169276768,49.876404449271305],[8.659928265336257,49.87665631584776],[8.659368887005218,49.87718547319844],[8.659319451244043,49.877259742614044],[8.659115512444684,49.87745318375931],[8.659047584555426,49.877504982354026],[8.65885658211773,49.87768085790135],[8.658770137901863,49.877670057848306],[8.658658555147987,49.87766091430036],[8.65864119956021,49.877659511194715],[8.65850173428577,49.87765315166581],[8.657566149443108,49.87760956159828],[8.657432682116454,49.877528912000066],[8.657305868447335,49.87756539306355],[8.657170195349776,49.87757948553949],[8.65702799439534,49.87758495976063],[8.65687262828611,49.87757684770254],[8.656796882020448,49.87766783014654],[8.656507019174919,49.878015574166106],[8.65630660232366,49.87824966222315],[8.655855620055489,49.87877669016718],[8.655763900155256,49.87886373071881],[8.655726992912518,49.87889874636528],[8.65531635641645,49.87925908094026],[8.654995694486592,49.879377212305506],[8.654909846976418,49.87941949107274],[8.654585157887817,49.879546099938686],[8.653797766010648,49.87984616920732],[8.653720020212791,49.87987578942757],[8.6530230179688,49.88014153892404],[8.652904725104085,49.88001231127637],[8.652873331506463,49.87999053105344],[8.652872162763735,49.87998998675043],[8.652845143641724,49.87997725104315],[8.652806954982944,49.8799686190351],[8.652774114661284,49.8799656003526],[8.652732354048672,49.879968395628126],[8.652590310538569,49.87998589777188],[8.652513137438586,49.87999394081855],[8.65241646114613,49.88000406152591],[8.651823982492113,49.8800797000113],[8.651237063458915,49.88015459506712],[8.650648400503917,49.880234889938336],[8.650643614618014,49.88021327039796],[8.650630459604042,49.880132650961585],[8.65061833628373,49.88000579588629],[8.650575000909127,49.879565234472736],[8.650524048754091,49.87906602688447],[8.650502214878882,49.87884953125798],[8.650485179979434,49.87867991076621],[8.650460272426262,49.878432877455424],[8.650403872645022,49.877872596493596],[8.650330473672,49.87714580462091],[8.65030399823833,49.87688413772416],[8.65030243819377,49.87686820633143],[8.650292873150185,49.876773915286435],[8.650289839407899,49.876722367482195],[8.650288667103215,49.876703003150666],[8.65029319053698,49.876606266895074],[8.650306753151536,49.87652199640063],[8.650326386290535,49.87644761389108],[8.650391413689995,49.87625728460109],[8.65043105822008,49.87616819844871],[8.650509912217023,49.876046376607775],[8.649794708089315,49.87594279072454],[8.649599236537723,49.87591456504604],[8.649282423241683,49.87586863927889],[8.6488860089924,49.87581998391917],[8.648120098492068,49.87572610381389],[8.647947999495479,49.875705057858],[8.647892242096054,49.875698182569764],[8.647790367962834,49.87568319030829],[8.64744879814008,49.875632993085404],[8.646027782671034,49.875424158322495],[8.645830227213652,49.8753951627951],[8.64556456221477,49.87535733291308],[8.644808090538639,49.87524972332751],[8.643969730609072,49.875124497551234],[8.643391026706254,49.8750380831764],[8.643212872917525,49.87501341521233],[8.642411046943009,49.874901945886215],[8.642177591199614,49.87486958857434],[8.641259638409386,49.8747425562261],[8.64139628572196,49.874347650750614],[8.641449603730996,49.874193497034575],[8.641474473901033,49.874088414472226],[8.64147521839915,49.87398785414325],[8.641452034572383,49.87386518202704],[8.641452939076386,49.87383727930151],[8.641464507062732,49.87380946363164],[8.641489530012963,49.87377798505307],[8.641529326323818,49.87375707079719],[8.641576774754723,49.87373574753944],[8.641608700519123,49.873722109788986],[8.641636534033086,49.87369937386213],[8.64165307359881,49.87366743638302],[8.64179360486666,49.87326364613736],[8.64166774615403,49.87324643820238],[8.641549589433003,49.873229632505634],[8.641162715742496,49.87317454460984],[8.641067878336484,49.87316029829292],[8.641170625530547,49.87286055079253],[8.641205701038448,49.87264025434189],[8.6413459382322,49.872200878696965],[8.641385902000248,49.872062934831],[8.641549083127586,49.871498974330585],[8.640731948111465,49.8713861209664],[8.639863366831205,49.87126609862376],[8.639710716382584,49.87124501969555],[8.639171478147484,49.871170415213825],[8.63839279587357,49.87106466843597],[8.63704247688935,49.870880469206874],[8.633958853670038,49.87045281368085],[8.63335552349276,49.870373166593815],[8.633092171545396,49.87033707299786],[8.63299892151379,49.870324366384494],[8.632538892986982,49.87026136567522],[8.6315644506747,49.87012953455022],[8.630881669611842,49.87003712947427],[8.630769792321358,49.87002200925935],[8.630235447592092,49.869949866463],[8.629915246162955,49.86990549928564],[8.629608380176789,49.86985855092074],[8.628918614096431,49.86976432730069],[8.62836395303331,49.86968859561027],[8.62770157457796,49.86959813000276],[8.627129747878454,49.86951906540838],[8.623730980154262,49.86904869795586],[8.622587700694314,49.86888912186093],[8.622217381069714,49.86883748569503],[8.621625167414269,49.868754839298255],[8.62001639385848,49.8685303623812],[8.619190563449294,49.868410730718786],[8.619062084856017,49.86839208351148],[8.61866230577677,49.868310865284435],[8.618086229279744,49.86818336701296],[8.616481254561894,49.8678431481597],[8.616249092898116,49.867794843149895],[8.61598147881322,49.86775399153065],[8.615893689588505,49.867740234661426],[8.615769741222993,49.867720922802164],[8.615519718334225,49.867693486309626],[8.615201948251391,49.867673395725014],[8.614904532166074,49.86766670273406],[8.614642532463083,49.867667697979556],[8.614342132950746,49.867678137165676],[8.614032946086189,49.86768089392174],[8.61377033989202,49.867677423531376],[8.613653201441393,49.86767584347614],[8.613355960614658,49.867657709058605],[8.613061828238695,49.867624360575995],[8.612761783794017,49.86758339328196],[8.611923597906623,49.86747023932436],[8.610360963820247,49.8672531917609],[8.609817913975812,49.8671777347612],[8.60721692338078,49.866802015528414],[8.605753257783894,49.86656385217501],[8.605756088503103,49.86650412980485],[8.605758404187712,49.86645281521233],[8.605760075074125,49.86641899349333],[8.605766804405427,49.8662746482741],[8.605772713079274,49.86614882285884],[8.605776587246629,49.86606720139711],[8.605783126085143,49.86592910182767],[8.605784805516143,49.86589422556301],[8.605787344022257,49.86583953168582],[8.605807081461942,49.86565729314996],[8.605822960544197,49.865510139787105],[8.605828744109076,49.865457971685494],[8.605842382076696,49.86533238884978],[8.605847512616425,49.865285004657544],[8.605848628484136,49.86527478722014],[8.605552655403434,49.865247091857746],[8.605093302530435,49.865203913107884],[8.604285656575154,49.8651281504951],[8.60368427784903,49.86506963619185],[8.603381231907386,49.86504020756613],[8.603387221739633,49.86501429641296],[8.603263223843582,49.865002488195124],[8.602560877568855,49.864935537457804],[8.602515578348424,49.86520072859055],[8.60245540662567,49.86538028616462],[8.602420334051768,49.86552840079305],[8.602541464192816,49.86554287706812],[8.60246945155625,49.86575716786286],[8.602403184272676,49.86595492964984],[8.602389050752082,49.86599695587453],[8.602376062291974,49.86603549782666],[8.602359671231293,49.86609071196712],[8.601943802359283,49.866033690050244],[8.60185112715212,49.86602096033276],[8.59906073194335,49.865625776557856],[8.599082303393539,49.865710622481444],[8.599091011712241,49.865744371843064],[8.599098095724614,49.865772031520734],[8.599101067711636,49.86578391248705],[8.599121561117666,49.86586413078276],[8.59915216882517,49.865926267046405],[8.599160404145294,49.86594297938074],[8.59915123163481,49.86594170381419],[8.599144295400864,49.866054708261366],[8.59925888317435,49.86653277115967],[8.599379691449165,49.86701496552173],[8.599545520460744,49.867585574721396],[8.599653885969351,49.86792579127396],[8.599672550041616,49.86798439793677],[8.59981939454689,49.86844472490032],[8.59992531661445,49.86868921011704],[8.599978988470243,49.868845417729474],[8.600402644987994,49.87007915818088],[8.600642259434737,49.870776919761674],[8.600683026959018,49.87091090951645],[8.600795843290905,49.87128196602629],[8.600936980321237,49.87198347080984],[8.601031582258521,49.87252949594542],[8.601091216194678,49.872874491511595],[8.601245914097586,49.87376432368329],[8.601279423108686,49.87395647882196],[8.601401598412673,49.87466048631649],[8.601495097781685,49.87519926023388],[8.601556162388379,49.875550993334464],[8.601698411315432,49.87645614055175],[8.601773457882405,49.87691070144847],[8.601785276237175,49.87698091146567],[8.601741175551814,49.87705771652043],[8.601762831188937,49.87718442034962],[8.601792612501281,49.87735849953874],[8.601836794168571,49.87743144359279],[8.601859629719748,49.87746902682015],[8.60191969405429,49.87778687473383],[8.602292704999696,49.88002162388247],[8.60235397788384,49.880923922971185],[8.602413941210827,49.88180915501654],[8.602462224179046,49.882369323463],[8.602523511255434,49.8827094831541],[8.60256951996065,49.882764667698254],[8.602572976562666,49.88276876261834],[8.602599464709035,49.882800544535854],[8.602642333425232,49.88285049952701],[8.603285877167728,49.88284683542018],[8.603328851375684,49.88284652276141],[8.603587614464594,49.88284508225569],[8.604668992521109,49.88283887752971],[8.604969969480383,49.88321430208362],[8.60537413941321,49.88368028321445],[8.60555451276893,49.88391044127633],[8.6056258944295,49.88400151213687],[8.606018372591373,49.884502414163144],[8.60604830336438,49.88454045326452],[8.606096555285001,49.884602052535676],[8.606416574428257,49.88471933099662],[8.606524732019714,49.88475904156875],[8.606724234146494,49.88483207797776],[8.606995980767177,49.88493175016507],[8.607050158512763,49.88495151088701],[8.60731302580552,49.88504788037203],[8.607313693747189,49.88504815303611],[8.607359908124357,49.88506515558312],[8.607520157361535,49.88512386158511],[8.607609274417532,49.8851565303185],[8.607761533976959,49.88521231564601],[8.607972592401534,49.8852897424615],[8.608100882260093,49.8853367123143],[8.60818994316234,49.88536951561064],[8.608348608303844,49.88542753910487],[8.60867334309387,49.88554658485055],[8.608998580345265,49.88566584769869],[8.609258810612907,49.885761230413635],[8.609661867741313,49.885908929492295],[8.610033660503275,49.88596555880614],[8.610606510194653,49.88605268762775],[8.610756192738403,49.886075525397736],[8.610906015473713,49.88609830936431],[8.611136215787472,49.8861333685688],[8.611475018866622,49.88618493425971],[8.611896237141032,49.88624899700684],[8.612083153718215,49.8862775009209],[8.61243367287303,49.88633080653475],[8.612730392989842,49.88637595456076],[8.612949886465998,49.88640935198863],[8.613168097080203,49.88644258247961],[8.613387367995765,49.88647595129569],[8.613606862817004,49.88650929340257],[8.613904700340399,49.886554658465066],[8.614105955658289,49.88658523487244],[8.614314434514238,49.88661694360519],[8.614523973436642,49.88664881772792],[8.61458597296349,49.88665829860857],[8.614623959222943,49.88666410330395],[8.61466188964506,49.88666990780132],[8.614699820937274,49.886675604128385],[8.614737751377632,49.88668140860098],[8.614775738104072,49.88668715916774],[8.614813668132381,49.886693017694476],[8.614851460274757,49.88669865942926],[8.614892598701731,49.886704880109534],[8.61493315010512,49.886711179946325],[8.615117365806494,49.886739156230504],[8.615155296992393,49.88674487944823],[8.615306629180758,49.8867679872141],[8.615680276894231,49.88682476679625],[8.616018949892801,49.8868763458035],[8.616371148257533,49.886930266985516],[8.616521953211446,49.88695310101715],[8.616617367033651,49.88696758558642],[8.616670610345107,49.88697565735009],[8.616877837957688,49.88700711397034],[8.617094967767496,49.8870399819691],[8.616834281162342,49.88794128952952],[8.616827709115311,49.88796368412307],[8.619439332563866,49.888302364354175],[8.619552960856604,49.88831990773924],[8.616959890429017,49.88980039226017],[8.616996449916044,49.88981392494894],[8.617008033369874,49.889818181475874],[8.616869599714116,49.88993175256587],[8.61786849724216,49.890311610167174],[8.619091964708945,49.89077677868449],[8.620009204305871,49.891125577778205],[8.621165693364896,49.89156871043102],[8.621815873899749,49.89183466363152],[8.62214946065627,49.89201005199529],[8.622382474971342,49.892154394297],[8.622605530226437,49.89231541453118],[8.62281422109037,49.8924850404572],[8.623006177873979,49.89266631998546],[8.623249667305728,49.89295100594556],[8.62345398794403,49.89325222092735],[8.623558905357495,49.893461392677956],[8.623649037927589,49.89369003933023],[8.623701008666872,49.893888006698845],[8.62373244006724,49.89410553854031],[8.623782565456594,49.89454096644992],[8.62379928524651,49.89468587476298],[8.623802135366178,49.89471084206495],[8.623871782806713,49.89470809358081],[8.6240573617122,49.894590340660244],[8.624091277229018,49.894513521391644],[8.62513546483878,49.89391552878532],[8.625201185207715,49.893950893419095],[8.62525703181797,49.89398100735782],[8.625272332195014,49.89398516690584],[8.625305783238714,49.89399327888473],[8.625760323717204,49.894104097105476],[8.625851226854516,49.894126211847066],[8.627713735713483,49.89458012644443],[8.629399258468172,49.89496216773644],[8.630377358222372,49.895184395850286],[8.630573442782302,49.895228852777215],[8.630762449786912,49.89530048921703],[8.630892028452084,49.89534962808177],[8.631353618062413,49.89552466709588],[8.631754000061632,49.895676390588825],[8.632416864758829,49.89593461789476],[8.63295918904259,49.89608657074696],[8.632989417176876,49.89612595573918],[8.633419250157843,49.89668647828274],[8.633443891843497,49.896718652816155],[8.633541935220915,49.89684642987695],[8.633784015080316,49.89716223920985],[8.634253935501137,49.897040635644316],[8.634431165204832,49.89699441507578],[8.634623813807533,49.896944240880956],[8.635053661195421,49.896832350409575],[8.635556658538023,49.896701408651694],[8.635718045330396,49.89665946274424],[8.635775218437887,49.8966444998623],[8.636345204190834,49.8964964323464],[8.636506478514368,49.896454403868276],[8.636577558030629,49.89643599600442],[8.637079258373843,49.896305584378155],[8.637332401523215,49.89629204509536],[8.637505689576816,49.89628282544053],[8.637557072453276,49.896280092759355],[8.638095014028996,49.89625143386597],[8.638268302202144,49.8962421589918],[8.638428739603896,49.89623330347206],[8.63861236596874,49.896223438395516],[8.638813902115208,49.89621262832918],[8.63906570332545,49.896199135163585],[8.639195934662222,49.89619215848955],[8.639323036522827,49.89618536121644],[8.639508618354128,49.89617539264252],[8.639753656989551,49.896162336642135],[8.63990682774696,49.8961540784256],[8.639975638667126,49.8961588077874],[8.640152062504093,49.89617095561817],[8.640210517307803,49.89617492261932],[8.6402219900228,49.89617576941914],[8.640280305596136,49.89617968187286],[8.64054818005739,49.896198088622945],[8.64104987324023,49.89623252348156],[8.641224481646384,49.89624474518081],[8.641411430696898,49.89625754558187],[8.64149852142503,49.89626043775656],[8.641672284380826,49.89626616653619],[8.642006155794373,49.89627722963891],[8.642602682309453,49.896332906609864],[8.642786934514408,49.89635169938932],[8.642922694054189,49.89636009435291],[8.643190546718513,49.897658141854805],[8.64322437267464,49.897907826261935],[8.643239439354199,49.89801981871982],[8.643312272100692,49.89855919572427],[8.643334164456983,49.89871907016098],[8.643432282384783,49.899435853864695],[8.64350115721878,49.89992538351796],[8.64351700741201,49.90003735126822],[8.643563167951847,49.90036484074578],[8.644065360678708,49.900318549299875],[8.644237677185238,49.900302691770456],[8.644373462446424,49.90029012901333],[8.645313408046292,49.90020477588136],[8.645867377405203,49.90015160455814],[8.646039921134683,49.90013506904236],[8.646322369166752,49.9001080254375],[8.646380316673145,49.900105687428244],[8.647665460267117,49.899986161153315],[8.64783766448409,49.89997005457336],[8.648031390035772,49.899952012092896],[8.648458754284299,49.89991218042922],[8.648489248620892,49.89990929845681],[8.648535618959434,49.899904923308824],[8.64891236386742,49.89986983080348],[8.648942690565018,49.8998669482043],[8.648946798969725,49.8998666091203],[8.64904960090347,49.89985702360636],[8.649163191210077,49.8998464971973],[8.649177278222076,49.89984518781022],[8.64926154870353,49.89983735773094],[8.649433778822814,49.899821384060125],[8.650942729254018,49.89968154176108],[8.651778409176334,49.899604231815445],[8.65182201105475,49.899600225601716],[8.652115877480483,49.899573066971215],[8.652288133668572,49.89955708914008],[8.654765162296382,49.89932794314721],[8.654801357036728,49.8993246168041],[8.654836573619548,49.899321368658505],[8.65484884386969,49.89932018837549],[8.654907286463672,49.89931481908732],[8.654616930332752,49.89789986489962],[8.654912347145652,49.89781421603033],[8.655132670672947,49.89775032672075],[8.655274169305324,49.89772633022437],[8.655387469557088,49.897716418780284],[8.655522688107048,49.897715333336514],[8.655672498136626,49.89771650835253],[8.655800282404115,49.897720024369896],[8.656040882948668,49.89772668710428],[8.656325856093721,49.8977345894997],[8.656914819787909,49.897750881097984],[8.65803417811025,49.897787446793565],[8.65811152743665,49.897789973278144],[8.658132637596017,49.89779071151819],[8.658988950328252,49.897815216480204],[8.659117003555597,49.89782027091961],[8.659801080625392,49.89784729193955],[8.660120838452622,49.89785774770135],[8.660404353044493,49.89785479271174],[8.66061686009923,49.897841083589086],[8.660774933107778,49.89782702557148],[8.661560350187822,49.89775715045288],[8.661992301010644,49.89772406937776],[8.66220128657394,49.897714538305046],[8.662473237297407,49.897711544571344],[8.662750927426005,49.8977145968372],[8.663120577857047,49.89770366548907],[8.664419058504743,49.89775612968317],[8.66461562588388,49.89777319283243],[8.664927149690078,49.89783133732321],[8.664982045432431,49.8978416359746],[8.665207711551268,49.897883686126185],[8.665374798935453,49.89791491301064],[8.665489639971302,49.89793641675301],[8.665603559624259,49.89794980569123],[8.66567388735338,49.89795806642611],[8.665702799779934,49.897961475713],[8.665874014154173,49.8979816273292],[8.66588877714373,49.897983400432736],[8.666029012753773,49.89800008254511],[8.666285961118792,49.898030214876066],[8.666348977209713,49.89803761591612],[8.666698609216573,49.898078505532375],[8.666876078390223,49.89814364134773],[8.667027359642956,49.898199129498586],[8.667173263939281,49.898252682171005],[8.667366045360898,49.898288657863674],[8.667533303131274,49.898319882122166],[8.667663795412826,49.898344267791266],[8.6680017415055,49.89840350725538],[8.668028885672218,49.89840823586442],[8.668135638175842,49.898420276829164],[8.668190645954155,49.89842665346446],[8.668125390001967,49.89820003285994],[8.668072999549091,49.89790173866482],[8.668066842396929,49.89756155644661],[8.66808685185323,49.89730338064959],[8.668149794403021,49.89702004520266],[8.668248948989246,49.89673440674255],[8.66839179681815,49.89643064106217],[8.668520435466183,49.89622753197323],[8.668671673926386,49.89602354090703],[8.668807910082354,49.8958607970526],[8.668895433002781,49.895768001942166],[8.668984274149393,49.89567842830171],[8.66906389319091,49.895601861611595],[8.669144931540407,49.89553008501691],[8.669338677503376,49.89536631483444],[8.669566237195177,49.89519536689114],[8.669877962636848,49.89500132251174],[8.670262715504801,49.894783202940054],[8.67047138810281,49.89469448259747],[8.670856183820815,49.89453090110236],[8.67115173892293,49.894405300021134],[8.67142352983607,49.89429139330482],[8.672507122564951,49.893837426459925],[8.67258823454836,49.893794850988904],[8.672791742831281,49.893687994995396],[8.6735207040852,49.89330534976419],[8.673654227737979,49.893243100683165],[8.673810062337907,49.89316471717325],[8.67394244849184,49.893092946433995],[8.674074198785458,49.89301600909093],[8.674200504265432,49.89293470283868],[8.674307762908374,49.89286167131281],[8.674401517312777,49.89279501028025],[8.674495231145102,49.892721886466106],[8.67465565249724,49.89258805538047],[8.674793849385267,49.89246987206045],[8.674916638815207,49.89236281295537],[8.675017937607535,49.89225369252122],[8.67510460297749,49.892140285696165],[8.675226040769305,49.89195559024579],[8.675242481241165,49.89192773087235],[8.675354828673184,49.89173665538987],[8.675446350930857,49.891535895218375],[8.67552212312755,49.891309943568785],[8.675571178600887,49.89111587855873],[8.675608206675205,49.89087043065082],[8.675622036409303,49.89057367676129],[8.675602692242027,49.890372389914575],[8.67557386684425,49.89018159514643],[8.675515673078996,49.889893589989015],[8.675501699654223,49.889732716106735],[8.675435288224682,49.8889670777673],[8.675403142442981,49.88849294692387],[8.675392980867697,49.88841753053727],[8.675328355927956,49.8882020288798],[8.675280529441247,49.88804254733806],[8.675167540117794,49.887810388591994],[8.675109668716143,49.887691466100186],[8.675043672387439,49.887580741014474],[8.675012661984077,49.88752879108738],[8.674954093728944,49.88743057931782],[8.67483845610452,49.88727301659275],[8.67456517884413,49.88690069113279],[8.674069425070984,49.88622313244573],[8.673754620379826,49.885803611336634],[8.673670709421057,49.88569191565706],[8.673219889424585,49.885079240828],[8.673165491972913,49.88500529489297],[8.672973397930996,49.88474662782888],[8.672693590302398,49.88436973660515],[8.672505042375134,49.884115945973505],[8.67197773680531,49.88340970738485],[8.671723838267738,49.88305603340672],[8.671466657887382,49.88267219974908],[8.671450846471316,49.88264865703194],[8.671092888602852,49.882036642258704],[8.670938382027698,49.88201054274492],[8.670322570287675,49.88162628301682],[8.67004836889397,49.88144436085911],[8.669768483127598,49.88124468349357],[8.669462335239077,49.88100688503622],[8.66922949031708,49.880816885627524],[8.669158854341521,49.88075514063024],[8.66909698914262,49.880701045953614],[8.668967514308616,49.88058778358373],[8.668864112607121,49.88046710539815],[8.66867788781621,49.88035633055328],[8.668731562534893,49.88032195359058],[8.66879768884945,49.880279527153526],[8.669078330067943,49.880089505814595],[8.669286192712368,49.879926451626964],[8.669430076128545,49.879802125514956],[8.669472822443653,49.879765202311255],[8.669621194410198,49.87960487121521],[8.669848195190346,49.87935334093895],[8.669943190612585,49.87923274171412],[8.669977274218713,49.879168131540894],[8.669475044653153,49.87901024637721],[8.669231232570839,49.87891896643931],[8.669072050376082,49.87886778481314],[8.668875501015227,49.8788223369433],[8.668731564568732,49.878803646624974],[8.668145314121567,49.8787504315776],[8.668025503425975,49.878739461806546],[8.66765887250876,49.87870596327214],[8.667328961330949,49.87867575968158],[8.667017265546708,49.87864793292208],[8.666721614300005,49.87862147641335],[8.666540863741993,49.87860538156991],[8.666484310047629,49.878595700760066],[8.66642655661474,49.87858590831025]]]]}},{"type":"Feature","properties":{"id":"03","bez":"03 - Ost","bez_name":"Ost"},"geometry":{"type":"MultiPolygon","coordinates":[[[[8.72911749568331,49.86395069802918],[8.728891014143747,49.863793416353],[8.7288850292995,49.86379056313224],[8.728530609893708,49.863617784881065],[8.728448824635137,49.86359912486342],[8.72833783588151,49.863572122047614],[8.727029141790107,49.863253812963386],[8.72699458526039,49.86324451087155],[8.726739821089343,49.86327379015411],[8.7265740413684,49.86325252422738],[8.726392782859396,49.863229247597026],[8.724026813136417,49.862925926716024],[8.72398048856911,49.862919894622294],[8.722674258580033,49.86253023703392],[8.721783559723479,49.862390359972245],[8.720643959922143,49.86198528769036],[8.719920628882585,49.86183958019629],[8.718577778860018,49.86167725051867],[8.71724920707335,49.86143233210732],[8.717038578354986,49.861393502175055],[8.716515048482746,49.86102244766047],[8.71646282312984,49.86098554519149],[8.715940659471139,49.86063525831462],[8.715669004779047,49.860248187016545],[8.714307105378085,49.85954463121787],[8.71380284271924,49.85934877866196],[8.713262860937782,49.85913420481822],[8.713048472817302,49.85904909240809],[8.712585612595504,49.858664244367255],[8.712536818331648,49.85862383338107],[8.712329648754762,49.85845161376334],[8.712034194812217,49.85767601407882],[8.711970911649194,49.8575099377173],[8.711956510986928,49.85747247819118],[8.711945272195733,49.85744300340192],[8.711729023839071,49.85731102309105],[8.711665524142244,49.8572753883308],[8.710719176541252,49.85670394103129],[8.710056054026412,49.856205581469126],[8.709996102053884,49.8561604635177],[8.709584717909419,49.855851228509074],[8.709006408172183,49.85546250734027],[8.708462876757016,49.85524565769489],[8.707267164237864,49.8546317773464],[8.707023106714226,49.85445112653968],[8.706760243035875,49.85425661005282],[8.706622377829731,49.85403753227986],[8.706614056922929,49.85402455891948],[8.706512814529717,49.853863710325925],[8.70620060490011,49.85336791978089],[8.706196441866522,49.85228710827183],[8.705490950256001,49.851495876357234],[8.704991614839695,49.851243591543046],[8.704495761449158,49.85099312514007],[8.70437709094058,49.850933225734146],[8.702879554636315,49.85018984462548],[8.701814903722417,49.84972507312254],[8.700666254585984,49.84935139010003],[8.700122947978498,49.849182930846546],[8.699828045216227,49.849088770345794],[8.699823395152587,49.84908721700671],[8.699805461363356,49.84908151914054],[8.699648654045006,49.849031412863496],[8.699644616156979,49.849030131506545],[8.699640050312999,49.84902849725732],[8.698873029415559,49.84871662528184],[8.69735616010969,49.84803745114906],[8.69624107069132,49.847721056106835],[8.695178347467287,49.8469373958227],[8.694676799035953,49.84647655243847],[8.694387946133899,49.846338723820175],[8.694337903452595,49.84631482342395],[8.69387981506902,49.84609623737191],[8.693481650916798,49.84572922127936],[8.693053148764173,49.84533397446704],[8.692752801799811,49.845056961684286],[8.692744321241772,49.84505239642882],[8.692734622019406,49.84504642184458],[8.692707859182493,49.84502988333382],[8.692669090414277,49.84500595801383],[8.692581992790835,49.84495221422741],[8.692565013620376,49.844941542343],[8.692510097341502,49.84490781257921],[8.692474941454535,49.8448861411256],[8.692432088345939,49.844859581976834],[8.692388817823083,49.84483285946232],[8.692376061425035,49.844825037991725],[8.69227487423853,49.84476263071159],[8.692245055320143,49.84474411003499],[8.692221488191672,49.844729634961176],[8.692101168007223,49.84465752332396],[8.6920713454412,49.84463959748021],[8.69195872406458,49.84457218412411],[8.69180595352821,49.84447873222945],[8.691749586686145,49.84444513344715],[8.691706754248294,49.844481253612464],[8.691483362849008,49.84466959021698],[8.690884844150037,49.844947295545595],[8.690845137234202,49.844965631175974],[8.690698367768286,49.84503370582666],[8.69066610302934,49.845048762329725],[8.690595983314362,49.845010529431455],[8.69058847634334,49.845006453342855],[8.690349285869884,49.84487607508776],[8.68905059531414,49.844168197689946],[8.688811412596234,49.844037897378286],[8.688564947551832,49.843903547992355],[8.68805465593714,49.84362809490996],[8.687601987299484,49.84337772607323],[8.68736421549746,49.8432461556572],[8.686065957752982,49.8425279703854],[8.685320064334892,49.84212369557477],[8.685080341502633,49.84199373756163],[8.684108813924517,49.84146707894675],[8.684083766972785,49.841453409385615],[8.683844190435272,49.84132342215421],[8.683819226795412,49.84130983388379],[8.683691933532867,49.84124072296101],[8.683091400995806,49.84141644053848],[8.682585672222228,49.84157773171232],[8.682233219868603,49.84169952936281],[8.681268731176507,49.84204708125512],[8.681088808790276,49.84210745427463],[8.680942813559726,49.842154616539304],[8.68074083564071,49.842213035486246],[8.680487459290768,49.84227707202215],[8.68028400834222,49.84232602198516],[8.680045344081885,49.842375739696394],[8.679405979023198,49.842500576218214],[8.67907737927337,49.84257389277724],[8.67881060186451,49.84263878087849],[8.678564446728352,49.842702779137234],[8.678390491895748,49.84275848653055],[8.678102870727756,49.84286141504394],[8.677776812769967,49.842996576282026],[8.677515530276064,49.8431281311671],[8.677267432601969,49.84326537360459],[8.67712556169479,49.843358240750064],[8.676914907567117,49.84349469438114],[8.676686267704186,49.84368815262441],[8.676462744124544,49.8439006340633],[8.676292967063695,49.844094282829275],[8.676156487567818,49.84426901499503],[8.676025553607984,49.84447796854453],[8.675924222630687,49.84466986111601],[8.675816594099482,49.844918872250624],[8.67552492414617,49.84584486429084],[8.67509476763125,49.847249973834245],[8.67481802671412,49.848134120099715],[8.674723406435705,49.84842597142488],[8.674661744282512,49.84861702766014],[8.674615567208312,49.848737443881504],[8.674404895981692,49.84918342352174],[8.674294281471138,49.84943813018687],[8.67425365349497,49.84957127079533],[8.67422536606059,49.84972816043779],[8.67421260007684,49.84987560253334],[8.67422044255121,49.85001647765843],[8.674241514098547,49.850173505991044],[8.67439350384331,49.85076292542712],[8.674413158700347,49.85090667292809],[8.674408062070865,49.851013224540715],[8.674382267786445,49.851118771606345],[8.674338316677709,49.85121474946584],[8.674269969297583,49.85130781952819],[8.674198096128363,49.85137327146886],[8.674116806062214,49.85142823228762],[8.674016331532892,49.85148119220178],[8.67390574628262,49.85151895396683],[8.673790797108403,49.85155002438679],[8.673685473887213,49.85156876436009],[8.673314334444015,49.85161722992016],[8.67235094180268,49.85175155144898],[8.671749932195782,49.85183640733553],[8.671479454435486,49.851898942564986],[8.67132126294891,49.85194892437515],[8.671191732051712,49.85200661263374],[8.67107463922082,49.85207763987732],[8.670984456066572,49.85214301082856],[8.670907451410203,49.852211312434676],[8.670848174347944,49.85227011908982],[8.67078440848146,49.852336565377996],[8.670769709955682,49.852360183917625],[8.670643065811356,49.852563573008446],[8.67049576220792,49.85283807335775],[8.67038751674514,49.85303970274592],[8.670315164304714,49.85317445523871],[8.670070844488501,49.853602862968515],[8.669945757722829,49.853814313705016],[8.669714384579187,49.85420511738377],[8.669511943659343,49.854547114175396],[8.6694317902472,49.85469160539918],[8.669300241513225,49.85492907679679],[8.669201831065362,49.85511523897006],[8.669130914028514,49.8552758723519],[8.668997348605506,49.855755023893565],[8.668813491536948,49.856495727644784],[8.668736409448671,49.856892296811985],[8.66872872130435,49.85692696755026],[8.668657176863993,49.85724811002402],[8.668640074355263,49.85732499079488],[8.668418274490515,49.8581112833735],[8.668409115328316,49.858148789107354],[8.668284520486935,49.85866062993368],[8.668224560957636,49.85890714694932],[8.668047390258298,49.85962975124255],[8.668008610795287,49.85979074623839],[8.667890567173368,49.860282054645694],[8.66780791025081,49.86073666246687],[8.66777474758295,49.86086381901439],[8.6677383494731,49.861002864001634],[8.66771047129461,49.86111635328732],[8.667701169792615,49.86115410190126],[8.667653600315292,49.86134708723607],[8.667579698548003,49.86161522310494],[8.667398114691757,49.86227040202026],[8.667389527099381,49.86230166298372],[8.667325922687656,49.86255738966398],[8.667306227674977,49.86263729124253],[8.667283618321106,49.862706692826436],[8.667261172912404,49.86276846951828],[8.66723715781802,49.862831215149704],[8.667205884788142,49.862890073182776],[8.667167147935581,49.86295469639842],[8.667054994521203,49.8631104508303],[8.666837886864915,49.86342189892508],[8.666124405029331,49.86442277003551],[8.665570272577446,49.865221051029],[8.665437544054976,49.865412275397766],[8.665300674454752,49.86562501170313],[8.665229227215145,49.86573707658953],[8.665134093931526,49.86587573471736],[8.66509128594231,49.86593499147995],[8.66504487133482,49.86599913209365],[8.664957666840323,49.86613335133495],[8.66493489573112,49.866172953589455],[8.664886899716931,49.866243714430894],[8.664833861721215,49.86632105849926],[8.664532468891894,49.86675986141378],[8.664419682397838,49.86692391273514],[8.664286000114366,49.86711851300828],[8.664192659275841,49.86724343907563],[8.664067181523677,49.867397799911835],[8.664013346972228,49.86746083698911],[8.66393957030559,49.86754171688684],[8.663901342481287,49.86758008435529],[8.66385232172812,49.86762915549983],[8.663781311221628,49.86769749663743],[8.6635827740979,49.86789323295698],[8.662996596732485,49.86847113838],[8.66292779022138,49.868539296111514],[8.66286769733448,49.86859874513884],[8.662787113954098,49.86867849584735],[8.66268351056307,49.86878100149694],[8.662595787853325,49.868867734723445],[8.662401680069918,49.86905937176119],[8.662340595497513,49.86910873161125],[8.66227967108712,49.869147113555044],[8.662218213200873,49.86917792264327],[8.662231959887771,49.86954430394588],[8.662239540791909,49.8697461273774],[8.662270918162475,49.870090143638286],[8.662331169004473,49.87058096431041],[8.6623350550208,49.87061215302497],[8.662342817642495,49.87067588243779],[8.662360822523956,49.870784014709656],[8.66239758170742,49.87100493234193],[8.662403471133599,49.87105708306996],[8.662445807308893,49.87143111873489],[8.662447388521244,49.871444562335846],[8.662456325669982,49.87153206351847],[8.662481112588164,49.87177265857058],[8.662483075608584,49.87179140316768],[8.662494811149283,49.87190597976262],[8.662515927370395,49.87208450677119],[8.662542680316294,49.8723114521921],[8.662591741830024,49.87285842956566],[8.662491673506919,49.872864925410504],[8.662232696111023,49.87288501926271],[8.662083152995574,49.87289658937864],[8.661705167862259,49.872932856724695],[8.661529093559484,49.87294994603918],[8.661186442857609,49.872983151133],[8.661399889989676,49.87408501496087],[8.661429662600986,49.87423882557751],[8.661467386795211,49.87443327381409],[8.661501551818521,49.87460975693343],[8.661508748084426,49.87464660672466],[8.66145422415722,49.87481060871767],[8.661244757020143,49.87544184572019],[8.661222627746833,49.875508354080125],[8.661163832299486,49.87560825811804],[8.661083957224031,49.87570439599974],[8.660904835980679,49.87591592165727],[8.661065554273998,49.87599232050906],[8.661222600478578,49.87606692375316],[8.661674754667994,49.87629916743393],[8.66172304684905,49.87632399605356],[8.662094949517128,49.87651503799485],[8.662633767265655,49.87679179526981],[8.662814464420734,49.876894586976455],[8.662897553529117,49.87694612385858],[8.662972053469971,49.87699228175267],[8.66366417667532,49.87735425077967],[8.663832083959553,49.87744202351057],[8.664056575505477,49.877534908314864],[8.664500807752688,49.87768142752718],[8.664885655220159,49.877808358543334],[8.665078155892425,49.87787291892124],[8.665191048402065,49.87791899699116],[8.665301287521933,49.877973341593794],[8.665428219064225,49.878044336944235],[8.666241819868468,49.87851223294367],[8.666335333971103,49.878559038275164],[8.66642655661474,49.87858590831025],[8.666484310047629,49.878595700760066],[8.666540863741993,49.87860538156991],[8.666721614300005,49.87862147641335],[8.667017265546708,49.87864793292208],[8.667328961330949,49.87867575968158],[8.66765887250876,49.87870596327214],[8.668025503425975,49.878739461806546],[8.668145314121567,49.8787504315776],[8.668731564568732,49.878803646624974],[8.668875501015227,49.8788223369433],[8.669072050376082,49.87886778481314],[8.669231232570839,49.87891896643931],[8.669475044653153,49.87901024637721],[8.669977274218713,49.879168131540894],[8.669943190612585,49.87923274171412],[8.669848195190346,49.87935334093895],[8.669621194410198,49.87960487121521],[8.669472822443653,49.879765202311255],[8.669430076128545,49.879802125514956],[8.669286192712368,49.879926451626964],[8.669078330067943,49.880089505814595],[8.66879768884945,49.880279527153526],[8.668731562534893,49.88032195359058],[8.66867788781621,49.88035633055328],[8.668864112607121,49.88046710539815],[8.668967514308616,49.88058778358373],[8.66909698914262,49.880701045953614],[8.669158854341521,49.88075514063024],[8.66922949031708,49.880816885627524],[8.669462335239077,49.88100688503622],[8.669768483127598,49.88124468349357],[8.67004836889397,49.88144436085911],[8.670322570287675,49.88162628301682],[8.670938382027698,49.88201054274492],[8.671092888602852,49.882036642258704],[8.671450846471316,49.88264865703194],[8.671466657887382,49.88267219974908],[8.671723838267738,49.88305603340672],[8.67197773680531,49.88340970738485],[8.672505042375134,49.884115945973505],[8.672693590302398,49.88436973660515],[8.672973397930996,49.88474662782888],[8.673165491972913,49.88500529489297],[8.673219889424585,49.885079240828],[8.673670709421057,49.88569191565706],[8.673754620379826,49.885803611336634],[8.674069425070984,49.88622313244573],[8.67456517884413,49.88690069113279],[8.67483845610452,49.88727301659275],[8.674954093728944,49.88743057931782],[8.675012661984077,49.88752879108738],[8.675043672387439,49.887580741014474],[8.675109668716143,49.887691466100186],[8.675167540117794,49.887810388591994],[8.675280529441247,49.88804254733806],[8.675328355927956,49.8882020288798],[8.675392980867697,49.88841753053727],[8.675403142442981,49.88849294692387],[8.675435288224682,49.8889670777673],[8.675501699654223,49.889732716106735],[8.675515673078996,49.889893589989015],[8.67557386684425,49.89018159514643],[8.675602692242027,49.890372389914575],[8.675622036409303,49.89057367676129],[8.675608206675205,49.89087043065082],[8.675571178600887,49.89111587855873],[8.67552212312755,49.891309943568785],[8.675446350930857,49.891535895218375],[8.675354828673184,49.89173665538987],[8.675242481241165,49.89192773087235],[8.675226040769305,49.89195559024579],[8.67510460297749,49.892140285696165],[8.675017937607535,49.89225369252122],[8.674916638815207,49.89236281295537],[8.674793849385267,49.89246987206045],[8.6751524775292,49.89278405609015],[8.675655219508236,49.89322289156976],[8.676068319837798,49.89358273360043],[8.676428804094071,49.8938974595965],[8.676456708280776,49.89392192764967],[8.67658071184375,49.89403019071006],[8.676761793476482,49.89418144431173],[8.67691665986079,49.894293794971865],[8.677108544104508,49.894421093532785],[8.677344654384589,49.894533696853074],[8.677386407388177,49.89455046973783],[8.677602135756016,49.894637219548045],[8.677878701109286,49.89472281300319],[8.678112519050025,49.894781652625284],[8.678322628436916,49.894823336652784],[8.678783174115077,49.89488615662869],[8.67909400789674,49.894921763799964],[8.679409935416022,49.894968470668694],[8.680232104105949,49.89506113589772],[8.680401191969768,49.8950135787991],[8.68080794931659,49.89489885929466],[8.680928636278349,49.89485544052578],[8.681098790216085,49.894794230082844],[8.681219365300695,49.89475075662308],[8.681442681564224,49.894670304044745],[8.681512809029861,49.89464502488203],[8.681730245387202,49.89456669176905],[8.68190039783269,49.89450539902394],[8.682308896248946,49.89435825792276],[8.68292090328804,49.89412625229381],[8.682969255526352,49.894107916096004],[8.683009851905624,49.89409258717008],[8.683062991761531,49.89407242529245],[8.683155811154649,49.89407457175649],[8.683200880677155,49.89407558721907],[8.683242822826161,49.89407651300097],[8.683284485699474,49.894077438004906],[8.683329582447547,49.8940785616523],[8.683466131398642,49.89408163848381],[8.683556577678083,49.89408366998861],[8.683644510291856,49.89408572160531],[8.683735012265835,49.894087780162984],[8.68382523444039,49.89408991900746],[8.683928274752631,49.89409220088166],[8.683950501883936,49.89409277522685],[8.684075769872477,49.894095550192006],[8.684200981844052,49.89409835190939],[8.684326054015603,49.89410118015111],[8.684451321520365,49.89410403582957],[8.684610795785058,49.89410771449784],[8.684680047286689,49.894109335956394],[8.684680326564276,49.894109336715815],[8.684694679670558,49.894109646145644],[8.684908997055484,49.894114555120304],[8.684929911956807,49.894115071631816],[8.68512471087402,49.89411946749072],[8.685145625955876,49.89411995692368],[8.685334364412258,49.89412436301479],[8.6855966102889,49.894055662360174],[8.685698385938428,49.89402906038421],[8.685878970010453,49.89398168869672],[8.686101852441057,49.893923317746996],[8.686237673855095,49.893887803093676],[8.686418116886836,49.89384048426484],[8.686571534588229,49.89380033886295],[8.686708978614385,49.89376428724075],[8.687027073589261,49.893678780070665],[8.687225036480665,49.89362550436363],[8.687349308395172,49.89359209342426],[8.687451246722514,49.89356162361041],[8.687508358395844,49.893544471854526],[8.687626834618118,49.893508935869356],[8.687803458236813,49.89345581800877],[8.687851447719412,49.893441372575914],[8.688022524459482,49.89338650888184],[8.688181371136702,49.893335559906255],[8.688548483506345,49.89325723783281],[8.688633192489247,49.89323924027859],[8.68885603537563,49.89320768772827],[8.6890140821807,49.89318537095531],[8.689147502203001,49.89316653020787],[8.689337750747683,49.89313964841235],[8.689521401671799,49.8931137761644],[8.689772615150002,49.89307829587363],[8.689831256557385,49.8931185532465],[8.689964946409441,49.893210090060116],[8.690012800849894,49.89324274726448],[8.690442263528679,49.893536874249165],[8.69063548934869,49.89366910234019],[8.690769266197906,49.89376061140741],[8.69108306215676,49.893975551452016],[8.691150493453085,49.89402169927151],[8.691163812851656,49.89403082022577],[8.691203020306661,49.89405766731782],[8.691392217993664,49.89418717939414],[8.691525913921934,49.89427868736267],[8.69168833483418,49.894389902676856],[8.692139675271608,49.89469887240983],[8.69214468100236,49.89470223867362],[8.692278239619363,49.8947938265202],[8.692283217613342,49.8947971656642],[8.692378765256398,49.89486247768901],[8.692564039686513,49.89493351669874],[8.693063919837467,49.895125392593165],[8.693130064456838,49.89513276032372],[8.69332213590596,49.89515403525903],[8.693351719431847,49.895157358308055],[8.693429083643899,49.89516597234195],[8.693484595021118,49.89517214903298],[8.693512922990342,49.89517527944125],[8.69357915255993,49.89518248489932],[8.693771283001793,49.895203326604296],[8.693816831720085,49.89520826002114],[8.694426277892488,49.89527744085505],[8.694734162306425,49.89600414349369],[8.695347845965454,49.89679943855439],[8.69539117492702,49.89685555243325],[8.695508778162113,49.89700793483249],[8.695564137539025,49.89707860076796],[8.695638983357824,49.89714623525182],[8.695711331537524,49.89721134840312],[8.69601996341776,49.89739283981138],[8.696780429636213,49.897711794838656],[8.696967301106023,49.897780343251796],[8.69713675649214,49.89784251849454],[8.697557346217192,49.89799671723784],[8.697721645400113,49.89803502880939],[8.697904938049179,49.898077743085096],[8.698045642831817,49.89811055766861],[8.698139798895955,49.89813259712171],[8.69832303642604,49.898175310591824],[8.698569027033818,49.89823265335985],[8.698671608388704,49.898256336686366],[8.699440500138845,49.89843344376154],[8.699623937994602,49.898475750089865],[8.700607403312139,49.898702239432076],[8.7006385674891,49.898712351762036],[8.700705247680748,49.89873796860703],[8.701032911712486,49.898863495695366],[8.701200464165892,49.89892771512219],[8.701355032105187,49.89898692549017],[8.701765936203529,49.899248081609365],[8.701951266857233,49.89943283629951],[8.701986281330916,49.899588866474055],[8.702014227468627,49.89971345789002],[8.702039265051013,49.8998250625818],[8.70197878024775,49.89989972707145],[8.701991057868963,49.90007857470843],[8.701967568392297,49.90025070559992],[8.701950363108445,49.900327671539266],[8.701926917730567,49.900379257837315],[8.701867549649482,49.90045387105271],[8.701823588072175,49.90050773002877],[8.701810837511,49.900518999997296],[8.70179860721051,49.90052743209356],[8.701847803590788,49.900562359178736],[8.702159917328034,49.90082974939819],[8.703555467355347,49.90165856148355],[8.704518899339597,49.901890401307675],[8.704701506397408,49.901934400973396],[8.705293957838357,49.90207694913992],[8.70535325601614,49.90209124178061],[8.70542236981471,49.90210829037281],[8.705604414113798,49.9021532335869],[8.706595248953914,49.90239742892246],[8.706981209359794,49.90249266649562],[8.707193747706379,49.90254417387465],[8.707260632770328,49.90256045861951],[8.707761299279843,49.90268180636353],[8.707929226097304,49.902747828637416],[8.70796780740458,49.90276079687552],[8.708696709139085,49.903245917304666],[8.709175800973645,49.90343110039941],[8.70964756780091,49.90379480871455],[8.70973354139057,49.903861109858155],[8.710059392981583,49.90411228896399],[8.71388787072923,49.908729692789294],[8.715647032180845,49.90992434896425],[8.716428692377104,49.910581821442754],[8.716534641007515,49.910670906957186],[8.716561135566966,49.91069311749845],[8.716870654124614,49.910903866428534],[8.716920715128884,49.91093792387106],[8.717008259235964,49.91099751743],[8.71704485146841,49.91102251058186],[8.717253436304166,49.91127105748325],[8.71741127767805,49.91145909998474],[8.717473287716048,49.91153304329767],[8.717600527693225,49.911684615104896],[8.71768331899276,49.91178343164623],[8.717865552083303,49.912000546830484],[8.718538821595898,49.91240278071545],[8.718666728628282,49.9124790735292],[8.719419084676954,49.91292848963845],[8.720058114932984,49.91355471238384],[8.720153907310063,49.91364852906304],[8.72053177286833,49.91401880682736],[8.72062742738456,49.91411262277441],[8.720779592620257,49.914261736333955],[8.721163126860741,49.91453246432841],[8.721228463838846,49.91457864349671],[8.721700464966196,49.914911936571826],[8.72242432454854,49.915065690258835],[8.722589613730541,49.91510080511742],[8.723253061631215,49.91524167325967],[8.724158637093685,49.91558491329651],[8.724308829535225,49.91564170291412],[8.725443851797074,49.91607187089074],[8.72552615476398,49.9161525637855],[8.725621962587107,49.91624643001162],[8.725724856396159,49.916347235154895],[8.725786848470012,49.91640797838483],[8.725876071972792,49.91649536626828],[8.725971741448685,49.91658923187194],[8.726735642714225,49.91733785196941],[8.727031098351237,49.917436729970184],[8.727185659519062,49.91748844260136],[8.729228732437154,49.91817182622153],[8.729574577107892,49.918081021668755],[8.729735788130592,49.918038674273504],[8.730152343700448,49.91792934812281],[8.730591101362327,49.9181878699934],[8.730649250988133,49.918222616244066],[8.730778484821435,49.91836790473047],[8.730865289607781,49.91846539607796],[8.731020571745237,49.91863997495791],[8.732330304690036,49.91855115033335],[8.732690543895439,49.91850449897623],[8.732763086343214,49.91848352088397],[8.732816009898693,49.91846820298762],[8.732870137015475,49.91845250927947],[8.733028990756244,49.91840663668244],[8.733160361392768,49.91836865039379],[8.733331361485215,49.91831915492984],[8.733619149901662,49.91823591121378],[8.733777918546908,49.91819001035472],[8.734015274090401,49.918121251469394],[8.7344355765011,49.918396454196255],[8.73454162635026,49.91840499825786],[8.734592989264549,49.918409171808925],[8.734765680113815,49.91842305982876],[8.734847850259591,49.91842962915671],[8.734881018494926,49.91850593070371],[8.735024296529012,49.91861996128367],[8.735265395211785,49.918811738651186],[8.735354398625038,49.91881564625863],[8.735539669125258,49.91882372119194],[8.735565575341997,49.91882818778006],[8.735772322880791,49.91886381097227],[8.735845827577204,49.918912055504265],[8.735988050624998,49.91920457340549],[8.736137539278621,49.919251557576295],[8.736238247633349,49.91921009100451],[8.736275034213765,49.919135814709726],[8.736350778812648,49.9191065403829],[8.736429441047662,49.919080247035275],[8.736510077521753,49.91905571571843],[8.736603180792935,49.91904062257364],[8.736706334356008,49.919032312166635],[8.736822059949528,49.91903465691057],[8.736894047775426,49.9189921781921],[8.736972703518793,49.91895158031007],[8.737104461138133,49.91893976513967],[8.737613115199132,49.91895751958672],[8.73769760049655,49.918970230207975],[8.737679295654472,49.91892432899612],[8.73760056715911,49.91872616414032],[8.737584191270248,49.918592603646744],[8.737895478625516,49.91837439184929],[8.73790340646549,49.91836551361059],[8.738217578009179,49.918068215499424],[8.738430647354859,49.917911215361144],[8.73865742073335,49.91781367960304],[8.73877236163428,49.91776421201842],[8.7388153342281,49.91756802552775],[8.73907928375509,49.9174364481911],[8.739139547992037,49.91740648824887],[8.739143807314065,49.91732654057983],[8.73914924873434,49.91722428757639],[8.739154537734224,49.91712438670725],[8.739155934829576,49.917098485538325],[8.739158852595375,49.917044493238706],[8.739159782141623,49.91702756829488],[8.739163056114988,49.91696451839851],[8.739135906719032,49.91682806761572],[8.739166333733436,49.91664180346259],[8.739247756709602,49.91658958305139],[8.739470098548166,49.916447041173804],[8.73967171926723,49.91631775603384],[8.740018946840424,49.91603637258671],[8.740400853893838,49.915867795466205],[8.740441945450698,49.91579666408842],[8.740456722801706,49.91577125252331],[8.740518569106872,49.915664609967095],[8.740585420076984,49.915770837427594],[8.74060725261198,49.915805281136535],[8.740662690233547,49.9158932580644],[8.740914948804807,49.91569342846609],[8.741014785949178,49.91561423498636],[8.740995753115666,49.91560478256314],[8.740993059284387,49.91559650230788],[8.740946315234185,49.91548685887468],[8.741222688125001,49.915380073011505],[8.741230219950406,49.91537711541747],[8.74123259993001,49.91537617432787],[8.741323062976424,49.91534117006024],[8.741326757586302,49.915339961500976],[8.741336894342357,49.91533579291016],[8.741531264415952,49.91523347426583],[8.741730323708092,49.915267907011255],[8.74176164378272,49.91527335771515],[8.741817705224836,49.915260476293575],[8.741986282265088,49.91522150825985],[8.74208925327406,49.91516714354144],[8.742161178985008,49.915129122993584],[8.74222579105011,49.9150950610251],[8.742443359821953,49.91498016473103],[8.742464162684035,49.914945816048835],[8.742728620612576,49.91450930140049],[8.742758301160016,49.91446047891555],[8.743077883631978,49.914391180777045],[8.743132963230709,49.91437878326348],[8.743211571054296,49.91434480582046],[8.743565050332847,49.9142162015425],[8.743944138665755,49.91414221945638],[8.743968994326908,49.914107311608156],[8.743981436757917,49.9140897360342],[8.744111854429992,49.91390590848148],[8.744124352921839,49.913888278935325],[8.744226423191545,49.913744380867875],[8.744277626734238,49.91367224289058],[8.74430310315079,49.913636092496745],[8.74413354661946,49.91336521031654],[8.744153397687246,49.91335197746823],[8.74437083715989,49.913206332758115],[8.744446821868376,49.91315536756611],[8.744585050930278,49.91306284373393],[8.745156995858292,49.91294050208222],[8.745286214602988,49.91261154681257],[8.745558869362279,49.91238341388672],[8.745612976103834,49.91228983894585],[8.745748255226388,49.91205605022416],[8.745942557124751,49.91203687203118],[8.745939837403174,49.91202807806917],[8.746436710566943,49.91200418053483],[8.746794573342592,49.91183385322219],[8.747283678136677,49.91124304120461],[8.747566292132836,49.91105188892022],[8.747623647837731,49.910682674159666],[8.747880355998298,49.91048673271175],[8.747723853978801,49.910207285292216],[8.747685779176308,49.91015831410374],[8.74756951131306,49.910006907369095],[8.747532649461164,49.909929005945806],[8.747258145090122,49.909526485132396],[8.747443457576324,49.909225825221014],[8.74749837248993,49.909136604557986],[8.747539533698344,49.90895268679724],[8.747573760699014,49.9087966051506],[8.747574478300999,49.90879292926895],[8.747584465594821,49.908747442642245],[8.747505779718598,49.90869167705496],[8.747453982504247,49.908654735751014],[8.74737599293522,49.9085994312714],[8.747316844580011,49.90842957215325],[8.747190978224104,49.90806850272551],[8.747112078177297,49.907850955891824],[8.74703321389586,49.90761602233301],[8.747228957249558,49.90721593217654],[8.747231783014326,49.90720977320787],[8.74734112535437,49.90717202023365],[8.747375828158615,49.9071600630196],[8.747456006786301,49.9071327379368],[8.747558154983713,49.90709772717432],[8.747669818557004,49.90705938406186],[8.747685854166873,49.907053929824784],[8.747717506345104,49.9070430204324],[8.747743696826257,49.90701876841389],[8.74808502733339,49.90669992419836],[8.748478089495805,49.906332735427526],[8.74860149197894,49.90621748796555],[8.748617762464226,49.90618826591442],[8.748723703680573,49.90599794435925],[8.748739889792118,49.90596880322726],[8.748755173264732,49.90594133661977],[8.748783455819972,49.905890562615966],[8.748889479251693,49.90570029515853],[8.748935920503868,49.90561697718474],[8.74920675952303,49.90500072577415],[8.749267430785212,49.90484491703247],[8.749524089607236,49.904640427010605],[8.749761042003556,49.90406539116623],[8.74987456938523,49.90356763950081],[8.749775577011306,49.903140112011215],[8.749460521291864,49.90258348826713],[8.749369920577312,49.90236505220254],[8.749443562782753,49.901591703441284],[8.749436775665682,49.90116553741927],[8.749232501889052,49.900654525396625],[8.749197318917508,49.90063617022601],[8.748682778605406,49.900368278972245],[8.748626954431506,49.90033917102578],[8.74841859155672,49.90023009922696],[8.747442979384603,49.89989522347418],[8.746449541549968,49.89959593932402],[8.745434681789499,49.89903861028412],[8.744719383742261,49.898574868879194],[8.744265142426046,49.89832699212252],[8.744194876179552,49.8982886295123],[8.74367796924751,49.898002891276924],[8.742479088702884,49.89720385061563],[8.741775633874626,49.89676599453139],[8.740960255741594,49.89601408394915],[8.740783843977527,49.89577614254961],[8.740736457119514,49.89560765796886],[8.740721134563307,49.895553570567884],[8.740477743793923,49.894718298432736],[8.740609374421117,49.89401430659417],[8.740573236001197,49.893389031602204],[8.740391343310735,49.89277970844873],[8.740050251368134,49.89228835567306],[8.74002957539635,49.89225899784501],[8.73998958148098,49.89220223211013],[8.739260788561845,49.89129632031972],[8.739395944976636,49.89078443033659],[8.739455982153265,49.8905569956472],[8.73904164376056,49.890458151668945],[8.738671696889783,49.89042370765576],[8.738361789298322,49.89039486005017],[8.738323828702674,49.89039136733705],[8.738050554129998,49.89004379858166],[8.738020873171536,49.890027534496895],[8.73778211738808,49.88989674258205],[8.736889002512479,49.88940724020925],[8.736766920285184,49.889354397136806],[8.736506877018886,49.88924175225178],[8.735824122751561,49.888946029279005],[8.735741691371528,49.8889094995237],[8.735370646804245,49.88885879134385],[8.735064453392127,49.88881680188568],[8.734925406443653,49.88879777234073],[8.733998042310434,49.88855336914678],[8.733535356839996,49.88844606616247],[8.733240511303658,49.88837762567433],[8.733066538228238,49.88833726000297],[8.732956459374297,49.888311751065196],[8.732851665867807,49.88824947962557],[8.732621092312112,49.88811263889059],[8.732518025301788,49.88805139865271],[8.731440784234639,49.88753595741228],[8.731267603992148,49.88737875045655],[8.731085978370686,49.88721389833373],[8.730753986926793,49.88691268498989],[8.73045695292144,49.88664289146175],[8.729754955361283,49.886050917195384],[8.72961700833316,49.88592174934233],[8.729439228921152,49.88575517299071],[8.729191588614217,49.88552334759974],[8.729057182390513,49.88540067697066],[8.728935139342362,49.88528931082481],[8.728918915721028,49.885274400818545],[8.728864297316626,49.88522468149222],[8.728207172084762,49.884624825757626],[8.72817858405857,49.88458914687014],[8.728034282747561,49.884409613444426],[8.727991303453257,49.88435608129604],[8.72750101803974,49.88405213452453],[8.726736346302433,49.88373837272638],[8.726278481172828,49.88339199002306],[8.7259832527668,49.882885398461525],[8.725916240347875,49.882757204938464],[8.725679016681944,49.88230404579127],[8.725698595474375,49.8822438736763],[8.725717890105825,49.88218456617034],[8.725759577134207,49.88205633217691],[8.72582402315321,49.881858469490176],[8.725888044320662,49.88166157920264],[8.726004759823313,49.88149780240254],[8.726480565073016,49.88083481935494],[8.726519114908706,49.8807918353023],[8.72667634587898,49.88061690464879],[8.726702926021332,49.88058725015947],[8.726818321041593,49.880176565630826],[8.726658095032946,49.87987842167995],[8.7266430988829,49.87981962803764],[8.726591903623204,49.879620086073615],[8.726583190004265,49.87958594083078],[8.727000456707838,49.8791196968979],[8.727288919523653,49.878847486290205],[8.72725258751613,49.87877966519454],[8.727150503107607,49.8785884132179],[8.727110664194113,49.87851376969764],[8.72710278869846,49.8784993117081],[8.72697409995505,49.87825829710123],[8.726933475194919,49.87820923167281],[8.726715546067098,49.87794580657617],[8.726638873541486,49.877853121384376],[8.726491297291442,49.87767468673792],[8.726405724036258,49.87757132655961],[8.726089623413971,49.87737975768644],[8.726071217659081,49.87736132688027],[8.725945350620577,49.877234859958186],[8.725901793510506,49.877191222304006],[8.72587061828968,49.87715991719091],[8.726001685568347,49.8770531208301],[8.726196307478414,49.87689463838644],[8.726976326527799,49.87625916762566],[8.727316537426374,49.87592153325282],[8.728281031575403,49.875261258835764],[8.728362751633169,49.875185548502536],[8.72845426568666,49.87510072146427],[8.728633307279066,49.874934870504795],[8.728729114066269,49.87484605134502],[8.728757400920069,49.874819915576204],[8.72883187988176,49.874750812814725],[8.728858277918025,49.874169510376056],[8.72888704277515,49.8735343222924],[8.7288894944541,49.873480355788736],[8.728844589127954,49.873228912126095],[8.728752246194414,49.87293914966137],[8.728689149501822,49.872740986633616],[8.728575247614163,49.87238324855981],[8.728288910449097,49.87194641938121],[8.728279804515667,49.87193247233509],[8.728257990858708,49.87191963119388],[8.727987742663968,49.87176037963261],[8.727756644659703,49.871623960184905],[8.727544272415392,49.87149864372312],[8.72730751706325,49.87089495524358],[8.72723059912227,49.87069892205529],[8.726985403275968,49.87007368896004],[8.727331436031903,49.86981475495093],[8.72753593159888,49.869661647265936],[8.727869512709276,49.86941195716906],[8.728998959503587,49.869179109370215],[8.729562834326105,49.868981464065904],[8.729837931482226,49.86888508510528],[8.730178193500702,49.868765872975786],[8.730668622703073,49.86846702907072],[8.730743405875293,49.86842128847202],[8.730971084449573,49.86828258689743],[8.731005254814804,49.868261682968765],[8.731032646491249,49.86824503565964],[8.731031090095243,49.86820360642811],[8.731020422968735,49.867937965568274],[8.731019352621615,49.86790954380973],[8.731015679401041,49.86781703068085],[8.731006029212418,49.867574376352906],[8.730997941163242,49.86737212373691],[8.730987030870564,49.867095044255],[8.730971911967337,49.8667816940457],[8.73095928452957,49.86652234893942],[8.730949166500983,49.86631376415816],[8.730939282189013,49.86610834361801],[8.730929508702683,49.86590308556827],[8.730919606827259,49.86570085571862],[8.730917512498777,49.865655801827295],[8.730915670075436,49.86562067228638],[8.730912759819875,49.86555668833614],[8.730906900754801,49.86543064020054],[8.730751162305312,49.86542403233368],[8.730707993545627,49.86542212037748],[8.730665019567354,49.86542031701863],[8.73057146031198,49.8653248368838],[8.730401675416285,49.864888229089736],[8.73032525783653,49.86469200963466],[8.730247825037221,49.864492759253146],[8.730160540470743,49.86426841957991],[8.730155533479119,49.8642553474897],[8.729521717857494,49.864232535806806],[8.729392266772317,49.864142568288145],[8.729309029426176,49.864083858891476],[8.72911749568331,49.86395069802918]]]]}},{"type":"Feature","properties":{"id":"04","bez":"04 - Bessungen","bez_name":"Bessungen"},"geometry":{"type":"MultiPolygon","coordinates":[[[[8.655921592512927,49.84080220042334],[8.655941898106148,49.84072411398706],[8.655876971593456,49.84070180223087],[8.655569402996623,49.840678066689875],[8.65474141590196,49.84061397853451],[8.654485575051497,49.8407344112553],[8.654119670264894,49.840906621875725],[8.653089583657206,49.84133094405072],[8.652401139170951,49.84139058789102],[8.652135833005856,49.841413533501324],[8.651715345393617,49.841449938163365],[8.651434507646497,49.84147562066259],[8.650877653760766,49.841523645134444],[8.650840664248054,49.84152707601653],[8.650829665871385,49.84152798930186],[8.650799996757499,49.84152987387863],[8.65075681947335,49.841532528963185],[8.650711547739188,49.84153547516498],[8.65051779144278,49.84154776240785],[8.650508624750948,49.84158483417499],[8.650455789723333,49.841797131143814],[8.65044806167783,49.841828123157086],[8.650438417713875,49.84186946585785],[8.650056696828594,49.841860391318384],[8.649639105711548,49.841850395901865],[8.649465328643355,49.84184646346048],[8.64882863104506,49.84183188150656],[8.648734909052907,49.84182970472167],[8.648610290394815,49.84182938111637],[8.648436570911624,49.84182907071824],[8.648406553170547,49.84182897967743],[8.64786737372802,49.841827883883894],[8.647830967455965,49.84182777328753],[8.647749533987605,49.84182760698561],[8.647434262087769,49.84182691894473],[8.647260542826821,49.841826579744456],[8.6470676579712,49.84182618193425],[8.647062365363357,49.841863400426206],[8.647045941490475,49.84197724450753],[8.647030251400682,49.84208608834822],[8.647025288052118,49.84212022523604],[8.646999774795407,49.84212217557543],[8.646884794676344,49.8421313706399],[8.646813665444267,49.84213745435633],[8.646641342570089,49.84215207181408],[8.646615018474145,49.84215426296059],[8.646535486640824,49.842161050981176],[8.646502127184934,49.842163923699786],[8.646278663338327,49.84218279223729],[8.646106005965096,49.842197326757564],[8.646096317556058,49.84219837879494],[8.646042553551483,49.84220273038709],[8.64601985827931,49.84220463503455],[8.646014693841499,49.84220507895073],[8.645913360080028,49.842213665753185],[8.645906102124638,49.84221426551207],[8.64583282235189,49.842220639501896],[8.645772718398273,49.8422259450525],[8.645654804589801,49.84223567074017],[8.645606322101518,49.84226935004691],[8.64517997823388,49.84227705030045],[8.645135753528269,49.84227783429951],[8.644990943275868,49.84228023015045],[8.6446084060775,49.84228706195691],[8.64443454823465,49.84229017926692],[8.642885536747624,49.842317784992204],[8.642569830362692,49.84232262566387],[8.642396198650896,49.84232530796806],[8.64226427991453,49.84232733457522],[8.642195083998882,49.842328391913355],[8.641923713479873,49.84233250237204],[8.641750081502254,49.84233521074807],[8.640413427746052,49.842355597815455],[8.640132840838579,49.84234596601841],[8.639959273588174,49.84233993786938],[8.639715001753386,49.842331499461125],[8.639393080269482,49.84232043945953],[8.639158821726568,49.84231232847194],[8.638985394415661,49.842306272259705],[8.63870098690749,49.84229651693613],[8.638674964939941,49.84229554349663],[8.638400490777663,49.84228560207414],[8.638227065882646,49.842279247290456],[8.638153378374305,49.84227655662538],[8.637973538476672,49.84226999215521],[8.637738251244402,49.84226146947794],[8.637697837515113,49.84225999115659],[8.638984298024534,49.845484351308535],[8.639963215650887,49.846880488332616],[8.640184571599985,49.84735181307927],[8.64028723654024,49.84755269003361],[8.6403305806004,49.847637406761415],[8.640559954618892,49.84806313851942],[8.640722134048312,49.84835102615571],[8.640913079902946,49.84866185175634],[8.641133682581023,49.84899229196787],[8.641464238496736,49.84948296143668],[8.641485518663865,49.849521965351826],[8.641597249298847,49.84967549440845],[8.641696764862631,49.849839585415516],[8.641798950168065,49.85001252677438],[8.641915475332816,49.85021230931444],[8.642001224987256,49.85037800698214],[8.64208353542713,49.850544748536365],[8.642184343549902,49.85077233381252],[8.642235934563578,49.85090115098708],[8.642304368991251,49.85109188840768],[8.6423608597162,49.85125635980538],[8.64241632226309,49.85143921542989],[8.642438320621995,49.851498339383085],[8.642501289385942,49.85170017338721],[8.642542640703757,49.851832879674454],[8.642686813957104,49.85227275663843],[8.64278286034444,49.85256043730652],[8.643159449408886,49.853599864695596],[8.643247630088812,49.853861264538374],[8.643341592826946,49.854129604413565],[8.643430527962177,49.85435320403812],[8.6436127504113,49.854797090474015],[8.643788231688848,49.85527015942014],[8.643916686091814,49.85568740760928],[8.643986936529084,49.85595183431057],[8.644048469904218,49.85618356949029],[8.644195084689791,49.856735398620614],[8.644237791222874,49.85692418994818],[8.644305965084513,49.85722487108177],[8.6443424041777,49.857385575282365],[8.64434467050536,49.85744561172421],[8.644360085171273,49.85785110141063],[8.644369054329825,49.858089164754524],[8.64437634787208,49.85828176819304],[8.644389192080842,49.858379720540434],[8.644392229534228,49.858403146762306],[8.644419562415086,49.8585499242558],[8.644440953397806,49.85864314371275],[8.644581462153404,49.859252846668994],[8.644592209628707,49.85947693555309],[8.644599320435676,49.85962611164859],[8.644624511154698,49.86015263644579],[8.644636167854292,49.860393601222675],[8.644633264611466,49.86042033517669],[8.645077998453479,49.86040422950568],[8.64645594770895,49.860368960936476],[8.646651429437147,49.860363986594855],[8.647049818523524,49.860353762086355],[8.647069097994343,49.86062270947024],[8.647127216936306,49.86140270137206],[8.64713855637388,49.86148204505678],[8.64718728905478,49.86164646312941],[8.647731733864372,49.86163313837489],[8.647949522950222,49.86162779697502],[8.648598396126578,49.86161951726219],[8.649492038491365,49.86159155876954],[8.649905670826842,49.861566552447094],[8.650258190481866,49.8615440913761],[8.650465825505462,49.86152635720581],[8.650566445152492,49.86151779130611],[8.651456178843064,49.86146244112304],[8.65153895568679,49.86144727698646],[8.65245011039456,49.861280631652065],[8.65249124500766,49.86127337295903],[8.652767982774154,49.861224312800644],[8.653114605371599,49.861140092404916],[8.653201417074193,49.861106957361784],[8.653280456757756,49.86111465688712],[8.653483721254629,49.861153472526254],[8.653642099743546,49.86118953081173],[8.653662830756117,49.86119421663333],[8.654607567133299,49.861596474144214],[8.654528565538428,49.86197077374686],[8.654513139113126,49.862044061027824],[8.65449427651168,49.862133454074595],[8.654420527029668,49.86248332480747],[8.654355423193287,49.86288481410365],[8.654311238758089,49.86316287276175],[8.654313113739159,49.86324040283114],[8.654315571084203,49.863345840202754],[8.654319275335352,49.86342908122237],[8.654330548294288,49.86351945640014],[8.654343689086787,49.86359058446715],[8.654370943495007,49.863655183820676],[8.654446246446518,49.86378041548444],[8.654527168375013,49.86390836786748],[8.654542438464027,49.86393145168313],[8.654700183418935,49.864167415358075],[8.654728940459185,49.86415836138993],[8.654806742116161,49.86413685268337],[8.654811468606109,49.864135514742294],[8.655442232003267,49.86395849259006],[8.655808613377522,49.86378238595201],[8.655921853993645,49.86394650502696],[8.655985635626624,49.863918247931736],[8.656311706491488,49.86375859577473],[8.656442616208256,49.86369446567813],[8.656657772960077,49.86358913221528],[8.656779901504027,49.863669127440446],[8.657260013908816,49.86328360142343],[8.657334680389765,49.86322357639647],[8.657372379448738,49.86319313230145],[8.657535281129565,49.8633092648743],[8.657778886223914,49.8634827986058],[8.657787916106024,49.86348861187873],[8.65791055266064,49.863568039566566],[8.658092454918895,49.86368547126194],[8.658276275918201,49.8637961212155],[8.659073267113044,49.864169108619],[8.659154694382304,49.86420723145697],[8.660017960446451,49.86460406738665],[8.660175622958377,49.86466491053857],[8.660341330459689,49.864728859635115],[8.66102025382782,49.86499091995845],[8.661462261398654,49.86517043385475],[8.661552689977455,49.86520709406762],[8.6625316648921,49.86547502347877],[8.662820838507116,49.8655540923154],[8.6640598305865,49.865889959749985],[8.664957666840323,49.86613335133495],[8.66504487133482,49.86599913209365],[8.66509128594231,49.86593499147995],[8.665134093931526,49.86587573471736],[8.665229227215145,49.86573707658953],[8.665300674454752,49.86562501170313],[8.665437544054976,49.865412275397766],[8.665570272577446,49.865221051029],[8.666124405029331,49.86442277003551],[8.666837886864915,49.86342189892508],[8.667054994521203,49.8631104508303],[8.667167147935581,49.86295469639842],[8.667205884788142,49.862890073182776],[8.66723715781802,49.862831215149704],[8.667261172912404,49.86276846951828],[8.667283618321106,49.862706692826436],[8.667306227674977,49.86263729124253],[8.667325922687656,49.86255738966398],[8.667389527099381,49.86230166298372],[8.667398114691757,49.86227040202026],[8.667579698548003,49.86161522310494],[8.667653600315292,49.86134708723607],[8.667701169792615,49.86115410190126],[8.667710557246126,49.86111602905029],[8.6677383494731,49.861002864001634],[8.66777474758295,49.86086381901439],[8.66780791025081,49.86073666246687],[8.667890567173368,49.860282054645694],[8.668008610795287,49.85979074623839],[8.668047390258298,49.85962975124255],[8.668224560957636,49.85890714694932],[8.668284520486935,49.85866062993368],[8.668409115328316,49.858148789107354],[8.668418274490515,49.8581112833735],[8.668640074355263,49.85732499079488],[8.668657176863993,49.85724811002402],[8.66872872130435,49.85692696755026],[8.668736409448671,49.856892296811985],[8.668813491536948,49.856495727644784],[8.668997348605506,49.855755023893565],[8.669130914028514,49.8552758723519],[8.669201831065362,49.85511523897006],[8.669300241513225,49.85492907679679],[8.6694317902472,49.85469160539918],[8.669511943659343,49.854547114175396],[8.669714384579187,49.85420511738377],[8.669945757722829,49.853814313705016],[8.670070844488501,49.853602862968515],[8.670315164304714,49.85317445523871],[8.67038751674514,49.85303970274592],[8.67049576220792,49.85283807335775],[8.670643065811356,49.852563573008446],[8.670769709955682,49.852360183917625],[8.67078440848146,49.852336565377996],[8.670848174347944,49.85227011908982],[8.670907451410203,49.852211312434676],[8.670984456066572,49.85214301082856],[8.67107463922082,49.85207763987732],[8.671191732051712,49.85200661263374],[8.67132126294891,49.85194892437515],[8.671479454435486,49.851898942564986],[8.671749932195782,49.85183640733553],[8.67235094180268,49.85175155144898],[8.673314334444015,49.85161722992016],[8.673685473887213,49.85156876436009],[8.673790797108403,49.85155002438679],[8.67390574628262,49.85151895396683],[8.674016331532892,49.85148119220178],[8.674116806062214,49.85142823228762],[8.674198096128363,49.85137327146886],[8.674269969297583,49.85130781952819],[8.674338316677709,49.85121474946584],[8.674382267786445,49.851118771606345],[8.674408062070865,49.851013224540715],[8.674413158700347,49.85090667292809],[8.67439350384331,49.85076292542712],[8.674241514098547,49.850173505991044],[8.67422044255121,49.85001647765843],[8.67421260007684,49.84987560253334],[8.67422536606059,49.84972816043779],[8.67425365349497,49.84957127079533],[8.674294281471138,49.84943813018687],[8.674404895981692,49.84918342352174],[8.674615567208312,49.848737443881504],[8.674661744282512,49.84861702766014],[8.674723406435705,49.84842597142488],[8.67481802671412,49.848134120099715],[8.67509476763125,49.847249973834245],[8.67552492414617,49.84584486429084],[8.675816594099482,49.844918872250624],[8.675924222630687,49.84466986111601],[8.676025553607984,49.84447796854453],[8.676156487567818,49.84426901499503],[8.676292967063695,49.844094282829275],[8.676462744124544,49.8439006340633],[8.676686267704186,49.84368815262441],[8.676914907567117,49.84349469438114],[8.67712556169479,49.843358240750064],[8.677267432601969,49.84326537360459],[8.677515530276064,49.8431281311671],[8.677776812769967,49.842996576282026],[8.678102870727756,49.84286141504394],[8.678390491895748,49.84275848653055],[8.678564446728352,49.842702779137234],[8.67881060186451,49.84263878087849],[8.67907737927337,49.84257389277724],[8.679405979023198,49.842500576218214],[8.680045344081885,49.842375739696394],[8.68028400834222,49.84232602198516],[8.680487459290768,49.84227707202215],[8.68074083564071,49.842213035486246],[8.680942813559726,49.842154616539304],[8.681088808790276,49.84210745427463],[8.681268731176507,49.84204708125512],[8.682233219868603,49.84169952936281],[8.682585672222228,49.84157773171232],[8.683091400995806,49.84141644053848],[8.683691933532867,49.84124072296101],[8.683585601395995,49.841182971987806],[8.68355399375477,49.8411657961958],[8.683314475854704,49.841035808021],[8.682890875321757,49.840805834403525],[8.681819810569497,49.84023537616494],[8.681515268382006,49.840067971151456],[8.680970428352774,49.83976837985958],[8.680185878260836,49.839337655069805],[8.680101351025433,49.839291182787996],[8.679984468678681,49.83922707192127],[8.679746036236729,49.839096132897836],[8.679492901557822,49.83895706765693],[8.67944776172128,49.83893225497345],[8.67933788583971,49.83887194847746],[8.679285130585937,49.8388428963644],[8.679046533653743,49.83871209063727],[8.677820887599047,49.83803925185608],[8.677582411055878,49.83790830822355],[8.677448136401171,49.83783460114598],[8.676490856175429,49.83730881015064],[8.676133212930306,49.83711171456874],[8.675895304853178,49.836980552702165],[8.67553766609039,49.83678350936107],[8.675451814613606,49.83673616466199],[8.675365351251502,49.836688574821686],[8.675201292260072,49.83659807074106],[8.674396821722064,49.83615402788043],[8.67433634700405,49.83612059830941],[8.674098561321978,49.8359892708264],[8.67389721089339,49.83587816341366],[8.673808584302765,49.83582916021625],[8.673637221913118,49.83573463137296],[8.673772513286632,49.8359954923513],[8.673860552381665,49.83616506704833],[8.67387277943875,49.836188599553005],[8.67392788075226,49.83629513147991],[8.673991576129056,49.836417938825996],[8.673450697483633,49.836727759491836],[8.673320677950239,49.83680229503464],[8.672882144018708,49.837053480400506],[8.672638163119716,49.83736867749196],[8.672523994437649,49.83751621187123],[8.67244618385275,49.837616744519515],[8.672332097502807,49.83776430597743],[8.672222346552735,49.83790593069345],[8.672143104841615,49.83865112894196],[8.67213127197682,49.83876323195007],[8.672109436097875,49.838968460782944],[8.671361329674696,49.83916284474138],[8.671200053992377,49.83920478672493],[8.670707758234023,49.83933272346243],[8.669877891350122,49.83992214185005],[8.66976093864033,49.84000528238208],[8.669660918340345,49.8400762487973],[8.668935076704383,49.8406217187166],[8.668411498974567,49.84083770797139],[8.668264957756397,49.84089818362984],[8.668056951700569,49.84098398218745],[8.667997422679345,49.841015908635555],[8.66768961357075,49.84118078415239],[8.667046158413973,49.841525108656825],[8.666912369890943,49.84159673282292],[8.66685485560013,49.84162755581589],[8.666813078529552,49.84164985221551],[8.66669508189026,49.8417130308413],[8.666599455169635,49.841720002670066],[8.666424586239238,49.84173272234256],[8.666130005399564,49.841652429666425],[8.665969836433383,49.84160881181034],[8.665752863261948,49.84154961694408],[8.665709875970126,49.841536973293486],[8.6654619622562,49.84147003622599],[8.66527035346557,49.841418349753745],[8.665235839521287,49.841414924121466],[8.665050753313324,49.84139640762187],[8.664983761436732,49.84138964322145],[8.664019860052191,49.84129326676766],[8.663742178112962,49.84124714194509],[8.663573841528079,49.84121918049864],[8.662771145057079,49.84108589158771],[8.66271558079366,49.84107672548523],[8.662234037607469,49.84099677108623],[8.66198979650573,49.84100436056564],[8.661816291071148,49.84100977636028],[8.661207739905283,49.841028523046546],[8.661015673545078,49.84103120639757],[8.660841909559476,49.84103367257653],[8.660763453433198,49.841034795024584],[8.660711011492396,49.84103796751093],[8.660664271987764,49.841043509179435],[8.660645329280362,49.84104353484807],[8.660606522008127,49.84104774769537],[8.660371954999489,49.84106812514872],[8.660199833679279,49.84108297967169],[8.660116759490354,49.84109019927078],[8.658585880669241,49.8412078960672],[8.658497227475031,49.84119516931466],[8.658327670354542,49.841170630779374],[8.658230740605285,49.84115663557031],[8.658199991740215,49.84124448022396],[8.657401043258924,49.84115526802696],[8.657175472416792,49.84113012960026],[8.656895831168587,49.84107413987681],[8.656701025553652,49.84102234864423],[8.656540330849825,49.84097960852115],[8.656492381189578,49.84096689266493],[8.656421570999592,49.84094805198924],[8.655959017553569,49.840843412884205],[8.655921592512927,49.84080220042334]]]]}},{"type":"Feature","properties":{"id":"05","bez":"05 - West","bez_name":"West"},"geometry":{"type":"MultiPolygon","coordinates":[[[[8.638984298024534,49.845484351308535],[8.637697837515113,49.84225999115659],[8.637215772707222,49.84224247559967],[8.63623301397651,49.84220664992272],[8.63582284940154,49.84219216637573],[8.635649367981413,49.84218599684004],[8.635580895602859,49.842183591334674],[8.635523607969802,49.842181518400274],[8.633714521706253,49.842117381948675],[8.633540957146087,49.842111208994325],[8.633511588079246,49.84211016973362],[8.633411041604623,49.84210660696388],[8.63328606294819,49.84210215560752],[8.632907729805188,49.84209165625304],[8.632734044023692,49.842086779645044],[8.631526973644565,49.84205304241694],[8.631351184489258,49.84208633807953],[8.63118442002028,49.842117823442415],[8.629687745978593,49.842400761704006],[8.62936705629708,49.84245506145062],[8.629199028526891,49.84248359251622],[8.628966024252069,49.842523137145484],[8.628912053130394,49.84253242852191],[8.628664214724564,49.842574520934015],[8.628496019366038,49.84260296932274],[8.628238347521082,49.842646678773725],[8.626429409435675,49.84296778168225],[8.625951509036236,49.843035680329706],[8.62578172601646,49.84305976615553],[8.625085693556336,49.84315867523238],[8.624033784176738,49.84337921687123],[8.623889617689779,49.84338796998433],[8.623604494133565,49.84340532385129],[8.623510959905186,49.84341105011781],[8.623274237073321,49.843425315510416],[8.622976775693521,49.84344343894909],[8.622781891336926,49.843466140801965],[8.622712723049167,49.84347413598141],[8.622349231145902,49.843516406273196],[8.621874460613677,49.84357148116941],[8.621749551962365,49.84359346310494],[8.621581982286095,49.84362298512069],[8.62107103182977,49.843712820713975],[8.62082015134112,49.84375696852437],[8.620719546886763,49.84374979818856],[8.620117676707492,49.843706996418746],[8.619944909259221,49.84369472163772],[8.61965617374716,49.84367419741139],[8.619015745082383,49.843667362317916],[8.618915514292638,49.84366595124652],[8.618797319218698,49.843664183571356],[8.61736917008082,49.84365563867724],[8.617126480832503,49.843651349157646],[8.616952666132077,49.84364815202764],[8.616118513952328,49.843633278610724],[8.616104985337538,49.843632963405575],[8.616034215068353,49.8436317014827],[8.616022164002386,49.84363152636384],[8.615026165362345,49.843613621162234],[8.614984803055451,49.843826372778196],[8.614963244107486,49.84393786981585],[8.614905909479091,49.844233068560754],[8.613664627543956,49.8436488409294],[8.61363780508394,49.843636258874604],[8.613583980890795,49.84360208969853],[8.613304317496974,49.84342396144713],[8.613180265083571,49.84334518450884],[8.611765271967608,49.84244411918562],[8.610546569579498,49.84167803274802],[8.61042196534516,49.84159960249687],[8.610259193451746,49.84149732935941],[8.610182722670793,49.84151151180469],[8.609678715975733,49.84160529550366],[8.609511608204603,49.841636288858815],[8.607542388143848,49.84200260694179],[8.60750167887951,49.84201020266611],[8.607367481107723,49.84203519322549],[8.605507007139698,49.84089263893733],[8.603923609288666,49.839917462313146],[8.60158261350907,49.83847624370414],[8.599898946727114,49.83745058799841],[8.59870768646449,49.83671967748355],[8.59860157997237,49.8367053572448],[8.598523171486326,49.83669464809943],[8.598233330575436,49.8366554087115],[8.598127936426465,49.83711053942135],[8.598081645791325,49.8373105592239],[8.59804577035598,49.83746556576486],[8.598035531329066,49.837509470954814],[8.597996906711833,49.837676392770625],[8.596842605039406,49.83763639310685],[8.596826945040513,49.837701397909676],[8.59677872505024,49.83790124822438],[8.596763876298876,49.83796260538027],[8.59596890124588,49.83789856362951],[8.595658629257256,49.837873442827224],[8.595071286008324,49.83782609987636],[8.595081580988099,49.837785845601125],[8.595132734108423,49.837586330711346],[8.59514308477491,49.83754607662359],[8.594545672768593,49.83751575834658],[8.594233763812348,49.83749995694804],[8.594077084372366,49.83749202635481],[8.59405371730953,49.83749088994867],[8.593967582699197,49.83748669445025],[8.59380476693378,49.83747868791379],[8.593655669822247,49.83747140525014],[8.593562090079555,49.837466858866414],[8.593546223354075,49.83746615426222],[8.59350364221164,49.83746430140114],[8.593362553277363,49.83745677603853],[8.592158759716158,49.83731894013699],[8.591196962730177,49.83720801239437],[8.59020658047742,49.837093406276054],[8.590081350613056,49.83711075609997],[8.59002058829934,49.837061976591336],[8.590162995836444,49.83691989596255],[8.590374064378242,49.83602684742808],[8.590320356545288,49.83596532990798],[8.589770912762399,49.83582023464426],[8.58659624206148,49.835607639926934],[8.586527428648935,49.835604068516595],[8.585000450817297,49.835525818878956],[8.584675170680457,49.83551299943655],[8.584596477395415,49.835510067490986],[8.584037717949215,49.835487756375166],[8.58409030280371,49.835191365455444],[8.582653213903681,49.8349903462846],[8.582716595773975,49.83463629050868],[8.582640543953072,49.834650726710805],[8.582498199698028,49.83459575464174],[8.580059590343556,49.83434804329534],[8.579991456593095,49.834340333274774],[8.576218447195513,49.83391266545432],[8.576165357621823,49.83391038923372],[8.576083539701319,49.83387596498782],[8.575949829948124,49.833820340425426],[8.575261040478024,49.83353205503106],[8.575093634885258,49.83347990238269],[8.575056693889632,49.83346832884886],[8.574196752094839,49.83320023068662],[8.573264112980603,49.83302287670992],[8.573063869519874,49.832984715346846],[8.572634895633783,49.83290309478714],[8.572183753720727,49.832732319532006],[8.570934456952875,49.832259333983544],[8.569949183868168,49.83200993894686],[8.569567985004868,49.83196498888252],[8.568942764410021,49.831837441097456],[8.568581427302576,49.83172036358621],[8.568135044294722,49.83149410317351],[8.568080370951613,49.83146642634092],[8.567940397709174,49.831423721546756],[8.565597769073193,49.830709533938496],[8.565571482936265,49.830701539604455],[8.566097511303692,49.82959906853015],[8.566066528243777,49.8296017377146],[8.565601088318626,49.8296413662795],[8.565539773531052,49.82964870781185],[8.565232195752959,49.829685357140995],[8.565170880855142,49.82969269847786],[8.564602018494057,49.82976651978842],[8.564290780255027,49.829806857416656],[8.563753930425818,49.830259442765346],[8.563686161360781,49.83034233717046],[8.563600993542975,49.83064157099296],[8.563560472822664,49.831834227937804],[8.563539222090869,49.83246302819037],[8.563500393493934,49.83291259203553],[8.563453293886564,49.833149884056226],[8.563449140412793,49.83317128446423],[8.563444408643793,49.83319495409332],[8.563439497832794,49.83321992099027],[8.563424333352618,49.83329633431814],[8.56333807574336,49.83365697259539],[8.563222834155443,49.83404870627255],[8.562702589925593,49.83549930425611],[8.562148081585594,49.83704314083159],[8.562008339893428,49.8374337530085],[8.5619317295527,49.837647786106174],[8.5616962299113,49.838305492995765],[8.56168366615432,49.83834059806791],[8.561509117442766,49.83882823425545],[8.561069423894777,49.840075108403006],[8.560610096365352,49.84134956858054],[8.560594244201429,49.84139334103171],[8.560401705200253,49.84193039110872],[8.560001813018104,49.843003054877805],[8.560002649955305,49.84300305805453],[8.55997038397037,49.84309076287619],[8.55913728702264,49.84539552428839],[8.559089656044184,49.84552800340175],[8.558161540086118,49.848103556639394],[8.558218114354721,49.848104718667535],[8.55828911582308,49.84810566523708],[8.55834280286156,49.84815116246086],[8.560380651443056,49.84819000490154],[8.56059211080454,49.84819405146709],[8.56257534055259,49.84823183706765],[8.562681229591355,49.84819456929949],[8.562740853818182,49.84823500328373],[8.563074433525262,49.84788381648042],[8.563229169840127,49.847856656134226],[8.564823318068589,49.84803835995473],[8.566669510849872,49.848248700659965],[8.568481100638472,49.848455070441815],[8.5714206403976,49.84877915706977],[8.57143739740606,49.848831028406906],[8.571626408778558,49.84881504308296],[8.571752650018652,49.848797933252605],[8.572537645848008,49.84888703524989],[8.572804570268378,49.84891738505625],[8.57298525202185,49.84893789838654],[8.574133317599355,49.84906826502757],[8.573703979262449,49.85038220171516],[8.573692177210525,49.850426504540415],[8.573264904286555,49.85175664409932],[8.573250732115227,49.85180066774161],[8.572808157541983,49.8517489318924],[8.572539694186146,49.85256199275281],[8.573478108460801,49.852702570870804],[8.574351590440322,49.85283406079239],[8.574813220348549,49.85290340981681],[8.576118776978316,49.85309960956457],[8.576785744750705,49.85319977022683],[8.577941522198802,49.85344104667033],[8.580041532951117,49.85387872300004],[8.580933974898562,49.85397778350617],[8.58160056925204,49.85405263234266],[8.58162100446231,49.85405486932201],[8.581792820049063,49.85407390374606],[8.581689916038213,49.854412131854005],[8.582668344821421,49.85453747500319],[8.582561971646639,49.85488380347091],[8.582501018849287,49.85508216834351],[8.582478797456009,49.855154394222744],[8.582419198151289,49.85534781553372],[8.582393989790608,49.85542984628263],[8.582310609279864,49.855701490720755],[8.582328337705327,49.85570379894273],[8.582826613977897,49.855767272087384],[8.582561654749309,49.85656947079027],[8.585030322436175,49.85691298484203],[8.585148674521037,49.85692938925874],[8.588631779710235,49.85620373473928],[8.589088709593273,49.85643860521594],[8.589537800659597,49.85608064065616],[8.589605136631878,49.856113841225685],[8.589783545335111,49.85597172666844],[8.590651031509818,49.85641882247989],[8.59150147374782,49.85683386297087],[8.591500594169197,49.856838889375005],[8.591469074684767,49.85703568606805],[8.591130083968679,49.85751586312426],[8.59098167536575,49.85757845176992],[8.590954451103904,49.857930610188156],[8.59104572558388,49.85816334388194],[8.591138314205036,49.858366121438095],[8.59115615403404,49.85861998492302],[8.591036763391564,49.859555808237175],[8.591047555624883,49.85955679271849],[8.591185918435638,49.85956423007153],[8.59120044972973,49.85946936975828],[8.591205900680794,49.859431938123386],[8.591870461743294,49.859510452139766],[8.591937590601313,49.85946958714001],[8.592329368727532,49.85983100741781],[8.592334547427615,49.8598357847256],[8.593611157075193,49.860013405927326],[8.593610785201504,49.86001448623678],[8.593850409068175,49.86004774730498],[8.594156294604211,49.86009027132333],[8.594617729579857,49.86015451111603],[8.594589878644655,49.86026100668283],[8.59572419649454,49.86034208673249],[8.596794337520752,49.860418633085715],[8.597248926049367,49.860451147327915],[8.597560093249701,49.86047334638389],[8.598025533248862,49.860506598295814],[8.598078491125491,49.86080425245779],[8.598105925897574,49.861090217809],[8.598109312432275,49.86109579985396],[8.598219211627027,49.86128516554566],[8.598234592771862,49.86131171835927],[8.598283419352715,49.86154575924616],[8.598304312719979,49.86172210745261],[8.59832662660997,49.8620132737418],[8.598367454554941,49.86254905672474],[8.598382888497223,49.86275110130721],[8.598387922990709,49.86281715118289],[8.598369939236393,49.86291930125241],[8.598308527781507,49.863017974900714],[8.598215418407364,49.863102153224204],[8.597846065352723,49.86331235486423],[8.597840241348418,49.86331795904596],[8.5977526011958,49.863405481924026],[8.597677521313221,49.863529877219534],[8.59765548522111,49.86364253178391],[8.597651775772494,49.86377999182387],[8.597546515451807,49.86480572485161],[8.597525320120447,49.86489434345915],[8.59749910348114,49.86498262014553],[8.597457308904312,49.86506792238583],[8.59738193668861,49.8651431301389],[8.597276312087837,49.865201062171046],[8.597273376955565,49.865201592781446],[8.597142172668296,49.86522744716006],[8.597311446662545,49.865262241204334],[8.5976096484604,49.86532349531537],[8.597825847211588,49.86536783444512],[8.59858181071106,49.86547196360341],[8.598887960223244,49.86551420557026],[8.599037509025369,49.86553475972992],[8.599047104774696,49.86557256820944],[8.59906073194335,49.865625776557856],[8.599244232573442,49.865651801836634],[8.60185112715212,49.86602096033276],[8.601943802359283,49.866033690050244],[8.602359671231293,49.86609071196712],[8.602376062291974,49.86603549782666],[8.602389050752082,49.86599695587453],[8.602403184272676,49.86595492964984],[8.60246945155625,49.86575716786286],[8.602541464192816,49.86554287706812],[8.602420334051768,49.86552840079305],[8.60245540662567,49.86538028616462],[8.602515578348424,49.86520072859055],[8.602560877568855,49.864935537457804],[8.603263223843582,49.865002488195124],[8.603387221739633,49.86501429641296],[8.603381231907386,49.86504020756613],[8.60368427784903,49.86506963619185],[8.604285656575154,49.8651281504951],[8.605093302530435,49.865203913107884],[8.605552655403434,49.865247091857746],[8.605848628484136,49.86527478722014],[8.605847512616425,49.865285004657544],[8.605842382076696,49.86533238884978],[8.605828744109076,49.865457971685494],[8.605822960544197,49.865510139787105],[8.605807081461942,49.86565729314996],[8.605787344022257,49.86583953168582],[8.605784805516143,49.86589422556301],[8.605783126085143,49.86592910182767],[8.605776587246629,49.86606720139711],[8.605772713079274,49.86614882285884],[8.605766804405427,49.8662746482741],[8.605760075074125,49.86641899349333],[8.605758404187712,49.86645281521233],[8.605756088503103,49.86650412980485],[8.605753257783894,49.86656385217501],[8.60721692338078,49.866802015528414],[8.609817913975812,49.8671777347612],[8.610360963820247,49.8672531917609],[8.611923597906623,49.86747023932436],[8.612761783794017,49.86758339328196],[8.613061828238695,49.867624360575995],[8.613355960614658,49.867657709058605],[8.613653201441393,49.86767584347614],[8.61377033989202,49.867677423531376],[8.614032946086189,49.86768089392174],[8.614342132950746,49.867678137165676],[8.614642532463083,49.867667697979556],[8.614904532166074,49.86766670273406],[8.615201948251391,49.867673395725014],[8.615519718334225,49.867693486309626],[8.615769741222993,49.867720922802164],[8.615893689588505,49.867740234661426],[8.61598147881322,49.86775399153065],[8.616249092898116,49.867794843149895],[8.616481254561894,49.8678431481597],[8.618086229279744,49.86818336701296],[8.61866230577677,49.868310865284435],[8.619062084856017,49.86839208351148],[8.619190563449294,49.868410730718786],[8.62001639385848,49.8685303623812],[8.621625167414269,49.868754839298255],[8.622217381069714,49.86883748569503],[8.622587700694314,49.86888912186093],[8.623730980154262,49.86904869795586],[8.627129747878454,49.86951906540838],[8.62770157457796,49.86959813000276],[8.62836395303331,49.86968859561027],[8.628918614096431,49.86976432730069],[8.629608380176789,49.86985855092074],[8.629915246162955,49.86990549928564],[8.630235447592092,49.869949866463],[8.630769792321358,49.87002200925935],[8.630881669611842,49.87003712947427],[8.6315644506747,49.87012953455022],[8.632538892986982,49.87026136567522],[8.63299892151379,49.870324366384494],[8.633092171545396,49.87033707299786],[8.63335552349276,49.870373166593815],[8.633958853670038,49.87045281368085],[8.63704247688935,49.870880469206874],[8.63839279587357,49.87106466843597],[8.639171478147484,49.871170415213825],[8.639710716382584,49.87124501969555],[8.639863366831205,49.87126609862376],[8.640731948111465,49.8713861209664],[8.641549083127586,49.871498974330585],[8.641643857190159,49.87132518219161],[8.641849476716509,49.87072165727712],[8.641876157470577,49.870643160726644],[8.642052137432376,49.87014007948965],[8.642094881718684,49.87001066159743],[8.642344384404597,49.86925408808633],[8.642419679025707,49.86902577608241],[8.642497199444984,49.86879079194071],[8.642637107290634,49.86836644783127],[8.642829617529035,49.86778088929949],[8.642917446897021,49.8675138397944],[8.642930866266799,49.867473104405725],[8.643260363344417,49.86646697695706],[8.64329121336871,49.86638265215783],[8.64336137562541,49.86619055760797],[8.643377584762511,49.86614612622349],[8.643394557147653,49.866092800935064],[8.643554823254924,49.86558901974969],[8.643678713102307,49.86519964207285],[8.643704801608525,49.86511735757332],[8.643746229360223,49.86499875103203],[8.643925055247067,49.86448653562808],[8.644019826681044,49.86421509890182],[8.644157760650803,49.86382024753088],[8.644172876954809,49.863760994590216],[8.644333636545069,49.86313080032859],[8.64446686901174,49.86195344226152],[8.64459450225954,49.860777553859165],[8.644633264611466,49.86042033517669],[8.644636167854292,49.860393601222675],[8.644624511154698,49.86015263644579],[8.644599320435676,49.85962611164859],[8.644592209628707,49.85947693555309],[8.644581462153404,49.859252846668994],[8.644440953397806,49.85864314371275],[8.644419562415086,49.8585499242558],[8.644392229534228,49.858403146762306],[8.644389192080842,49.858379720540434],[8.64437634787208,49.85828176819304],[8.644369054329825,49.858089164754524],[8.644360085171273,49.85785110141063],[8.64434467050536,49.85744561172421],[8.6443424041777,49.857385575282365],[8.644305965084513,49.85722487108177],[8.644237791222874,49.85692418994818],[8.644195084689791,49.856735398620614],[8.644048469904218,49.85618356949029],[8.643986936529084,49.85595183431057],[8.643916686091814,49.85568740760928],[8.643788231688848,49.85527015942014],[8.6436127504113,49.854797090474015],[8.643430527962177,49.85435320403812],[8.643341592826946,49.854129604413565],[8.643247630088812,49.853861264538374],[8.643159449408886,49.853599864695596],[8.64278286034444,49.85256043730652],[8.642686813957104,49.85227275663843],[8.642542640703757,49.851832879674454],[8.642501289385942,49.85170017338721],[8.642438320621995,49.851498339383085],[8.64241632226309,49.85143921542989],[8.6423608597162,49.85125635980538],[8.642304368991251,49.85109188840768],[8.642235934563578,49.85090115098708],[8.642184343549902,49.85077233381252],[8.64208353542713,49.850544748536365],[8.642001224987256,49.85037800698214],[8.641915475332816,49.85021230931444],[8.641798950168065,49.85001252677438],[8.641696764862631,49.849839585415516],[8.641597249298847,49.84967549440845],[8.641485518663865,49.849521965351826],[8.641464238496736,49.84948296143668],[8.641133682581023,49.84899229196787],[8.640913079902946,49.84866185175634],[8.640722134048312,49.84835102615571],[8.640559954618892,49.84806313851942],[8.6403305806004,49.847637406761415],[8.64028723654024,49.84755269003361],[8.640184571599985,49.84735181307927],[8.639963215650887,49.846880488332616],[8.638984298024534,49.845484351308535]]]]}},{"type":"Feature","properties":{"id":"06","bez":"06 - Arheilgen","bez_name":"Arheilgen"},"geometry":{"type":"MultiPolygon","coordinates":[[[[8.663120577857047,49.89770366548907],[8.662750927426005,49.8977145968372],[8.662473237297407,49.897711544571344],[8.66220128657394,49.897714538305046],[8.661992301010644,49.89772406937776],[8.661560350187822,49.89775715045288],[8.660774933107778,49.89782702557148],[8.66061686009923,49.897841083589086],[8.660404353044493,49.89785479271174],[8.660120838452622,49.89785774770135],[8.659801080625392,49.89784729193955],[8.659117003555597,49.89782027091961],[8.658988950328252,49.897815216480204],[8.658132637596017,49.89779071151819],[8.65811152743665,49.897789973278144],[8.65803417811025,49.897787446793565],[8.656914819787909,49.897750881097984],[8.656325856093721,49.8977345894997],[8.656040882948668,49.89772668710428],[8.655800282404115,49.897720024369896],[8.655672498136626,49.89771650835253],[8.655522688107048,49.897715333336514],[8.655387469557088,49.897716418780284],[8.655274169305324,49.89772633022437],[8.655132670672947,49.89775032672075],[8.654912347145652,49.89781421603033],[8.654616930332752,49.89789986489962],[8.654907286463672,49.89931481908732],[8.65484884386969,49.89932018837549],[8.654836573619548,49.899321368658505],[8.654801357036728,49.8993246168041],[8.654765162296382,49.89932794314721],[8.652288133668572,49.89955708914008],[8.652115877480483,49.899573066971215],[8.65182201105475,49.899600225601716],[8.651778409176334,49.899604231815445],[8.650942729254018,49.89968154176108],[8.649433778822814,49.899821384060125],[8.64926154870353,49.89983735773094],[8.649177278222076,49.89984518781022],[8.649163191210077,49.8998464971973],[8.64904960090347,49.89985702360636],[8.648946798969725,49.8998666091203],[8.648942690565018,49.8998669482043],[8.64891236386742,49.89986983080348],[8.648535618959434,49.899904923308824],[8.648489248620892,49.89990929845681],[8.648458754284299,49.89991218042922],[8.648031390035772,49.899952012092896],[8.64783766448409,49.89997005457336],[8.647665460267117,49.899986161153315],[8.646380316673145,49.900105687428244],[8.646322369166752,49.9001080254375],[8.646039921134683,49.90013506904236],[8.645867377405203,49.90015160455814],[8.645313408046292,49.90020477588136],[8.644373462446424,49.90029012901333],[8.644237677185238,49.900302691770456],[8.644065360678708,49.900318549299875],[8.643563167951847,49.90036484074578],[8.64351700741201,49.90003735126822],[8.64350115721878,49.89992538351796],[8.643432282384783,49.899435853864695],[8.643334164456983,49.89871907016098],[8.643312272100692,49.89855919572427],[8.643239439354199,49.89801981871982],[8.64322437267464,49.897907826261935],[8.643190546718513,49.897658141854805],[8.642922694054189,49.89636009435291],[8.642786934514408,49.89635169938932],[8.642602682309453,49.896332906609864],[8.642006155794373,49.89627722963891],[8.641672284380826,49.89626616653619],[8.64149852142503,49.89626043775656],[8.641411430696898,49.89625754558187],[8.641224481646384,49.89624474518081],[8.64104987324023,49.89623252348156],[8.64054818005739,49.896198088622945],[8.640280305596136,49.89617968187286],[8.6402219900228,49.89617576941914],[8.640210517307803,49.89617492261932],[8.640152062504093,49.89617095561817],[8.639975638667126,49.8961588077874],[8.63990682774696,49.8961540784256],[8.639753656989551,49.896162336642135],[8.639508618354128,49.89617539264252],[8.639323036522827,49.89618536121644],[8.639195934662222,49.89619215848955],[8.63906570332545,49.896199135163585],[8.638813902115208,49.89621262832918],[8.63861236596874,49.896223438395516],[8.638428739603896,49.89623330347206],[8.638268302202144,49.8962421589918],[8.638095014028996,49.89625143386597],[8.637557072453276,49.896280092759355],[8.637505689576816,49.89628282544053],[8.637332401523215,49.89629204509536],[8.637079258373843,49.896305584378155],[8.636577558030629,49.89643599600442],[8.636506478514368,49.896454403868276],[8.636345204190834,49.8964964323464],[8.635775218437887,49.8966444998623],[8.635718045330396,49.89665946274424],[8.635556658538023,49.896701408651694],[8.635053661195421,49.896832350409575],[8.634623813807533,49.896944240880956],[8.634431165204832,49.89699441507578],[8.634253935501137,49.897040635644316],[8.633784015080316,49.89716223920985],[8.634967274347558,49.89812070284599],[8.63471370686285,49.898633044800214],[8.634271309300857,49.89878826676719],[8.634207933534661,49.898810483132074],[8.633415548472959,49.89908838697455],[8.632502701722727,49.89957757376238],[8.632459175431553,49.89965598736126],[8.63244045475106,49.89968994449465],[8.632318907086688,49.89990912493065],[8.632265720289542,49.90000532725966],[8.632227545162317,49.900074158494064],[8.632160143342192,49.90019573339867],[8.632130377367512,49.9002496110485],[8.631994494562813,49.90049492048138],[8.631784254302026,49.900721984947545],[8.631623412892736,49.900895504293885],[8.631404298981918,49.901131949829],[8.631051321155685,49.90130369477307],[8.630801235773099,49.9014253094207],[8.630294753405165,49.90167154546423],[8.629832697912766,49.90172182623238],[8.629523784979583,49.90175536996361],[8.629245036806623,49.90178554818342],[8.62916153212591,49.901794637053904],[8.628972800603242,49.90181520576639],[8.628776214204661,49.901836506150126],[8.628167090800025,49.902090137748566],[8.627903902225235,49.90219972535767],[8.627226030014945,49.90248187502552],[8.627212352531377,49.9028032297803],[8.627210469936509,49.902848164386285],[8.627203671121327,49.90300546187017],[8.627192117955582,49.903275852825246],[8.627422579745753,49.903894784336565],[8.627495844362054,49.90409146603761],[8.627672288870095,49.904565207384636],[8.627885498236095,49.905137059707315],[8.627958906260448,49.905333741530285],[8.62814754278438,49.90583975294795],[8.628178471570632,49.90592273000122],[8.628158512514174,49.90601895577245],[8.628152129968864,49.906049761011396],[8.628125928523378,49.906176711342106],[8.628084244352028,49.90637716105624],[8.628068026965336,49.90645539010477],[8.628306199714752,49.90666319969402],[8.628492593444424,49.90682584821392],[8.62868334578875,49.90699221487632],[8.628893563778039,49.907192254339066],[8.629069534355542,49.90735946537207],[8.629232554235482,49.90751438556936],[8.629271048905608,49.90755098570973],[8.629281421500549,49.90756083441908],[8.629374358499891,49.907649146948785],[8.629550387232674,49.90781649262214],[8.629617864646253,49.90788065794769],[8.629768634127965,49.90822768506327],[8.629798970423497,49.908297383075265],[8.630098320273488,49.908986400125166],[8.630456659591212,49.909809993464016],[8.630472009683073,49.90984492407065],[8.630633116575614,49.91021542661353],[8.628303387415611,49.910875250786],[8.628118454207,49.91092765644393],[8.628096167041932,49.91093396642986],[8.627990380441426,49.91095022973817],[8.627287285190183,49.911059945143705],[8.626982785387877,49.91110739488726],[8.626050904705021,49.911252627419884],[8.62603160812461,49.9112767930973],[8.625766676006664,49.91160820682306],[8.625622993839892,49.91178801920042],[8.625397610122505,49.91206986008305],[8.625368579928741,49.91222519259875],[8.62533092750306,49.91242597863414],[8.625257766876755,49.91281752571419],[8.625189195022928,49.91320084033512],[8.625153272642908,49.91340171299194],[8.6250830273455,49.9137952432456],[8.624945152231136,49.913765513057385],[8.624647897931894,49.91370130466094],[8.624538222534474,49.913677722227746],[8.624526625686572,49.91369956008893],[8.62431869064947,49.91409267103795],[8.624217374624195,49.914284029744806],[8.624183263382998,49.91434830158119],[8.62417384800844,49.91436622566612],[8.624026521236498,49.91433378679442],[8.623742447785343,49.91427015961709],[8.623446465477521,49.91420387019062],[8.62321954226816,49.91415308202395],[8.622834840193583,49.91406687167911],[8.622538720479143,49.91400060652438],[8.622378932936401,49.91396482611111],[8.622381492711117,49.913951882258445],[8.6224067202777,49.91382690413139],[8.622447262607864,49.91362626369009],[8.622505846866725,49.91333699055903],[8.622511138976167,49.91331045444553],[8.621910654241466,49.9132011763105],[8.621609087825894,49.913146274874606],[8.621072720878846,49.91304855840488],[8.620639760250596,49.91296848339421],[8.62033867849212,49.91291271495314],[8.620084745128029,49.91286578005427],[8.61954274064524,49.912725449927294],[8.619251929041482,49.91265018942455],[8.618974362586625,49.91257832467674],[8.618971353590487,49.91260562525706],[8.618945996682285,49.91284170987267],[8.618903446899626,49.9132350570646],[8.61890133159496,49.91325530312048],[8.618895088238036,49.91331366209902],[8.618895110091946,49.91332861532537],[8.6188953084336,49.91339207900326],[8.618899949685655,49.91576696834296],[8.620827229865789,49.916022486638425],[8.622908309472948,49.916318519366605],[8.625397399191947,49.9167137182774],[8.625461202995607,49.91668669502542],[8.62544412410185,49.91674888604726],[8.625427188218639,49.91681064488717],[8.625282688632458,49.917364174464566],[8.625230735513519,49.91756367024493],[8.625220830345304,49.91760149429121],[8.625111458011043,49.91802055883015],[8.625087671644977,49.918111633903465],[8.625094277447374,49.91814258905979],[8.625122850947111,49.9182773948848],[8.625129455326611,49.918308539313855],[8.625156634331475,49.918435823489226],[8.62515757790971,49.918440261104735],[8.625183585122864,49.91856372883855],[8.625209704653455,49.91868714284669],[8.625235255142144,49.918808283644566],[8.625255685620964,49.91890504482069],[8.625298048497983,49.919106711059214],[8.62531271482505,49.91917568348431],[8.625343302424826,49.91932117654906],[8.625360392953827,49.919401865129984],[8.625374921631561,49.919470593738595],[8.625402437724956,49.91960142116236],[8.625416805780038,49.919669256923484],[8.62543079441265,49.91973557721496],[8.625467055245169,49.919844990117035],[8.62547440021529,49.91986715961984],[8.625576913563158,49.92030505234494],[8.625623623095809,49.920505055964576],[8.625758193816111,49.92107971223163],[8.625791687618507,49.92122191562307],[8.62593744722458,49.92184619910306],[8.62598415949438,49.92204622957034],[8.626252892897721,49.923196702135385],[8.626269702280766,49.92324183200363],[8.626318637047591,49.9232342291968],[8.626372828273098,49.92322626474298],[8.62652219725848,49.9232042485493],[8.626584194091759,49.92319511937168],[8.626841134452237,49.92315719801561],[8.62701084255172,49.92313213702995],[8.628214406799016,49.92295421145043],[8.628377902588058,49.9229300749507],[8.629567947601611,49.92275368736909],[8.629737626189929,49.92272846005987],[8.631305005972942,49.92249615017853],[8.631414673442034,49.92247984211043],[8.63141590875358,49.92251940557534],[8.63141689513787,49.92255496632703],[8.631429393081591,49.92296460814408],[8.631432644948585,49.923076888602154],[8.631451615632885,49.92370054557162],[8.631452706214317,49.92373710712704],[8.631524461495964,49.923727222158355],[8.63167296384643,49.923705142500154],[8.631818500630402,49.9236834858777],[8.632159288056593,49.923632893766175],[8.632342733001412,49.923605624227854],[8.632650730441897,49.9235599020844],[8.633009645375582,49.923506579769004],[8.633873762344281,49.92337827497524],[8.634572216414062,49.92327580589919],[8.634731040173714,49.92325207836592],[8.634918818122616,49.923224223520016],[8.635565269863251,49.92312812844119],[8.635942139463381,49.92307209538822],[8.636274050617896,49.92302270716588],[8.636316574396195,49.92301640499643],[8.636468821211844,49.922993763100216],[8.636967357055502,49.92291963968451],[8.637435872961408,49.92284999004559],[8.637558939678804,49.92283169005586],[8.637561432075158,49.92286825593588],[8.637568288176706,49.922911703614204],[8.637581144713643,49.922993458693355],[8.63762368131541,49.923261287675274],[8.637641398960094,49.9233730723375],[8.637702455191919,49.92375766379058],[8.637709259908178,49.92380054345307],[8.63777643086552,49.92379439885763],[8.638191265534283,49.923755350027484],[8.639623047785724,49.92362044358454],[8.639678110755607,49.92361526074496],[8.639776211789991,49.92360602035969],[8.640965614597597,49.92349389612347],[8.641095678307476,49.92348172508352],[8.641423817909677,49.92345069766],[8.641519289087647,49.923441772149886],[8.641758388753688,49.92341909429344],[8.642139799909925,49.92338309177893],[8.642782346102845,49.9233222316398],[8.643751740700438,49.923230492203324],[8.644087847468011,49.92319861643603],[8.64416298792881,49.923191546198574],[8.644591125455072,49.923150946975866],[8.644720824470252,49.92313871667381],[8.645084362681802,49.92310429916641],[8.645437329475431,49.92307092980219],[8.646495892226637,49.92297073311657],[8.64674879560709,49.92295138592739],[8.646896002925743,49.92395082702927],[8.647037266194184,49.92494227287896],[8.647106162785636,49.9254386123143],[8.64711479212723,49.9255006953503],[8.647265087744753,49.9254470996021],[8.647503548828494,49.9253520219037],[8.649005361800093,49.92480855706661],[8.649383934358015,49.92467150072561],[8.649736383105559,49.92452952409685],[8.649781768980112,49.924513842757854],[8.649879545547197,49.92447993237341],[8.64994734465902,49.92445642294994],[8.64999771664877,49.92440436074253],[8.650434423594524,49.923952433397424],[8.650570445084886,49.92381177562498],[8.65122692068383,49.923132614065686],[8.651234522836734,49.92312471420659],[8.651293860886172,49.92307673438856],[8.651372181352482,49.92303540936178],[8.652115434193918,49.922825674596616],[8.652188154826234,49.92280512598183],[8.652958085707397,49.92258789461608],[8.65298233519592,49.92258101789445],[8.653409720317965,49.92246037250694],[8.653811936900855,49.92240443826611],[8.653856289021409,49.922411682166015],[8.653901701673142,49.92241911849373],[8.653922049637686,49.922422424013625],[8.653955265091637,49.9224278229634],[8.654008747213199,49.922436175645736],[8.654300796523419,49.92255732045495],[8.65443540684183,49.92258067857191],[8.654574415305794,49.92258298547088],[8.654660280500682,49.922568585494965],[8.654707480156238,49.9225606140271],[8.654879775010178,49.92253100429433],[8.654899106767418,49.92252792517841],[8.655093355154559,49.92248023660929],[8.655139323719967,49.92244895282338],[8.65550512790619,49.92220065002088],[8.656322865040853,49.921835440208156],[8.656490938095411,49.92180170549016],[8.656835486133525,49.9216567094521],[8.65691380063781,49.9215364779277],[8.6571594313101,49.92152043948829],[8.65723381712007,49.92148910366908],[8.657288807102015,49.921466011771244],[8.657452127092146,49.92147968978328],[8.658201244909145,49.92167434363344],[8.659285669224007,49.92174256566916],[8.659860494955065,49.9216811415675],[8.65988849219316,49.921677573273634],[8.659915426809132,49.92167411001709],[8.660177167742285,49.9216520013855],[8.660503912351182,49.92156937765647],[8.661305933879419,49.92170140644336],[8.6615377593851,49.92183306498427],[8.661583044358439,49.92185883105261],[8.661639125881816,49.92188316844191],[8.662223817315091,49.92213731821434],[8.662586910156682,49.92213980823733],[8.662750485828127,49.92220950640521],[8.662776469863184,49.92228223843675],[8.662783305968361,49.922311758951786],[8.662977863408642,49.922318705917995],[8.663054830824677,49.922321552431484],[8.66357033551906,49.92233597406491],[8.663624537369957,49.92240175735477],[8.663938117180185,49.92264102398439],[8.664105618595622,49.922544408589644],[8.664161738739356,49.922587618783915],[8.664424135169778,49.922435277842204],[8.664518710279898,49.92237738841542],[8.664548678898852,49.922359547580776],[8.664381023584214,49.92224508895145],[8.664407231010836,49.92209679631668],[8.664541768712123,49.922102945053105],[8.664736284509246,49.92211178174965],[8.665801918256381,49.92216020339634],[8.66599637901034,49.92216898374038],[8.666153210021042,49.92217611416665],[8.66629601352257,49.92217506498128],[8.666490963353814,49.92217373294412],[8.666599756484981,49.92217296413932],[8.666654740465399,49.922166416267636],[8.666978044063793,49.922127866658116],[8.667281041943577,49.92218119388667],[8.667469131933219,49.922214316521476],[8.667716141637039,49.922257828791764],[8.667751719652044,49.92226528559775],[8.66793705923846,49.922304294312596],[8.66799950914259,49.922317398216336],[8.668227039820417,49.92236536931398],[8.668417766332743,49.92240542018904],[8.668542246981866,49.92243170736629],[8.668611729300586,49.922446264157365],[8.668797125798474,49.92248532573798],[8.668808343582732,49.92248765617178],[8.669020975363411,49.92253241948326],[8.66906253345238,49.92254403007126],[8.669098848241422,49.92255413848505],[8.6691149418463,49.92255859191987],[8.669293978127767,49.92260839647671],[8.669441469416817,49.92264940397462],[8.669584470068257,49.92268920873131],[8.66976345180096,49.92273895832613],[8.669886371140837,49.92277313529017],[8.670024519631891,49.92281154665234],[8.670134469958384,49.92284206309449],[8.670317496273698,49.922893067175096],[8.670727760726983,49.92300712463216],[8.670906827917273,49.923056980860366],[8.671055605188638,49.923098314428955],[8.67136999738939,49.923141928876895],[8.67156065414552,49.92316840030057],[8.671715352353168,49.92318979427578],[8.671847955155,49.923205744571874],[8.671902347604618,49.923212306934566],[8.672275975538243,49.92325730328249],[8.672467858502099,49.923280288519734],[8.673075588334175,49.92335355099802],[8.67369892904327,49.92342863884975],[8.673890645706598,49.92345162126337],[8.674615208140414,49.92353894043035],[8.674811854544293,49.92353543596312],[8.674813670951618,49.923535441056],[8.674847865905054,49.92353277884875],[8.674875434135924,49.923530665894745],[8.675398646136642,49.92349008424832],[8.675754712740353,49.92346263418631],[8.675948305989094,49.92344762726219],[8.676222478586457,49.92342643651737],[8.67659462454762,49.92341392779717],[8.676952101035232,49.92335094744822],[8.677238732248286,49.923301045496515],[8.677487491632203,49.923260366325415],[8.677844994498399,49.92319727513791],[8.678113235574342,49.92315583753758],[8.678365485645791,49.9231153013713],[8.67839201084579,49.92311029141036],[8.678807937266336,49.923044060368554],[8.679022093905054,49.92300823039036],[8.679594284718409,49.92289167483473],[8.679831101874528,49.92284341348821],[8.680175539976448,49.92277314049331],[8.680619033750013,49.922682859303684],[8.680956584946422,49.922614133343174],[8.681135476101593,49.92257766164679],[8.681437236977398,49.92251616371942],[8.682423411404052,49.92231512196096],[8.6827243141323,49.92223485258196],[8.682887868368075,49.92221856213744],[8.684480383476282,49.9218309878825],[8.68476834828981,49.92174540520206],[8.686633914791745,49.92128677906806],[8.687256230403223,49.921109075546774],[8.688267996790472,49.921108527599046],[8.688325928957847,49.9211078180179],[8.689494585372923,49.92110519320296],[8.690385763452158,49.92112809906188],[8.690714190171633,49.921049072186975],[8.691966533918471,49.92056006094653],[8.693457438631675,49.92032116498166],[8.693526049977763,49.920310719591704],[8.694320947976584,49.92024559598279],[8.695903087540625,49.92022982672063],[8.69644402184154,49.920326586821254],[8.69655125367558,49.920346768871205],[8.697154129742074,49.92042751779111],[8.698729068741448,49.920662243724614],[8.699364708432324,49.920724030094625],[8.699472989608308,49.92056674870717],[8.699474905201553,49.92052830280471],[8.699481387806903,49.92040247548579],[8.69948202229997,49.920390309133914],[8.69951997797423,49.920294523668375],[8.699539198310497,49.92024582035887],[8.699455393106293,49.920178895556155],[8.699160104141605,49.919942827950734],[8.69903765171768,49.91984494995347],[8.69885008141915,49.919695013006844],[8.698787437778005,49.91964493449731],[8.698743589729958,49.919609939014656],[8.69836013621888,49.919371287818606],[8.69821984988765,49.91928388111973],[8.697882606154725,49.91907406503734],[8.69771536702509,49.9189716343886],[8.69757401682209,49.91888492716778],[8.696959768791006,49.91850833307897],[8.696817655916197,49.91841445733411],[8.69611945437741,49.9179533014835],[8.695983160737432,49.91786322555264],[8.695683860832574,49.91766558935165],[8.695591557790928,49.91759634102078],[8.695464436494944,49.91750096166687],[8.695439463752493,49.9174820762449],[8.695371606604805,49.91743117097492],[8.695077139392302,49.9171060522457],[8.695058403632537,49.91709069833935],[8.694937592936265,49.91699192794939],[8.694925806345228,49.91698232478209],[8.694533376467911,49.916538782061274],[8.694436524654604,49.91642944751644],[8.694148998195399,49.91610447985179],[8.694042245851278,49.91600574558321],[8.694012083969724,49.91598141111536],[8.693889989497068,49.915883177024575],[8.69355795897593,49.91561576673725],[8.693204595629902,49.91532915472041],[8.692935906386252,49.91511125819941],[8.692632312055261,49.91486858100338],[8.692572406269207,49.91479417032344],[8.692545847907207,49.9146954849641],[8.692174098995352,49.91459098963509],[8.692239002186989,49.91439368860968],[8.692120862282874,49.91430306136422],[8.691159714085947,49.914051710523395],[8.690545583744791,49.91384873342156],[8.690142274908691,49.91370047769681],[8.68963368209942,49.913466789804225],[8.689010596351915,49.913133582835435],[8.688550767345356,49.912800324321786],[8.6880641544934,49.91247956553723],[8.687936238231773,49.91239485650014],[8.687512097648641,49.912114039349184],[8.686830751341601,49.91170516778353],[8.685813295670098,49.9110162477491],[8.685542141799056,49.910833857828564],[8.684790916708854,49.910328440983655],[8.683669099091889,49.909573997625806],[8.68222593566069,49.908623406974314],[8.682065014743895,49.90851380521628],[8.681931017117154,49.90842244799482],[8.681088659735757,49.90784856188644],[8.679869162083863,49.907071802084104],[8.677471306693905,49.905285705258095],[8.677423293345363,49.905251230822024],[8.677373140316817,49.90521507392867],[8.67651059972648,49.904592939633766],[8.675512453417713,49.90386380044561],[8.674660479502789,49.90324763059009],[8.6742883465256,49.902940978960295],[8.674008675052129,49.90270924374839],[8.673986373745675,49.90269009075464],[8.673964538200723,49.90267229107027],[8.673934868124805,49.90264816901336],[8.673669074005318,49.90245914124303],[8.673648808399948,49.902444671846794],[8.673632656390907,49.9024332425139],[8.673470695640836,49.90231808253608],[8.673298116613111,49.90219532119068],[8.67327793429585,49.90218096012381],[8.673187419902296,49.90211653894194],[8.67238851862418,49.90159576395828],[8.67219976773926,49.90146538404454],[8.671821459052596,49.90117990635558],[8.671636183037528,49.90104009835373],[8.670458874136884,49.900173665865296],[8.66972940787641,49.89964179391343],[8.669430882884397,49.89942418985125],[8.668389557221172,49.89866063265463],[8.668316450504795,49.898499345656326],[8.668288632901659,49.89843802024386],[8.668190645954155,49.89842665346446],[8.668135638175842,49.898420276829164],[8.668028885672218,49.89840823586442],[8.6680017415055,49.89840350725538],[8.667663795412826,49.898344267791266],[8.667533303131274,49.898319882122166],[8.667366045360898,49.898288657863674],[8.667173263939281,49.898252682171005],[8.667027359642956,49.898199129498586],[8.666876078390223,49.89814364134773],[8.666698609216573,49.898078505532375],[8.666348977209713,49.89803761591612],[8.666285961118792,49.898030214876066],[8.666029012753773,49.89800008254511],[8.66588877714373,49.897983400432736],[8.665874014154173,49.8979816273292],[8.665702799779934,49.897961475713],[8.66567388735338,49.89795806642611],[8.665603559624259,49.89794980569123],[8.665489639971302,49.89793641675301],[8.665374798935453,49.89791491301064],[8.665207711551268,49.897883686126185],[8.664982045432431,49.8978416359746],[8.664927149690078,49.89783133732321],[8.66461562588388,49.89777319283243],[8.664419058504743,49.89775612968317],[8.663120577857047,49.89770366548907]]]]}},{"type":"Feature","properties":{"id":"07","bez":"07 - Eberstadt","bez_name":"Eberstadt"},"geometry":{"type":"MultiPolygon","coordinates":[[[[8.672488936448088,49.83420279878312],[8.672506902908841,49.834140413247226],[8.672531496097008,49.83405500800274],[8.672568060725421,49.83397709972079],[8.672615213077956,49.833838948262326],[8.67264418036807,49.83375425839415],[8.672711844514009,49.83355667591788],[8.672749974494126,49.83344510668286],[8.672842962956343,49.83317336968637],[8.673107731538087,49.832932348346425],[8.673119186985714,49.832846716627465],[8.67314592750208,49.832645232799834],[8.673158772836127,49.832547869452675],[8.673169752789972,49.8324458498918],[8.673180918271017,49.83234112680982],[8.673189366046241,49.83226303087094],[8.673196808069079,49.832193449825525],[8.67320267296313,49.83216750756225],[8.673215151609893,49.83211210989165],[8.673231452451692,49.83204001201745],[8.673246372713526,49.8319741025036],[8.67327405929056,49.831851471138265],[8.673284754197422,49.83180412647362],[8.673295712313344,49.83175497084156],[8.673309915797367,49.831691925580394],[8.673319256737821,49.83165095863381],[8.673336219280618,49.83159238281302],[8.67334418865156,49.831564553641456],[8.673379041489616,49.83127648211625],[8.673403522463746,49.83107474844535],[8.673410431239347,49.83101801006944],[8.673740047728746,49.831065123336714],[8.673702005301806,49.83075386213435],[8.67345094525949,49.83067608992648],[8.673415284327648,49.83063694308895],[8.673381506940155,49.83059974845793],[8.673158325695445,49.83035437650282],[8.67285136585047,49.83021579368324],[8.672785380452085,49.83018599816601],[8.672208839555097,49.829925565293784],[8.672304121171845,49.829809236384186],[8.672329404058303,49.82977834656993],[8.672541593310054,49.829519114742396],[8.672567695103448,49.82899089962056],[8.672831843410485,49.8285202496567],[8.672928411241848,49.82824562914482],[8.672846457176574,49.8279745338369],[8.673028451062835,49.827621277342786],[8.673098067522712,49.82747183192478],[8.673200680739171,49.8274129297596],[8.673434155894432,49.82727898048356],[8.674214114819199,49.82730480863594],[8.67422153309874,49.827279952283575],[8.674431314178126,49.826578544867516],[8.674496729525114,49.82636021478308],[8.673860510371107,49.82585977358547],[8.673197951038102,49.82546260316668],[8.672359263538711,49.82515970797092],[8.672137220066878,49.82496501081245],[8.672019047666906,49.824813736700804],[8.672021018325522,49.824790379328334],[8.672058222075162,49.82452624531191],[8.6720616981458,49.82446170958948],[8.672069108966296,49.82432666349992],[8.672100255438894,49.82376206582769],[8.672157682678762,49.823451614560696],[8.672200870882037,49.82321778267752],[8.672197502986224,49.823159041279496],[8.672185845585348,49.822956880887375],[8.672160310454775,49.822513885939784],[8.67216832150689,49.82250452555853],[8.672300515993008,49.82235028202362],[8.672338602835346,49.82230585405816],[8.67243715560157,49.822260353114714],[8.672691857048411,49.8221430410209],[8.672805822803069,49.82209041756395],[8.673431727233895,49.82173624911716],[8.673482703169075,49.821707351272096],[8.6738065421788,49.821633820693215],[8.67410166823102,49.82156694155598],[8.674240420051348,49.821535396814795],[8.674499377528585,49.82147663530789],[8.675781054668846,49.821002530678705],[8.676478466453458,49.820842561091574],[8.676598080695653,49.82084092094499],[8.676910880032368,49.82083652039971],[8.677579872213697,49.82082726964344],[8.677837050236537,49.8208673286314],[8.678141140472366,49.820914683050006],[8.679174651438638,49.82107549172033],[8.6792716294488,49.82111921413561],[8.679528227213869,49.821234899937146],[8.679601767773434,49.821268011489444],[8.679586375548313,49.82121718695052],[8.679512837197315,49.820972673047116],[8.679453134182163,49.82077411205973],[8.679401998094255,49.82060426466551],[8.679392983787812,49.81990481099039],[8.679402894336972,49.8198820162471],[8.679427344699528,49.81984482210706],[8.679562917638448,49.81963887820674],[8.679568269333583,49.81963078086085],[8.679674799327762,49.81946907586054],[8.679797300173064,49.81928302437477],[8.679856058280592,49.819193655681396],[8.67994159532374,49.81906480069446],[8.679695591283973,49.81903134807236],[8.67950892903748,49.81900600892811],[8.679439892179902,49.81899659721219],[8.679133906863367,49.818954919430155],[8.679056261366794,49.81894434795366],[8.679025894139782,49.818940207791485],[8.679000430109362,49.81893675721267],[8.678975551298242,49.81893336233007],[8.678909941751568,49.818924365397905],[8.678869266253983,49.81891884461379],[8.678429147880864,49.81886567962518],[8.678275759913353,49.81882677536536],[8.678216171606854,49.81881390092493],[8.677880663872683,49.818699993876756],[8.677707182799049,49.81861747081193],[8.67757590363742,49.81854577291895],[8.67737951146136,49.81841575662752],[8.67741354472175,49.81838429511642],[8.676584455281427,49.817530128401735],[8.676270770169099,49.817227453856574],[8.676209706371479,49.817168632476296],[8.675986011883857,49.81695290029574],[8.67590273105362,49.81687235721124],[8.675595036192917,49.81656331599128],[8.67557053276192,49.816545698129815],[8.674145724278986,49.815513648772324],[8.67393747559321,49.81536285317062],[8.67384796100267,49.81529802861266],[8.673820371441302,49.815304170285685],[8.673611395622537,49.815133253917],[8.673579034188597,49.81510682533951],[8.673561347128835,49.81508749565296],[8.67318691995202,49.81467607391763],[8.673208527900982,49.814667941573475],[8.673111734974166,49.814516674486335],[8.672991928819808,49.81432978413123],[8.672888542588874,49.814168249895964],[8.672846140616855,49.81413000311301],[8.672774999011926,49.814065932621965],[8.672537535053095,49.81398616848788],[8.672430594824732,49.81397972810305],[8.67231654719538,49.81397291599891],[8.672234364714404,49.813983229415186],[8.672119058248455,49.813997667390055],[8.671908458755984,49.81407275778451],[8.671844837608996,49.814080121970306],[8.671537084468229,49.81411567377092],[8.671497906950437,49.81412024074311],[8.671405976161607,49.8141207102405],[8.67121648211716,49.814121687119865],[8.671178421813739,49.814121849551796],[8.671073497614762,49.81412236304317],[8.67094758774918,49.81419547468586],[8.670799031658765,49.81428171763442],[8.670559191494014,49.81432641011946],[8.670397831412146,49.81441337329196],[8.670313408333667,49.814396259908264],[8.670137714645083,49.81436036399752],[8.669993752904356,49.81431193026063],[8.669947405667278,49.81429243729001],[8.669852737404284,49.81425260741508],[8.669718504957391,49.81419630522218],[8.669608523447783,49.81413282515117],[8.669419832555759,49.81402407102886],[8.669351157699241,49.81398331437944],[8.669282898970213,49.81394288336235],[8.669147160139234,49.81386237495563],[8.669092114973186,49.81376511536656],[8.669071563407615,49.81372868721229],[8.668963896468913,49.81353871765569],[8.668943978064215,49.81350350810832],[8.668915116832807,49.81347132858854],[8.669028420856643,49.81341113554857],[8.66927002673497,49.81328281498404],[8.669386267714568,49.81322111570539],[8.66964844710795,49.81260144590385],[8.669904850768647,49.81236676177787],[8.670020467589138,49.8120396574744],[8.670088750482963,49.81206802807331],[8.67052970435574,49.81188502836946],[8.670595521759449,49.81176318162262],[8.670698860970662,49.811572271820516],[8.670788336916369,49.81140687582817],[8.670989443400444,49.81135701633399],[8.671041654324512,49.81142011484959],[8.671065823622058,49.81144938720024],[8.671081337381333,49.81146817030371],[8.671275459240183,49.81141220637626],[8.671561011648398,49.81132997451267],[8.671708592276573,49.811287479339256],[8.672224094039171,49.811198136325366],[8.672235608761211,49.811165098341505],[8.672249571540132,49.81112460409734],[8.672425707156163,49.81109351873179],[8.672710927755162,49.81092761974475],[8.672940796983406,49.81092413144367],[8.673228006436604,49.81083511297741],[8.67323417687966,49.81073440445656],[8.67324680103298,49.8105323121944],[8.67325227157892,49.8104444459395],[8.673378834458669,49.81020189771632],[8.673294858581643,49.81011099417405],[8.67331962678294,49.809761430081835],[8.673322464471028,49.80972090434126],[8.673825515045653,49.809539878776995],[8.674098559217857,49.80944146225358],[8.674197658583848,49.809405912182946],[8.674147129186911,49.809378594405764],[8.67429033540775,49.80925969416548],[8.67433832117487,49.80910515722455],[8.674532940581317,49.808939756231666],[8.674880944041231,49.80887924282466],[8.675135259778012,49.808816491844986],[8.675164337312845,49.808795725102485],[8.675373766403121,49.808645506892496],[8.675396681165235,49.80862910339433],[8.675496049920737,49.8084694639987],[8.675577127445832,49.80833932860869],[8.675585977573592,49.808324940781695],[8.675634469970225,49.80831077207007],[8.675707437359822,49.80827195678347],[8.67577955775568,49.80824306295424],[8.675849629227528,49.808216218429486],[8.675931131795636,49.808189243582795],[8.676000301797172,49.80816377551299],[8.676066778987558,49.8081574716084],[8.676338713561186,49.808123267941724],[8.67664566535465,49.80808459149113],[8.67676687166082,49.80806940833004],[8.676810800532847,49.80801198859731],[8.676949866870496,49.807830745092275],[8.677005718333396,49.80775791837459],[8.677555236089034,49.80750972924284],[8.677393215303454,49.80726096518659],[8.677303244125547,49.80721185247516],[8.677182581928903,49.80713718203217],[8.67714571720969,49.807113500002025],[8.677056581994046,49.80693043063627],[8.67696257845991,49.80673753191326],[8.676940551138456,49.806692015380236],[8.676805266012282,49.80638956840304],[8.676745985489646,49.8062532810269],[8.676727425943854,49.80621037001267],[8.6767167445286,49.80618589557493],[8.676572179695404,49.805741081026916],[8.676557315734039,49.80569585480825],[8.676492761279558,49.805497819018214],[8.676485137926317,49.80547465103783],[8.675932396802828,49.80521862827522],[8.675916944909558,49.80521147340579],[8.675861390646658,49.80518571065354],[8.675421286238066,49.80498278354012],[8.675344165324619,49.80494725258253],[8.675150512673916,49.804958499623105],[8.674839257086637,49.804976582193234],[8.674776983858075,49.80498016609627],[8.673811216939221,49.80524953389583],[8.673751877379141,49.805260372369816],[8.673657091445877,49.8052775196162],[8.672824704991996,49.80544350013817],[8.671643729893598,49.80567617005863],[8.671416254253282,49.80572095346027],[8.671306347036731,49.805813688299956],[8.671069880611771,49.806012657713396],[8.67105883349132,49.806022009426385],[8.67073808055047,49.80629236928536],[8.670676208394783,49.80633927106524],[8.67055734604309,49.80639966629929],[8.670318418240148,49.80652096674836],[8.669466649399805,49.806953406559934],[8.668769319932759,49.80664918364696],[8.668270248010078,49.806453605183066],[8.667791587529944,49.80626603298799],[8.667513955545324,49.80615585786695],[8.66663853269955,49.8058081435977],[8.664928933782706,49.805168247502536],[8.664901795936439,49.8051580829169],[8.664744354805029,49.8050922705916],[8.66448178673556,49.80498256439693],[8.664462912862525,49.804974667997236],[8.663484078272209,49.80453104201534],[8.663365280925131,49.804416585896675],[8.663190963263178,49.80424856323061],[8.663072195172498,49.80413410688977],[8.6627899704357,49.80386169077176],[8.662518417674757,49.80360241969626],[8.662343042829171,49.80343493345892],[8.66223271751996,49.803329586462354],[8.662147232064294,49.80324799929992],[8.662114195211325,49.80321650890248],[8.66205887665381,49.80320231356212],[8.661713610520637,49.80311355967055],[8.661423246054236,49.80303894511968],[8.661216499420215,49.80298580113923],[8.660933232575966,49.802912936701006],[8.660648912579845,49.802771520670824],[8.66040098456643,49.802648219593806],[8.660311785806124,49.802603936154874],[8.65993110425052,49.802414698570665],[8.659886666998775,49.80237544047894],[8.659701685463633,49.802212383697245],[8.659639267993535,49.80215736214627],[8.659376329151948,49.80192560915968],[8.659156617689094,49.801734895078],[8.65896982312614,49.801572697071926],[8.658943557919244,49.80154987866572],[8.65886675686187,49.801483213959],[8.658832485274521,49.8014533684537],[8.658750697553847,49.80138236249835],[8.65876126577707,49.80135408214411],[8.658770753290607,49.80132885419069],[8.658775439964838,49.80131642932956],[8.658843609136195,49.80113575567343],[8.658810122800164,49.801069569949334],[8.658712937059201,49.800877322805576],[8.658605031080828,49.80066373602608],[8.65833909872737,49.80031258767917],[8.658245465963608,49.80017837965612],[8.658116926109571,49.79999401648406],[8.658063004360892,49.79991673768948],[8.657892502541246,49.79962741413909],[8.65781893157496,49.79945505664094],[8.657735820442232,49.79926009203511],[8.65763024997978,49.79901287270147],[8.65770233287782,49.79899678016011],[8.657714867460912,49.79899403200217],[8.658010510767207,49.79892833090502],[8.658022962458402,49.798925474306834],[8.657852750902912,49.79876161978546],[8.657678472182162,49.79859364282688],[8.657118181422742,49.79805425749379],[8.657057830982858,49.79798398973331],[8.656906365180838,49.79780707457765],[8.656833245022245,49.797721680245836],[8.656802753293524,49.79768603158469],[8.656740331322892,49.797613215704125],[8.65669008331525,49.79762017853584],[8.656559624067642,49.797638044389174],[8.656547376141987,49.79763971164876],[8.656455474195138,49.797652310570356],[8.656355508914935,49.79766604825473],[8.6562318848074,49.797682987586434],[8.656203170868904,49.79756165242885],[8.656150101369182,49.797337274451706],[8.655588375645006,49.797397610498486],[8.655280064781673,49.797430710884655],[8.654773455374558,49.79748512278261],[8.654648061731546,49.79722962124903],[8.654616052534386,49.79716462844897],[8.654521319460262,49.796971898218786],[8.654492113884382,49.79691248410031],[8.654420739253041,49.796927251772175],[8.65439288168541,49.79693300946587],[8.654369602006614,49.796937807344825],[8.65404151857338,49.79700405130774],[8.65374307847127,49.79706416357877],[8.653216646468497,49.79717034625195],[8.653123700504151,49.797036460543005],[8.65302101487107,49.79688875489506],[8.65292531741258,49.79675002051587],[8.652797924364975,49.79656527617648],[8.65271455773065,49.796444614630964],[8.65270865318725,49.796436214353434],[8.652616681649944,49.796302871950395],[8.652526184532048,49.796337483010504],[8.652214167439395,49.7964567424955],[8.651945133652923,49.796559608438855],[8.651690827588501,49.79665686653867],[8.651657205555082,49.796669663844],[8.651324236185895,49.79671738966856],[8.651019111600283,49.79676108821947],[8.650865042089855,49.796783203058915],[8.650842476825247,49.79673124418202],[8.650757975138097,49.79653651362829],[8.650749777884764,49.796517533470094],[8.650713916734153,49.7964347352612],[8.650680413159538,49.79635743338657],[8.650634655263387,49.79625172897722],[8.65060249350865,49.7961777841561],[8.650566578671405,49.79609476940969],[8.650517996850018,49.79598262077274],[8.650433526207506,49.79578780892684],[8.650421627538496,49.795760353871394],[8.650382147318329,49.7956693783711],[8.650199490757208,49.79568678213951],[8.649890293151927,49.79571629615503],[8.648758816360528,49.79582414441306],[8.648449561673841,49.79585360033116],[8.648154335391531,49.795881773026714],[8.647989331634603,49.79589757742936],[8.647777240258696,49.79587662552587],[8.64759647894745,49.79663889117151],[8.647520515857051,49.79700524946068],[8.647445876200704,49.79731201424436],[8.64743485650357,49.797355624232175],[8.647410040629461,49.79744902805143],[8.647272732453308,49.79779924552784],[8.647252965471253,49.797849832383314],[8.647099406974275,49.79824196715747],[8.647011964751393,49.798464947924295],[8.646676639721958,49.798968151848825],[8.646554924377256,49.79915081840603],[8.646028691768523,49.799610551661495],[8.645717150166975,49.79981618972091],[8.645498260181704,49.79996064715184],[8.645355217598171,49.80005506785992],[8.644963184936337,49.80023190269166],[8.644946096817579,49.800239692108285],[8.644734866222166,49.80033487658425],[8.644610889979369,49.800390821993766],[8.64421613550443,49.80051991932917],[8.644162460380855,49.80053743907394],[8.643883520505241,49.80062873656259],[8.64382970537601,49.80064630980405],[8.643750676767493,49.80066591468297],[8.64368443774243,49.80068236804271],[8.643572736435647,49.8007100656369],[8.643487368135387,49.80073130031348],[8.643443078328849,49.80074230477656],[8.643386836624243,49.80075624690949],[8.64334740597009,49.80076602242151],[8.642723715987207,49.8009209367146],[8.641941008689955,49.80109690780298],[8.641645854058982,49.80116340767998],[8.641494605898954,49.80119733551581],[8.641467427838014,49.80120490392212],[8.640403545192028,49.80150024385961],[8.640318086637917,49.80151447241252],[8.640296791477121,49.80151805679714],[8.639961207990355,49.80157398923371],[8.639834117413413,49.80153003197496],[8.640026326019537,49.80183313203961],[8.639691472642115,49.80192181209484],[8.639401864493594,49.8019985718748],[8.639611447960462,49.802435604525435],[8.63963491808837,49.80248456685649],[8.639693940464623,49.80260343142584],[8.639700996166868,49.80261802822787],[8.63979531806654,49.80281087731034],[8.639843508666242,49.802909454745006],[8.639855616458048,49.80293445081453],[8.639865008147567,49.80295357063949],[8.639678984457866,49.80297724782037],[8.639273059983234,49.8030368533864],[8.639187973634213,49.80304935166711],[8.637934992222451,49.803231104538455],[8.637341452155473,49.803321348914054],[8.637050039641174,49.803365648482995],[8.636645805909373,49.80341078344036],[8.636474615397203,49.8034298780462],[8.636436522923805,49.803435437074576],[8.63631621645816,49.80345314974733],[8.636199566654158,49.80347019775961],[8.635967159425228,49.803504215113314],[8.63574100267584,49.80353735930792],[8.635662388769088,49.803548928923696],[8.635318743907066,49.803599252215335],[8.635233460643748,49.80361171993307],[8.635141116293116,49.80362530106238],[8.634985423470292,49.803648119774685],[8.634828977048645,49.80367104406561],[8.63468065122322,49.80369280395824],[8.63453799072551,49.80371368918756],[8.634462279179807,49.80372475337093],[8.633401529340533,49.80388018506376],[8.631952413624933,49.8040924304612],[8.629522438173918,49.8044483837265],[8.627789909373108,49.80470212445228],[8.628345230489844,49.80542113048755],[8.628886297231132,49.806121565332276],[8.629020622048227,49.80629529831016],[8.629732887876553,49.80721763091573],[8.630022583209328,49.80759274321766],[8.630042019162548,49.80761773664849],[8.62909666675481,49.80825895620241],[8.628788932911815,49.80846767040996],[8.628676644380468,49.808543159438884],[8.628490785681795,49.80866924878069],[8.628443648307076,49.80870122184182],[8.628285760021784,49.808807958366835],[8.628157568544419,49.80889569933215],[8.627996235117948,49.80900799475927],[8.627783495073832,49.80915616992096],[8.627379621928766,49.80943744583041],[8.627224162934434,49.80956122425203],[8.626901790174461,49.809818856752216],[8.626854745129563,49.8098566702169],[8.626658264353136,49.810014089428584],[8.626611163586634,49.810051848532886],[8.626366825468583,49.81024726725798],[8.626119855099526,49.81040049373078],[8.625480094642676,49.81079743834622],[8.625417538531154,49.81083622863967],[8.625191881377612,49.81097621806209],[8.62512940886231,49.81101495438853],[8.62504699018198,49.81106601071979],[8.62503413153237,49.81107397311829],[8.62481093834581,49.811212320294125],[8.624670321262991,49.81130445180063],[8.624648239600171,49.811318901057064],[8.624428625901256,49.81146277535443],[8.624406600063706,49.811477197704924],[8.624374991116051,49.811497808316396],[8.624155013356217,49.81164168091242],[8.62412348720668,49.811662372845],[8.623233840561527,49.81133526819053],[8.62322502214889,49.81133272475352],[8.622953179889041,49.811233034591076],[8.622054730762223,49.81090337743989],[8.622042154476803,49.81100033084075],[8.622041200628994,49.81100825060794],[8.622037346531352,49.81103773926673],[8.622035564459672,49.811051767494554],[8.622032595811882,49.81107495859514],[8.622004160786975,49.81129651714772],[8.621966817158492,49.81157361492958],[8.62196428749653,49.811594130445194],[8.621954649450618,49.81167175942625],[8.621947661839878,49.81172768350123],[8.621923308311128,49.81192627086891],[8.621879936468055,49.81228630928338],[8.621855558351308,49.812487979158576],[8.621848494516422,49.81254649886222],[8.62184804554682,49.81255044531494],[8.621844912870628,49.81257677257135],[8.621842828280576,49.81259382834501],[8.621835918935039,49.81260389191936],[8.621833691080626,49.81260712951397],[8.621822497517702,49.81262312802549],[8.621819395668746,49.812627606632454],[8.621804700854748,49.81264924518867],[8.621788707922807,49.81267288050618],[8.621772944974929,49.8126956242344],[8.621755713880917,49.81272071569528],[8.621747677258004,49.812732316895506],[8.621731095403316,49.812756382931255],[8.621727570057438,49.81276153616677],[8.621712511025853,49.81278338984638],[8.621691469174008,49.812814471857145],[8.621452436766301,49.81316178412931],[8.621448770058125,49.81316718025908],[8.62139059093779,49.8132516811578],[8.621387205979374,49.81325669963853],[8.621381424342486,49.813265144436954],[8.621322059423626,49.813351507222805],[8.621318675717049,49.813356363462375],[8.621273214229356,49.813422491251856],[8.621207701817019,49.81351767614144],[8.621123320021704,49.813640542891456],[8.620996240015034,49.81382543612978],[8.620849530885732,49.814038765725854],[8.620846373304243,49.814043217083004],[8.620745237857967,49.814190365212234],[8.620794996886492,49.81420602224365],[8.621034780620475,49.81428149244105],[8.621053929381702,49.814285881534055],[8.621348816644469,49.814353283870375],[8.621367909699378,49.8143576727294],[8.621716647741414,49.814413189963766],[8.621631655222838,49.81460719868532],[8.621614224400139,49.81464708063093],[8.621535367052996,49.81483013085263],[8.62150319412684,49.81490473875027],[8.621493427470583,49.8149271775279],[8.621476281565393,49.81496624916562],[8.621336395069246,49.81528414026575],[8.621250837620462,49.815478687646376],[8.621179444624605,49.815641021917315],[8.621139789104266,49.81573104538324],[8.621054007220893,49.81592556483087],[8.620839596800657,49.81641294491185],[8.62059119379193,49.8168715233071],[8.620487841072743,49.817062442475304],[8.619989176585024,49.817983160356846],[8.619852574717425,49.818235351857886],[8.619655280548148,49.818585338829386],[8.619548190130885,49.81877546067005],[8.619334404362078,49.81915478595859],[8.619310762684702,49.8191968103715],[8.618978908544063,49.81978539212051],[8.618249785749171,49.82123155233184],[8.618184152515681,49.82133998484267],[8.61815136655068,49.82139560729005],[8.617191283170936,49.823082741314074],[8.617182377043662,49.82309815201624],[8.61717119894437,49.82312228929016],[8.61667522046043,49.824195374044066],[8.616186294632342,49.8250792506046],[8.615700580983349,49.82596024230417],[8.615165889354145,49.82694847398838],[8.615158416428114,49.8269623479777],[8.615135743406114,49.82700437470544],[8.61493786299819,49.827370196948976],[8.614772405452454,49.827705706073054],[8.614754944314788,49.827741071048315],[8.614719173898747,49.827813231315844],[8.614557979685635,49.828138316663434],[8.614267664691244,49.82872464268888],[8.613648072867223,49.83000289071891],[8.613607890548408,49.83008577097313],[8.613442961575345,49.8304261200626],[8.613441118713851,49.83042987253972],[8.613417409920086,49.83047898005337],[8.613412675630334,49.83048856362442],[8.61337198227485,49.83057246962345],[8.613295655369447,49.830780778010634],[8.613280372225814,49.830822558599934],[8.612881232976608,49.83175647426782],[8.612813642357601,49.83191462440808],[8.61239045896981,49.832626455881424],[8.612005442667282,49.83326237577802],[8.611718676232492,49.83385763018108],[8.611406711174933,49.834512477586706],[8.611362623162838,49.83460491622548],[8.611350452385897,49.83463040158885],[8.611331349568557,49.83466811302427],[8.61126571023783,49.834797443632226],[8.60989396608317,49.835164397852644],[8.608946818145476,49.83541987521868],[8.608913830942141,49.83542876839295],[8.608604141197969,49.835512359680834],[8.608119089865152,49.83564270522187],[8.607830227107478,49.83572033483362],[8.606803838769995,49.835996131380504],[8.606515054402337,49.83607389318223],[8.60638195764967,49.836109540277505],[8.606381678050157,49.83610962044937],[8.606358306995654,49.83611589558716],[8.606326576716993,49.83612446780821],[8.60615017504376,49.8361718653477],[8.604857356775188,49.83652112732614],[8.604763309972038,49.83654660326725],[8.604749219481326,49.83655044904459],[8.604728587161974,49.83655605718142],[8.6046316883841,49.836582334503476],[8.603656291092868,49.83684702826374],[8.603336287473027,49.83692067341265],[8.603115638752143,49.83697137608866],[8.60300756405193,49.83699620768545],[8.601011759153437,49.83698283857266],[8.600633016900153,49.83698026342456],[8.600615155845961,49.83697784936986],[8.60054624738087,49.836968526346915],[8.60043902579141,49.83695398762574],[8.600429997754253,49.83695276672744],[8.600195352855733,49.836920996374154],[8.60013633641431,49.836913005165414],[8.600055669351134,49.83690209998363],[8.599991358124827,49.83689346850272],[8.599013298969973,49.83676107939657],[8.598952472465749,49.83675275683789],[8.598881195854778,49.83674315422655],[8.59870768646449,49.83671967748355],[8.599898946727114,49.83745058799841],[8.60158261350907,49.83847624370414],[8.603923609288666,49.839917462313146],[8.605507007139698,49.84089263893733],[8.607367481107723,49.84203519322549],[8.60750167887951,49.84201020266611],[8.607542388143848,49.84200260694179],[8.609511608204603,49.841636288858815],[8.609678715975733,49.84160529550366],[8.610182722670793,49.84151151180469],[8.610259193451746,49.84149732935941],[8.61042196534516,49.84159960249687],[8.610546569579498,49.84167803274802],[8.611765271967608,49.84244411918562],[8.613180265083571,49.84334518450884],[8.613304317496974,49.84342396144713],[8.613583980890795,49.84360208969853],[8.61363780508394,49.843636258874604],[8.613664627543956,49.8436488409294],[8.614905909479091,49.844233068560754],[8.614963244107486,49.84393786981585],[8.614984803055451,49.843826372778196],[8.615026165362345,49.843613621162234],[8.616022164002386,49.84363152636384],[8.616034215068353,49.8436317014827],[8.616104985337538,49.843632963405575],[8.616118513952328,49.843633278610724],[8.616952666132077,49.84364815202764],[8.617126480832503,49.843651349157646],[8.61736917008082,49.84365563867724],[8.618797319218698,49.843664183571356],[8.618915514292638,49.84366595124652],[8.619015745082383,49.843667362317916],[8.61965617374716,49.84367419741139],[8.619944909259221,49.84369472163772],[8.620117676707492,49.843706996418746],[8.620719546886763,49.84374979818856],[8.62082015134112,49.84375696852437],[8.62107103182977,49.843712820713975],[8.621581982286095,49.84362298512069],[8.621749551962365,49.84359346310494],[8.621874460613677,49.84357148116941],[8.622349231145902,49.843516406273196],[8.622712723049167,49.84347413598141],[8.622781891336926,49.843466140801965],[8.622976775693521,49.84344343894909],[8.623274237073321,49.843425315510416],[8.623510959905186,49.84341105011781],[8.623604494133565,49.84340532385129],[8.623889617689779,49.84338796998433],[8.624033784176738,49.84337921687123],[8.625085693556336,49.84315867523238],[8.62578172601646,49.84305976615553],[8.625951509036236,49.843035680329706],[8.626429409435675,49.84296778168225],[8.628238347521082,49.842646678773725],[8.628496019366038,49.84260296932274],[8.628664214724564,49.842574520934015],[8.628912053130394,49.84253242852191],[8.628966024252069,49.842523137145484],[8.629199028526891,49.84248359251622],[8.62936705629708,49.84245506145062],[8.629687745978593,49.842400761704006],[8.63118442002028,49.842117823442415],[8.631351184489258,49.84208633807953],[8.631526973644565,49.84205304241694],[8.632734044023692,49.842086779645044],[8.632907729805188,49.84209165625304],[8.63328606294819,49.84210215560752],[8.633411041604623,49.84210660696388],[8.633511588079246,49.84211016973362],[8.633540957146087,49.842111208994325],[8.633714521706253,49.842117381948675],[8.635523607969802,49.842181518400274],[8.635580895602859,49.842183591334674],[8.635649367981413,49.84218599684004],[8.63582284940154,49.84219216637573],[8.63623301397651,49.84220664992272],[8.637215772707222,49.84224247559967],[8.637697837515113,49.84225999115659],[8.637738251244402,49.84226146947794],[8.637973538476672,49.84226999215521],[8.638153378374305,49.84227655662538],[8.638227065882646,49.842279247290456],[8.638400490777663,49.84228560207414],[8.638674964939941,49.84229554349663],[8.63870098690749,49.84229651693613],[8.638985394415661,49.842306272259705],[8.639158821726568,49.84231232847194],[8.639393080269482,49.84232043945953],[8.639715001753386,49.842331499461125],[8.639959273588174,49.84233993786938],[8.640132840838579,49.84234596601841],[8.640413427746052,49.842355597815455],[8.641750081502254,49.84233521074807],[8.641923713479873,49.84233250237204],[8.642195083998882,49.842328391913355],[8.64226427991453,49.84232733457522],[8.642396198650896,49.84232530796806],[8.642569830362692,49.84232262566387],[8.642885536747624,49.842317784992204],[8.64443454823465,49.84229017926692],[8.6446084060775,49.84228706195691],[8.644990943275868,49.84228023015045],[8.645135753528269,49.84227783429951],[8.64517997823388,49.84227705030045],[8.645606322101518,49.84226935004691],[8.645654804589801,49.84223567074017],[8.645772718398273,49.8422259450525],[8.64583282235189,49.842220639501896],[8.645906102124638,49.84221426551207],[8.645913360080028,49.842213665753185],[8.646014693841499,49.84220507895073],[8.64601985827931,49.84220463503455],[8.646042553551483,49.84220273038709],[8.646096317556058,49.84219837879494],[8.646106005965096,49.842197326757564],[8.646278663338327,49.84218279223729],[8.646502127184934,49.842163923699786],[8.646535486640824,49.842161050981176],[8.646615018474145,49.84215426296059],[8.646641342570089,49.84215207181408],[8.646813665444267,49.84213745435633],[8.646884794676344,49.8421313706399],[8.646999774795407,49.84212217557543],[8.647025288052118,49.84212022523604],[8.647030251400682,49.84208608834822],[8.647045941490475,49.84197724450753],[8.647062365363357,49.841863400426206],[8.6470676579712,49.84182618193425],[8.647260542826821,49.841826579744456],[8.647434262087769,49.84182691894473],[8.647749533987605,49.84182760698561],[8.647830967455965,49.84182777328753],[8.64786737372802,49.841827883883894],[8.648406553170547,49.84182897967743],[8.648436570911624,49.84182907071824],[8.648610290394815,49.84182938111637],[8.648734909052907,49.84182970472167],[8.64882863104506,49.84183188150656],[8.649465328643355,49.84184646346048],[8.649639105711548,49.841850395901865],[8.650056696828594,49.841860391318384],[8.650438417713875,49.84186946585785],[8.65044806167783,49.841828123157086],[8.650455789723333,49.841797131143814],[8.650508624750948,49.84158483417499],[8.65051779144278,49.84154776240785],[8.650711547739188,49.84153547516498],[8.65075681947335,49.841532528963185],[8.650799996757499,49.84152987387863],[8.650829665871385,49.84152798930186],[8.650840664248054,49.84152707601653],[8.650877653760766,49.841523645134444],[8.651434507646497,49.84147562066259],[8.651715345393617,49.841449938163365],[8.652135833005856,49.841413533501324],[8.652401139170951,49.84139058789102],[8.653089583657206,49.84133094405072],[8.654119670264894,49.840906621875725],[8.654485575051497,49.8407344112553],[8.65474141590196,49.84061397853451],[8.655569402996623,49.840678066689875],[8.655876971593456,49.84070180223087],[8.655941898106148,49.84072411398706],[8.655921592512927,49.84080220042334],[8.655959017553569,49.840843412884205],[8.656421570999592,49.84094805198924],[8.656492381189578,49.84096689266493],[8.656540330849825,49.84097960852115],[8.656701025553652,49.84102234864423],[8.656895831168587,49.84107413987681],[8.657175472416792,49.84113012960026],[8.657401043258924,49.84115526802696],[8.658199991740215,49.84124448022396],[8.658230740605285,49.84115663557031],[8.658327670354542,49.841170630779374],[8.658497227475031,49.84119516931466],[8.658585880669241,49.8412078960672],[8.660116759490354,49.84109019927078],[8.660199833679279,49.84108297967169],[8.660371954999489,49.84106812514872],[8.660606522008127,49.84104774769537],[8.660645329280362,49.84104353484807],[8.660664271987764,49.841043509179435],[8.660711011492396,49.84103796751093],[8.660763453433198,49.841034795024584],[8.660841909559476,49.84103367257653],[8.661015673545078,49.84103120639757],[8.661207739905283,49.841028523046546],[8.661816291071148,49.84100977636028],[8.66198979650573,49.84100436056564],[8.662234037607469,49.84099677108623],[8.66271558079366,49.84107672548523],[8.662771145057079,49.84108589158771],[8.663573841528079,49.84121918049864],[8.663742178112962,49.84124714194509],[8.664019860052191,49.84129326676766],[8.664983761436732,49.84138964322145],[8.665050753313324,49.84139640762187],[8.665235839521287,49.841414924121466],[8.66527035346557,49.841418349753745],[8.6654619622562,49.84147003622599],[8.665709875970126,49.841536973293486],[8.665752863261948,49.84154961694408],[8.665969836433383,49.84160881181034],[8.666130005399564,49.841652429666425],[8.666424586239238,49.84173272234256],[8.666599455169635,49.841720002670066],[8.66669508189026,49.8417130308413],[8.666813078529552,49.84164985221551],[8.66685485560013,49.84162755581589],[8.666912369890943,49.84159673282292],[8.667046158413973,49.841525108656825],[8.66768961357075,49.84118078415239],[8.667997422679345,49.841015908635555],[8.668056951700569,49.84098398218745],[8.668264957756397,49.84089818362984],[8.668411498974567,49.84083770797139],[8.668935076704383,49.8406217187166],[8.669660918340345,49.8400762487973],[8.66976093864033,49.84000528238208],[8.669877891350122,49.83992214185005],[8.670707758234023,49.83933272346243],[8.671200053992377,49.83920478672493],[8.671361329674696,49.83916284474138],[8.672109436097875,49.838968460782944],[8.67213127197682,49.83876323195007],[8.672143104841615,49.83865112894196],[8.672222346552735,49.83790593069345],[8.672332097502807,49.83776430597743],[8.67244618385275,49.837616744519515],[8.672523994437649,49.83751621187123],[8.672638163119716,49.83736867749196],[8.672882144018708,49.837053480400506],[8.673320677950239,49.83680229503464],[8.673450697483633,49.836727759491836],[8.673991576129056,49.836417938825996],[8.67392788075226,49.83629513147991],[8.67387277943875,49.836188599553005],[8.673860552381665,49.83616506704833],[8.673772513286632,49.8359954923513],[8.673637221913118,49.83573463137296],[8.673292085063453,49.83521659261753],[8.673022341855642,49.834667128205126],[8.672854152201792,49.834520743635544],[8.672488936448088,49.83420279878312]]]]}},{"type":"Feature","properties":{"id":"08","bez":"08 - Wixhausen","bez_name":"Wixhausen"},"geometry":{"type":"MultiPolygon","coordinates":[[[[8.654707480156238,49.9225606140271],[8.654660280500682,49.922568585494965],[8.654574415305794,49.92258298547088],[8.65443540684183,49.92258067857191],[8.654300796523419,49.92255732045495],[8.654008747213199,49.922436175645736],[8.653955265091637,49.9224278229634],[8.653922049637686,49.922422424013625],[8.653901701673142,49.92241911849373],[8.653856289021409,49.922411682166015],[8.653811936900855,49.92240443826611],[8.653409720317965,49.92246037250694],[8.65298233519592,49.92258101789445],[8.652958085707397,49.92258789461608],[8.652188154826234,49.92280512598183],[8.652115434193918,49.922825674596616],[8.651372181352482,49.92303540936178],[8.651293860886172,49.92307673438856],[8.651234522836734,49.92312471420659],[8.65122692068383,49.923132614065686],[8.650570445084886,49.92381177562498],[8.650434423594524,49.923952433397424],[8.64999771664877,49.92440436074253],[8.64994734465902,49.92445642294994],[8.649879545547197,49.92447993237341],[8.649781768980112,49.924513842757854],[8.649736383105559,49.92452952409685],[8.649383934358015,49.92467150072561],[8.649005361800093,49.92480855706661],[8.647503548828494,49.9253520219037],[8.647265087744753,49.9254470996021],[8.64711479212723,49.9255006953503],[8.647106162785636,49.9254386123143],[8.647037266194184,49.92494227287896],[8.646896002925743,49.92395082702927],[8.64674879560709,49.92295138592739],[8.646495892226637,49.92297073311657],[8.645437329475431,49.92307092980219],[8.645084362681802,49.92310429916641],[8.644720824470252,49.92313871667381],[8.644591125455072,49.923150946975866],[8.64416298792881,49.923191546198574],[8.644087847468011,49.92319861643603],[8.643751740700438,49.923230492203324],[8.642782346102845,49.9233222316398],[8.642139799909925,49.92338309177893],[8.641758388753688,49.92341909429344],[8.641519289087647,49.923441772149886],[8.641423817909677,49.92345069766],[8.641095678307476,49.92348172508352],[8.640965614597597,49.92349389612347],[8.639776211789991,49.92360602035969],[8.639678110755607,49.92361526074496],[8.639623047785724,49.92362044358454],[8.638191265534283,49.923755350027484],[8.63777643086552,49.92379439885763],[8.637709259908178,49.92380054345307],[8.637702455191919,49.92375766379058],[8.637641398960094,49.9233730723375],[8.63762368131541,49.923261287675274],[8.637581144713643,49.922993458693355],[8.637568288176706,49.922911703614204],[8.637561432075158,49.92286825593588],[8.637558939678804,49.92283169005586],[8.637435872961408,49.92284999004559],[8.636967357055502,49.92291963968451],[8.636468821211844,49.922993763100216],[8.636316574396195,49.92301640499643],[8.636274050617896,49.92302270716588],[8.635942139463381,49.92307209538822],[8.635565269863251,49.92312812844119],[8.634918818122616,49.923224223520016],[8.634731040173714,49.92325207836592],[8.634572216414062,49.92327580589919],[8.633873762344281,49.92337827497524],[8.633009645375582,49.923506579769004],[8.632650730441897,49.9235599020844],[8.632342733001412,49.923605624227854],[8.632159288056593,49.923632893766175],[8.631818500630402,49.9236834858777],[8.63167296384643,49.923705142500154],[8.631524461495964,49.923727222158355],[8.631452706214317,49.92373710712704],[8.631451615632885,49.92370054557162],[8.631432644948585,49.923076888602154],[8.631429393081591,49.92296460814408],[8.63141689513787,49.92255496632703],[8.63141590875358,49.92251940557534],[8.631414673442034,49.92247984211043],[8.631305005972942,49.92249615017853],[8.629737626189929,49.92272846005987],[8.629567947601611,49.92275368736909],[8.628377902588058,49.9229300749507],[8.628214406799016,49.92295421145043],[8.62701084255172,49.92313213702995],[8.626841134452237,49.92315719801561],[8.626584194091759,49.92319511937168],[8.62652219725848,49.9232042485493],[8.626372828273098,49.92322626474298],[8.626318637047591,49.9232342291968],[8.626269702280766,49.92324183200363],[8.626298615442497,49.923319043283925],[8.626371375237465,49.923475731209784],[8.626461230197425,49.923669600079585],[8.626559495560896,49.923881802039595],[8.626579671374797,49.92392532029601],[8.626616372442072,49.92400380040202],[8.627191738771772,49.92524365090519],[8.627169481578031,49.92527418864214],[8.627146438750547,49.92530512944909],[8.626269873332372,49.925554753620375],[8.62610482175689,49.925601703892355],[8.626043679945617,49.92561910981013],[8.625916352344452,49.92565566288036],[8.62545987272619,49.92578568518216],[8.625389348041633,49.92580571037425],[8.625018125892087,49.9259111565206],[8.624641440477328,49.92601815211728],[8.62449512429011,49.92605967161093],[8.62429497425782,49.926116618625024],[8.62411493510519,49.92616770871303],[8.624067234200659,49.92617793746862],[8.624081943648894,49.92625937554427],[8.62438696405575,49.92744869049441],[8.624374995233241,49.92749997363988],[8.62436289295473,49.92755044515167],[8.624179627957158,49.927785694274014],[8.623999724746383,49.928016086799],[8.62403477304438,49.92872727101886],[8.624063280827695,49.929312887291026],[8.624065342394003,49.92935326467071],[8.624120727210318,49.93049006982649],[8.623662972510164,49.93050096975317],[8.623665018370797,49.930532559087624],[8.623667037603344,49.93056038977836],[8.62367331337538,49.93064818191372],[8.623728635617422,49.930646847161974],[8.623730441616713,49.93067335220026],[8.623762131629647,49.93111912791737],[8.623771124701559,49.93124565009927],[8.623784064637352,49.93142886086863],[8.623805173041262,49.93172607161643],[8.623808576172955,49.93177361892833],[8.623856389150157,49.932446366263584],[8.623914548586932,49.93248297770118],[8.626744783682778,49.932537249954386],[8.62691458594275,49.932540473229494],[8.628986668968142,49.932580297919216],[8.629011470984931,49.932571724463266],[8.629014838963263,49.93261724350064],[8.62904155707029,49.93295257045802],[8.629122477324911,49.93328360912467],[8.629207072556522,49.93354019140672],[8.62928006005127,49.93374327851056],[8.629378160103343,49.93385737617651],[8.629433114011093,49.9340029456308],[8.629820503841358,49.93428593903488],[8.629852565846466,49.93430761924529],[8.630068908164839,49.934453973707775],[8.630100886333105,49.934475680621276],[8.630276608598946,49.93457920904851],[8.630527796821008,49.93472718795357],[8.63070795702035,49.934882998092235],[8.630795462344103,49.934968695885885],[8.630962297372834,49.93500291860875],[8.631036001644734,49.9350694550591],[8.631218446223203,49.93523397852473],[8.631311473337833,49.93531788180189],[8.63148777715508,49.93551815917232],[8.631613681124296,49.935707865822806],[8.63173800017908,49.935940614898165],[8.631805220247541,49.936128431472596],[8.631817029199917,49.936189092524266],[8.631856003339223,49.936389798571064],[8.63188835556135,49.936557143327086],[8.631936403428913,49.93692449827647],[8.631945538632833,49.937005944539614],[8.631959227975662,49.93713172372065],[8.631777201585711,49.93714947907918],[8.631615344471632,49.93716524317627],[8.631384949403014,49.93821750063339],[8.63135979674654,49.93833398987457],[8.631290321555475,49.938653975998264],[8.631246805814433,49.938854284717124],[8.631163822577898,49.93923712268183],[8.631162867079125,49.93924144603307],[8.631156003222952,49.93927270941133],[8.630390079013216,49.939174333594444],[8.630059368777298,49.93913190819608],[8.629752145717374,49.93909247714171],[8.629388232178197,49.939045725606526],[8.629328916272817,49.939038046003226],[8.628947771391003,49.93898926410194],[8.628191936005676,49.93889239322674],[8.62788432425406,49.93885301005445],[8.627228776779996,49.938769028164906],[8.627202478117521,49.93932977899643],[8.627192951278529,49.93953192597944],[8.62715231789055,49.94039604573415],[8.627072611984492,49.94212791318639],[8.627723175747738,49.94219698087495],[8.628032395949123,49.94222990704862],[8.62879871780444,49.94231131854338],[8.628806330249745,49.942357527090984],[8.628870021303337,49.94274599711601],[8.628886150651004,49.942844446989575],[8.628944449657796,49.94319985690892],[8.628950426638076,49.9432370018356],[8.628955105642376,49.943264786798316],[8.628961111010007,49.94330187773499],[8.629031346892004,49.94373033353583],[8.629047393640247,49.943828701985716],[8.629099447131482,49.94414580327412],[8.62912960397813,49.94417610328205],[8.630045909745967,49.94379541413215],[8.630174753824635,49.94374190740998],[8.630729897896488,49.94351115982943],[8.631331794148952,49.943531353408034],[8.631945116139137,49.94366282232501],[8.6320906187119,49.943693920143794],[8.632709248742616,49.9438264293654],[8.632801301587765,49.94384608138841],[8.632820392492228,49.94385025188906],[8.63286008313245,49.94385870581629],[8.632890315454006,49.94385360983936],[8.6329684151778,49.943840499274266],[8.633248872261749,49.94453379736288],[8.633298802732323,49.944526627406795],[8.633310529951068,49.94452490688614],[8.633353351181622,49.94451879602852],[8.633407956347652,49.944510856644236],[8.63371291394387,49.9444668526705],[8.634127499401648,49.94440707795197],[8.634520448803283,49.94435047837136],[8.63457485727986,49.944342618937846],[8.635979057816764,49.944140070724224],[8.6362088083446,49.94410688346866],[8.636714178741832,49.94403405352336],[8.636983223629743,49.9439950660546],[8.637308020228458,49.94394786992845],[8.637364386783872,49.94393974491015],[8.637437069972668,49.94392926431457],[8.638516257134798,49.9437739082413],[8.638822240482389,49.943729812914306],[8.639542906443017,49.94362603117177],[8.639598628451981,49.94361801122464],[8.639820500942333,49.94359087631867],[8.639879235686864,49.9435837308689],[8.640079672828275,49.94357805268452],[8.640384215677749,49.943569371050565],[8.6405546523386,49.9435377488771],[8.640725839741817,49.94369835549706],[8.640903300596086,49.94386514637969],[8.640981870566074,49.94393893814193],[8.641026957749823,49.94398134106046],[8.641227818827007,49.94406935548274],[8.642094764168409,49.9441795714288],[8.642565316817498,49.94423937450113],[8.643018609620007,49.944296932313364],[8.64309287841184,49.94430635442513],[8.64314424354963,49.944312893878525],[8.643457016372679,49.94435257684349],[8.643764650067679,49.944391648303565],[8.644011701126471,49.944423070020555],[8.644574878410237,49.944494668161646],[8.644687302154395,49.9445089111012],[8.644994826029269,49.944547978959385],[8.645092055229775,49.94456030924861],[8.645146912136768,49.944567318176425],[8.645164383595551,49.94453332838612],[8.645195806774927,49.944472557685216],[8.64529473121106,49.94428066059651],[8.645342291057839,49.94418865402793],[8.64605224488595,49.94415318302268],[8.646122418538752,49.9442217269692],[8.646168525691715,49.944266753865215],[8.646218004718513,49.94428275017007],[8.646918104313293,49.94450928750974],[8.647198414103526,49.944599939935266],[8.648993368625971,49.94518060524505],[8.649273574396881,49.94527125232355],[8.649492585198564,49.94534210989815],[8.649589650527975,49.945373553125286],[8.649648615538696,49.94539257804609],[8.649970259364522,49.945394225088755],[8.65029592906835,49.94539588337683],[8.650352010437846,49.94539618763764],[8.650735416708201,49.945339369178875],[8.651040987834543,49.945294104715465],[8.651430801331204,49.945236383877365],[8.651401155170348,49.94490859826694],[8.651382790389135,49.94470669022906],[8.651352620074181,49.944374143977804],[8.65375511599296,49.94459484737698],[8.654268990067433,49.94450274098686],[8.654571149027756,49.94444864204724],[8.654980437375375,49.94437531117357],[8.655019067091194,49.944368503854975],[8.65501715804609,49.94402903927374],[8.655396983870263,49.94409560486437],[8.655699494308173,49.94414855499347],[8.657525682979179,49.944468354100124],[8.65757186676799,49.94447649425824],[8.657639328163228,49.94448829350754],[8.659283261059329,49.944776106470094],[8.659585695813533,49.94482910030786],[8.6599083479496,49.94488558670072],[8.659998287934744,49.94490142534466],[8.66199726916965,49.94525140419701],[8.662086094129368,49.94526696757188],[8.663089505349186,49.94544267124048],[8.663392116430698,49.945495628612605],[8.664493578613722,49.94568850454343],[8.666963685052215,49.946120852046505],[8.667266277090262,49.94617374516371],[8.668148643567694,49.94632826405922],[8.66819873740047,49.94639857585886],[8.668877296500092,49.94735194010599],[8.669593175306046,49.94834282969688],[8.669614888610637,49.948373095081685],[8.669701387507265,49.948492857655665],[8.669815496914197,49.948651500974734],[8.669838984177607,49.948684069754385],[8.670351493838233,49.949395918828436],[8.67060561552138,49.949319306699365],[8.670657977356404,49.949304015611844],[8.671390710450572,49.950325929255534],[8.672168899958663,49.95141134796739],[8.672302302769767,49.951596920889976],[8.67242102027772,49.95177520550114],[8.672448911957085,49.95181849395286],[8.673422694153537,49.951596565384115],[8.67448339295131,49.95146683512968],[8.674791389391732,49.95142924833861],[8.675195316420762,49.95137984256362],[8.67717467308286,49.951179107941144],[8.677167921060954,49.951135095302796],[8.677118677116011,49.95086388367012],[8.677761982205748,49.95082124602223],[8.681459623285345,49.95022087183694],[8.681532623680402,49.95020890434084],[8.68222540884498,49.95009791285417],[8.682577166245466,49.949938556617674],[8.682796522293417,49.949980257250616],[8.682975741987605,49.94979822813858],[8.683106382398988,49.949847959890505],[8.683168780765639,49.949960210558444],[8.683336723622915,49.949945607942624],[8.683525715569365,49.94998725134145],[8.683897707643169,49.949986508043104],[8.683999697822184,49.949902556763675],[8.684088207574119,49.94991739936973],[8.684593754661357,49.94976005110099],[8.684854481768388,49.9494821139733],[8.68488736315143,49.94934067666488],[8.684898899227328,49.949291008735756],[8.684768624117796,49.94910386340773],[8.684888832212206,49.94902980335347],[8.685066135279671,49.949097073327366],[8.685131888007717,49.94882401400401],[8.685344700048441,49.94879682153095],[8.685108882905546,49.948651572418264],[8.685335229432622,49.948538132492246],[8.685426438260967,49.94864050944789],[8.685499015559738,49.94858565308145],[8.685719571372886,49.948567025513114],[8.685734813999716,49.94848897567852],[8.686130945280514,49.94848491064042],[8.686275956516923,49.94854327639524],[8.686490961230362,49.94848812852891],[8.686466704182227,49.94842168009671],[8.686676972845548,49.94833361156698],[8.686963385349856,49.94841212446026],[8.687204911748186,49.94835861515223],[8.687548560690074,49.9483244435689],[8.687537401070559,49.94838984998321],[8.687735433823537,49.94849013331623],[8.687982070258936,49.94861501813306],[8.688264825827682,49.94875819732269],[8.688521126975683,49.94875923734639],[8.688769202671603,49.94864828266068],[8.689036961252903,49.94881954118359],[8.689436530292207,49.948598641409546],[8.68982061383944,49.94853761260179],[8.689879464803521,49.948368446326675],[8.690099442962707,49.9484307121611],[8.690114920223216,49.948301908555905],[8.690268563764539,49.94835334313347],[8.690718974930704,49.94833869956475],[8.691031908051297,49.948328501241974],[8.691529356864795,49.94831227629403],[8.692034804615057,49.94827368144261],[8.692047564961701,49.94816674561717],[8.69220940587945,49.948178126307475],[8.69239964154616,49.94819142078282],[8.693015017083974,49.94827709088863],[8.693260244995242,49.94828674389361],[8.6935190361932,49.948423735891076],[8.693703261300284,49.94871046646807],[8.693919615649952,49.94884261351986],[8.694157943935968,49.9490371720191],[8.694602729530084,49.949072873792616],[8.695112407929184,49.94928623407052],[8.69527616761914,49.949282256880416],[8.695322974336227,49.94928202831246],[8.695360663821566,49.9492777198033],[8.695401515130628,49.94927304102653],[8.695710082680664,49.949237617469805],[8.695784790475834,49.949228998427536],[8.696036167875347,49.94933751940432],[8.696582429017889,49.949434913999404],[8.696822927840895,49.949477400520934],[8.697125429552766,49.949530945512436],[8.697365845287283,49.9495734577298],[8.698017689164041,49.94940269632453],[8.698103391797652,49.94940643458633],[8.698416125864068,49.9494200108954],[8.698529250509923,49.94942487468795],[8.698932791643083,49.94931862860887],[8.699223213899888,49.94924229138956],[8.699417771444116,49.949191095497],[8.699608528246031,49.94938679036089],[8.69965302453268,49.94968166703708],[8.699586134216322,49.94993485725075],[8.699648966478795,49.94996103229509],[8.699912288158137,49.95007073848854],[8.699993499826476,49.95010447797],[8.700462347396375,49.94999563739822],[8.700693147660992,49.95002949216935],[8.70080667750626,49.95024001989464],[8.700889377667929,49.95027735888658],[8.701146374675028,49.950393211046276],[8.701223610856305,49.95042799397545],[8.701248752107091,49.950323306349],[8.701660595826121,49.95024021829039],[8.702015717532843,49.949978520054664],[8.702196028955848,49.94995683746962],[8.702504130477683,49.94991979929679],[8.702771462794413,49.949887685260755],[8.703489454793976,49.95012993409237],[8.703767312327042,49.95022357996845],[8.704014253734726,49.950306898191734],[8.704097396124066,49.950299863630015],[8.704387779006453,49.95027526766617],[8.704626303838621,49.950162280869904],[8.704879072121294,49.95004265097738],[8.705250595451261,49.949866727938364],[8.705600174489513,49.94979969157524],[8.705900737198117,49.94974196680267],[8.706072419257929,49.94970895365635],[8.706304741205244,49.949865426840525],[8.706571588142783,49.95017965625349],[8.706811709312541,49.95028179804041],[8.707128194423664,49.95030060606447],[8.707484940096291,49.95015835726161],[8.707614245666962,49.950035706027236],[8.707803953610984,49.950091913176166],[8.70808892088134,49.95017637305546],[8.70835362623901,49.950254778445576],[8.708421030802544,49.950274741063744],[8.70865210441723,49.95034321872367],[8.708937130907355,49.9504276225824],[8.709276975822096,49.95052825184868],[8.709449985909844,49.950483718061406],[8.710004055237455,49.95068436116788],[8.710277506562642,49.950783361342594],[8.710791182958745,49.950969325305394],[8.710824193984697,49.95109725198145],[8.711010479310636,49.9511426564408],[8.711303755680687,49.95121428517349],[8.711428253708592,49.9512446091773],[8.711704013423459,49.95110782429688],[8.711919684183885,49.95102242748646],[8.712052521518105,49.951009372583925],[8.712362455253325,49.95097909978243],[8.712813703087788,49.950934872020596],[8.712835293057386,49.95093890032684],[8.712900592955007,49.9509512028519],[8.713126098755927,49.95099364547568],[8.713331943214074,49.95087206946882],[8.71364509495022,49.95090239748082],[8.71374691506693,49.95092836367774],[8.71403844384882,49.95100282036792],[8.714567732465268,49.95113791709305],[8.714848581580318,49.95113203713628],[8.714876800743996,49.95110255195504],[8.715041362205222,49.95093027989647],[8.715058889714376,49.950912016979316],[8.715256293854907,49.95100230102804],[8.715485443713987,49.951114781196296],[8.715506718590092,49.951101151216086],[8.715521653932086,49.95109096678465],[8.715769452837657,49.95127982559152],[8.71585751543535,49.951325224907],[8.716102440877751,49.951451559847044],[8.71706941629301,49.95195018451995],[8.717314376040523,49.95207651696656],[8.718113271135904,49.95248849311717],[8.718956799376338,49.95253191080179],[8.719269405657267,49.95254789117866],[8.72011466884796,49.952591439839395],[8.720297028746318,49.95254464110451],[8.720330493195375,49.952478095642626],[8.720518233629997,49.952395319514046],[8.720657466001766,49.95250478764837],[8.720950850531933,49.95242126470081],[8.721065244338337,49.952232206917365],[8.721065667664545,49.95223153193947],[8.721119586216698,49.95222044004817],[8.721227822706766,49.95224046633014],[8.721263897812536,49.95229785042644],[8.721466709927933,49.952408551940685],[8.721573008877588,49.952279746008415],[8.721517602297778,49.95218521694957],[8.721563482129541,49.95214252302757],[8.721643887301301,49.95215931845419],[8.721734122911574,49.95214425744326],[8.721770653907646,49.95211289774269],[8.721908252920352,49.952035352973155],[8.7220173270393,49.952031288035215],[8.722037904723555,49.951973363941256],[8.72180739173657,49.951924274850924],[8.721759338107281,49.95185902063681],[8.721910990976754,49.95180265472117],[8.722010348983089,49.951839694086026],[8.722070682400929,49.951831321108585],[8.722157918239006,49.951764038658915],[8.722138126786437,49.95169993388321],[8.722213920912727,49.95163354333702],[8.722309326747045,49.951652780770786],[8.722318350803327,49.95173189389157],[8.722423679461212,49.95177124558107],[8.722485923783138,49.95181957949406],[8.722444354216275,49.95192498947185],[8.722521636185046,49.95197922698797],[8.722619199036789,49.951939495446815],[8.72284958640951,49.95205447869777],[8.72290917767391,49.95210237340462],[8.722873846352657,49.95215869409526],[8.72286501429558,49.95223597987723],[8.722874396284382,49.95228213224552],[8.72293733750205,49.95229204397441],[8.722933260934386,49.95232026382258],[8.722798490769526,49.95240200773754],[8.722668395577042,49.95238536472394],[8.722592286301788,49.9524189014095],[8.722699041885784,49.95249248868232],[8.722756058140044,49.95258472263147],[8.723012944526308,49.95258487663199],[8.723118475268466,49.952506496741314],[8.723298212295376,49.95249232410587],[8.723384970839026,49.95252292379246],[8.723430575680181,49.9525866031751],[8.72348935970805,49.95268779115983],[8.723371257878862,49.952720200736266],[8.723392023406848,49.95274153060048],[8.723559235551868,49.95291273980605],[8.723596347020088,49.952950846239666],[8.723618516206114,49.953054299366826],[8.723813476463203,49.95317041305512],[8.723887120212085,49.95312800064028],[8.724072869625001,49.953084746260345],[8.724206568812349,49.95327861529441],[8.724429857243026,49.95333595662426],[8.724649955119204,49.95332523070617],[8.724668196440824,49.953416695657694],[8.724651757083107,49.953435854914176],[8.725274976182932,49.95333436489097],[8.725503107353903,49.95349435880174],[8.725566936324899,49.953446838610915],[8.725796938308015,49.95356324816729],[8.726043559070302,49.953688132938865],[8.726274343847198,49.95380497602809],[8.726604415867618,49.953656846106114],[8.727142579145507,49.95341543078436],[8.727694340582298,49.95347405174743],[8.727971211891433,49.95339709705486],[8.728209293791364,49.95333089379423],[8.72875491636087,49.95324788776448],[8.729198471219643,49.95318040515805],[8.729330925781893,49.95309118542943],[8.729794244761749,49.95277936070361],[8.73027702418195,49.95280709144484],[8.730455728755917,49.952817403403195],[8.730867629100308,49.95279418617219],[8.731100935092863,49.952780963954986],[8.731308269148089,49.95276181347066],[8.731690987915842,49.952726411877364],[8.731732297489632,49.95268946285541],[8.731790495790623,49.95263746464504],[8.73184804754441,49.95258605978673],[8.732205017392673,49.95226721957223],[8.732290838697596,49.95219040823098],[8.732404808801599,49.95179215818085],[8.732450431484603,49.95163256617183],[8.732478898999187,49.95159169352187],[8.73252546304513,49.95152457987629],[8.733024541415912,49.951136031508945],[8.733967801429415,49.950402012043234],[8.734220309130555,49.95020495669608],[8.73425832308435,49.950141175690796],[8.734285643130569,49.949718903027936],[8.734288621685424,49.949670481496966],[8.734375179895356,49.948314361190626],[8.734377170782738,49.94828281024848],[8.734026958491317,49.94806793329936],[8.73404361889783,49.94803300897563],[8.734261290003495,49.94757434416482],[8.734970600154647,49.94654745209562],[8.734988033923266,49.9464732675255],[8.735073180164054,49.94610904588686],[8.735161585182578,49.94571113994041],[8.735169468794156,49.94567554644598],[8.73523739499969,49.945284948497935],[8.735262204422398,49.945160540644245],[8.73532663006711,49.944837074599754],[8.73533015431407,49.944801065544176],[8.735411092502968,49.943968882042384],[8.73541563611794,49.94390497016157],[8.735453149107991,49.943375020228586],[8.73529580709487,49.94283451281816],[8.735038791362467,49.94237297729418],[8.734965117421568,49.942333952680066],[8.734275368976233,49.942265613166484],[8.733965617255468,49.94223488889501],[8.732509626596897,49.94209060856924],[8.732453968980668,49.9420850722296],[8.732667142025681,49.94170962831669],[8.732774983052721,49.94151978646462],[8.733022000037929,49.94108455353505],[8.733088041343303,49.940935878015615],[8.733174294835555,49.94074147043142],[8.733264681717287,49.94053752720336],[8.73329893794653,49.940272155432325],[8.733307173985025,49.940208252081554],[8.733323932704161,49.94007914812069],[8.733331813852903,49.940039012009734],[8.733356084154087,49.93991644192218],[8.733395880706775,49.93971578928116],[8.733420209721308,49.939592651470846],[8.73342759937624,49.939555434528444],[8.73343585345234,49.93951354167124],[8.733475537668589,49.939312861691285],[8.733496356858355,49.93920767027848],[8.733712014492923,49.93842327865173],[8.733728731415386,49.93836231502949],[8.733758056257953,49.93825554772477],[8.733792144075265,49.93813156692954],[8.73381342523184,49.938053930152286],[8.733843035187592,49.937946081879154],[8.733520876569228,49.93734181169466],[8.733276399742413,49.936850259273356],[8.73311408353701,49.93635819233089],[8.73293084664172,49.93583354794209],[8.73266656059025,49.93513065864026],[8.732663000911735,49.9351223221438],[8.732633524752911,49.93505427587014],[8.732346830447996,49.93439170467281],[8.7319604759592,49.9334711038578],[8.731950296117706,49.933446933686454],[8.731962500231976,49.93308094956097],[8.731980111771572,49.93307544707527],[8.732166644262033,49.933016876856996],[8.732333969581374,49.932964183757456],[8.732415302619335,49.93293451935249],[8.732688342986293,49.93283520939996],[8.733357090071753,49.932591902239785],[8.734431756086307,49.9322005313717],[8.734578293007626,49.932145678316544],[8.734849520359436,49.932044060726476],[8.734996056333484,49.93198920714048],[8.735511108004202,49.93175667672538],[8.735576112713733,49.931727297344025],[8.736325169957137,49.931384405823756],[8.736580625945114,49.93126736260509],[8.737076234661792,49.93104045944612],[8.737716844824266,49.93071488897816],[8.738610573233546,49.93020493255793],[8.738845397933078,49.930071100120564],[8.739107500406277,49.92992156428678],[8.739150316968123,49.92989589153491],[8.739313338918123,49.929798184226286],[8.739542870185984,49.92966049880198],[8.739958018939715,49.92941158134935],[8.740522121812027,49.92896614501355],[8.740534524776496,49.92895687102301],[8.740739034568504,49.92880360631559],[8.740843702283268,49.92872515402106],[8.741092886172593,49.92848562293901],[8.74111637027058,49.92846331333165],[8.741158073370249,49.92841027293191],[8.741299925142178,49.92822985447422],[8.741306593299775,49.92822154104637],[8.741363664163016,49.92814820081288],[8.74156657741027,49.92791605556589],[8.741647144377499,49.92779177021454],[8.741833752493642,49.92750372364847],[8.742016769245481,49.92710794164902],[8.742152545512317,49.9266715484847],[8.742186226037724,49.926487346128965],[8.742223013496881,49.92628646701598],[8.742234441916063,49.92622392197857],[8.742277806152815,49.92592163060997],[8.742306574839125,49.925720246913535],[8.74234523104068,49.92545169089183],[8.74228953609734,49.92545129675185],[8.741901415805827,49.92545159641918],[8.741588052370716,49.92545181801369],[8.741197780237497,49.925452110531936],[8.741200499946212,49.92542434657089],[8.741188113441485,49.925185420957554],[8.7411776825552,49.924983165873826],[8.74116314328265,49.924702702065254],[8.741149360293385,49.92443759862399],[8.741138873683337,49.92423537042596],[8.741136468366022,49.924188775211746],[8.741134593287251,49.92415275380384],[8.741155225981418,49.9240728156598],[8.741217749154492,49.923831001637076],[8.741289030807165,49.92355556939833],[8.741340423266612,49.92335688623704],[8.741336000461942,49.92332172442405],[8.741310727245935,49.923120085143246],[8.741299494934863,49.92303101749413],[8.741298824970514,49.92302566208719],[8.74133982949673,49.92294558005449],[8.741461873779539,49.92290210151581],[8.741740483243774,49.92280286366445],[8.741736342819724,49.92276710761311],[8.74172101692966,49.92263338790371],[8.741700773305608,49.92245774529148],[8.741685500752034,49.92232453944822],[8.741662322822819,49.922122823756695],[8.74163180384678,49.9218568447369],[8.74162841421859,49.921827039141235],[8.741578778370304,49.92139442425239],[8.741572499243633,49.921340600720875],[8.741561666687373,49.92124469284796],[8.741558907316374,49.92122245984327],[8.74153581483492,49.92102063611782],[8.741534744078736,49.92101184574079],[8.741530470887946,49.92097484553623],[8.741525665869005,49.920932787671234],[8.741419000231474,49.920630594526145],[8.741349582012928,49.920433318322296],[8.74122417483672,49.92007776033932],[8.741174106530254,49.919935715776596],[8.741170884541853,49.91991121036699],[8.74114499828057,49.919709704761246],[8.741141243816612,49.91968027688537],[8.741135339651905,49.91963483654395],[8.741129460834747,49.91958988297804],[8.740774316874164,49.9195722167787],[8.740461914454638,49.91955667314638],[8.740359391280466,49.91955157647501],[8.739697758133397,49.91944269057925],[8.739466364338696,49.919375084812266],[8.739180902898587,49.91929175493441],[8.739054828775165,49.91925483216601],[8.738478244228855,49.91924187920252],[8.738311637020631,49.91915127097536],[8.738266586560501,49.91912672517224],[8.738210468811134,49.919097395333516],[8.738096394891707,49.91903770390313],[8.738058204415767,49.91903123621786],[8.737754997691383,49.91897995920154],[8.73769760049655,49.918970230207975],[8.737613115199132,49.91895751958672],[8.737104461138133,49.91893976513967],[8.736972703518793,49.91895158031007],[8.736894047775426,49.9189921781921],[8.736822059949528,49.91903465691057],[8.736706334356008,49.919032312166635],[8.736603180792935,49.91904062257364],[8.736510077521753,49.91905571571843],[8.736429441047662,49.919080247035275],[8.736350778812648,49.9191065403829],[8.736275034213765,49.919135814709726],[8.736238247633349,49.91921009100451],[8.736137539278621,49.919251557576295],[8.735988050624998,49.91920457340549],[8.735845827577204,49.918912055504265],[8.735772322880791,49.91886381097227],[8.735565575341997,49.91882818778006],[8.735539669125258,49.91882372119194],[8.735354398625038,49.91881564625863],[8.735265395211785,49.918811738651186],[8.735199997448388,49.918808885354004],[8.73502637641827,49.91880129617399],[8.73500036821104,49.918800155150414],[8.734189724075536,49.91891787085797],[8.733298284557565,49.91904740088268],[8.733191754185906,49.919059891687915],[8.732950786997364,49.91908840506853],[8.732452244150151,49.9191471766539],[8.732321079371234,49.919162638305814],[8.732195422747361,49.9191774635689],[8.731730374810397,49.919232388592704],[8.731538366386856,49.91925500940007],[8.73094052974801,49.91932555035449],[8.730718126364724,49.91935183080342],[8.730463251379616,49.91927317430813],[8.730327877334874,49.91923154251723],[8.730257808836281,49.91920436662716],[8.730230350090903,49.9192027614806],[8.729995123399082,49.919188612978296],[8.729857747312911,49.91918034331771],[8.729172012323142,49.9191391574879],[8.729049772137472,49.91914252236775],[8.728731176824297,49.919151187529486],[8.728353864679352,49.91916147190101],[8.728078139517812,49.91916901887394],[8.727793304307657,49.919176679009695],[8.727726686872456,49.91921673109265],[8.727196554106088,49.91952433602091],[8.726860780310833,49.91971931520434],[8.72646563239826,49.91996231160007],[8.726501459396022,49.920356801259764],[8.726060615705324,49.920343538754715],[8.725951599538515,49.92034019864974],[8.725708672639687,49.920332999578875],[8.72558772654744,49.920329333476765],[8.7255253115464,49.92032748226258],[8.725400956743664,49.92032375381858],[8.725272076116786,49.920319852280656],[8.725088743376467,49.920314280261245],[8.72495301784515,49.92031017286364],[8.72483263042249,49.920306561378865],[8.724694444413226,49.920302718240706],[8.724554797688842,49.92030022346778],[8.72439341334217,49.92029732535228],[8.724247368478709,49.9202946798047],[8.724101239957339,49.92029200683423],[8.723897330162242,49.920288357897476],[8.723189598991734,49.92027542224434],[8.722871692274087,49.92026971472677],[8.722746910318401,49.92026744257505],[8.72242405889354,49.92026153272972],[8.722224676124368,49.92025789168661],[8.72208488995429,49.920255393605515],[8.72138792340545,49.92016392160094],[8.721452230061953,49.92008958091218],[8.721369580787009,49.92003505905362],[8.72055019862925,49.920045309706744],[8.72052161356175,49.92006933345285],[8.720121983344962,49.92040482826396],[8.720087284357152,49.92040366292378],[8.719314302981207,49.9203765664518],[8.719187656466316,49.92042587824567],[8.71905996744688,49.920481433611705],[8.718929532950101,49.92053814490248],[8.718720908261623,49.92059071860202],[8.718539205063339,49.9206363809482],[8.718170059980702,49.92072928620004],[8.717773089214294,49.9204475106506],[8.717700161321538,49.92043716612716],[8.71664011401028,49.92047270741532],[8.715853136712365,49.92048789829335],[8.715653829655265,49.92049506213341],[8.715562985966585,49.92050446560814],[8.714961750312286,49.92056669571508],[8.714187017174233,49.92064688246181],[8.713722534317226,49.920694895563415],[8.712742376446714,49.921034906371666],[8.712606204562778,49.92108221346723],[8.712391712156684,49.92115663658838],[8.712342440654506,49.92113893840377],[8.711077113994122,49.920685550378494],[8.710994708659825,49.920671473549795],[8.710754409655538,49.92064080603672],[8.710520532211639,49.920611100453165],[8.71020040328804,49.92057041699462],[8.70991292789174,49.920573808387424],[8.709712530331336,49.92057622729292],[8.709518280723952,49.92057858013073],[8.709130313026469,49.92058317800338],[8.707589015469873,49.92094158395717],[8.707471986210676,49.92096943746147],[8.707230343994452,49.921026882571034],[8.707032946607198,49.921041120894564],[8.706839854680934,49.92105499120545],[8.706637229520483,49.9210695671609],[8.706235304759666,49.921098618273454],[8.706115681029031,49.92110718432837],[8.705776601591388,49.92113160700471],[8.705638767566244,49.92112947261487],[8.70530727437921,49.921124115109855],[8.705182628700273,49.921122175927714],[8.705021939330209,49.92111960414427],[8.704465240111773,49.92111077794821],[8.704426262368198,49.921110137819184],[8.704285413568227,49.92110293766024],[8.70410196337956,49.92109362768913],[8.70357264764446,49.92106688547828],[8.703289385773852,49.921052478913516],[8.703158202400605,49.92104584291198],[8.70301316347616,49.921038468243104],[8.702895696545808,49.92103248898733],[8.702825104794588,49.921028874050805],[8.702581762273592,49.921016541956234],[8.702542038980793,49.92101446616267],[8.702373770673823,49.920940350505326],[8.702078118499747,49.920810042836635],[8.701936186741484,49.92074754026558],[8.701634944775986,49.920776266308664],[8.701384841837331,49.920800066773445],[8.701134251571913,49.921060870935925],[8.700196239256949,49.9208436713403],[8.700125671528228,49.92080922923517],[8.700021726523406,49.92076331692556],[8.699465351866927,49.920730050454296],[8.699364708432324,49.920724030094625],[8.698729068741448,49.920662243724614],[8.697154129742074,49.92042751779111],[8.69655125367558,49.920346768871205],[8.69644402184154,49.920326586821254],[8.695903087540625,49.92022982672063],[8.694320947976584,49.92024559598279],[8.693526049977763,49.920310719591704],[8.693457438631675,49.92032116498166],[8.691966533918471,49.92056006094653],[8.690714190171633,49.921049072186975],[8.690385763452158,49.92112809906188],[8.689494585372923,49.92110519320296],[8.688325928957847,49.9211078180179],[8.688267996790472,49.921108527599046],[8.687256230403223,49.921109075546774],[8.686633914791745,49.92128677906806],[8.68476834828981,49.92174540520206],[8.684480383476282,49.9218309878825],[8.682887868368075,49.92221856213744],[8.6827243141323,49.92223485258196],[8.682423411404052,49.92231512196096],[8.681437236977398,49.92251616371942],[8.681135476101593,49.92257766164679],[8.680956584946422,49.922614133343174],[8.680619033750013,49.922682859303684],[8.680175539976448,49.92277314049331],[8.679831101874528,49.92284341348821],[8.679594284718409,49.92289167483473],[8.679022093905054,49.92300823039036],[8.678807937266336,49.923044060368554],[8.67839201084579,49.92311029141036],[8.678365485645791,49.9231153013713],[8.678113235574342,49.92315583753758],[8.677844994498399,49.92319727513791],[8.677487491632203,49.923260366325415],[8.677238732248286,49.923301045496515],[8.676952101035232,49.92335094744822],[8.67659462454762,49.92341392779717],[8.676222478586457,49.92342643651737],[8.675948305989094,49.92344762726219],[8.675754712740353,49.92346263418631],[8.675398646136642,49.92349008424832],[8.674875434135924,49.923530665894745],[8.674847865905054,49.92353277884875],[8.674813670951618,49.923535441056],[8.674811854544293,49.92353543596312],[8.674615208140414,49.92353894043035],[8.673890645706598,49.92345162126337],[8.67369892904327,49.92342863884975],[8.673075588334175,49.92335355099802],[8.672467858502099,49.923280288519734],[8.672275975538243,49.92325730328249],[8.671902347604618,49.923212306934566],[8.671847955155,49.923205744571874],[8.671715352353168,49.92318979427578],[8.67156065414552,49.92316840030057],[8.67136999738939,49.923141928876895],[8.671055605188638,49.923098314428955],[8.670906827917273,49.923056980860366],[8.670727760726983,49.92300712463216],[8.670317496273698,49.922893067175096],[8.670134469958384,49.92284206309449],[8.670024519631891,49.92281154665234],[8.669886371140837,49.92277313529017],[8.66976345180096,49.92273895832613],[8.669584470068257,49.92268920873131],[8.669441469416817,49.92264940397462],[8.669293978127767,49.92260839647671],[8.6691149418463,49.92255859191987],[8.669098848241422,49.92255413848505],[8.66906253345238,49.92254403007126],[8.669020975363411,49.92253241948326],[8.668808343582732,49.92248765617178],[8.668797125798474,49.92248532573798],[8.668611729300586,49.922446264157365],[8.668542246981866,49.92243170736629],[8.668417766332743,49.92240542018904],[8.668227039820417,49.92236536931398],[8.66799950914259,49.922317398216336],[8.66793705923846,49.922304294312596],[8.667751719652044,49.92226528559775],[8.667716141637039,49.922257828791764],[8.667469131933219,49.922214316521476],[8.667281041943577,49.92218119388667],[8.666978044063793,49.922127866658116],[8.666654740465399,49.922166416267636],[8.666599756484981,49.92217296413932],[8.666490963353814,49.92217373294412],[8.66629601352257,49.92217506498128],[8.666153210021042,49.92217611416665],[8.66599637901034,49.92216898374038],[8.665801918256381,49.92216020339634],[8.664736284509246,49.92211178174965],[8.664541768712123,49.922102945053105],[8.664407231010836,49.92209679631668],[8.664381023584214,49.92224508895145],[8.664548678898852,49.922359547580776],[8.664518710279898,49.92237738841542],[8.664424135169778,49.922435277842204],[8.664161738739356,49.922587618783915],[8.664105618595622,49.922544408589644],[8.663938117180185,49.92264102398439],[8.663624537369957,49.92240175735477],[8.66357033551906,49.92233597406491],[8.663054830824677,49.922321552431484],[8.662977863408642,49.922318705917995],[8.662783305968361,49.922311758951786],[8.662776469863184,49.92228223843675],[8.662750485828127,49.92220950640521],[8.662586910156682,49.92213980823733],[8.662223817315091,49.92213731821434],[8.661639125881816,49.92188316844191],[8.661583044358439,49.92185883105261],[8.6615377593851,49.92183306498427],[8.661305933879419,49.92170140644336],[8.660503912351182,49.92156937765647],[8.660177167742285,49.9216520013855],[8.659915426809132,49.92167411001709],[8.65988849219316,49.921677573273634],[8.659860494955065,49.9216811415675],[8.659285669224007,49.92174256566916],[8.658201244909145,49.92167434363344],[8.657452127092146,49.92147968978328],[8.657288807102015,49.921466011771244],[8.65723381712007,49.92148910366908],[8.6571594313101,49.92152043948829],[8.65691380063781,49.9215364779277],[8.656835486133525,49.9216567094521],[8.656490938095411,49.92180170549016],[8.656322865040853,49.921835440208156],[8.65550512790619,49.92220065002088],[8.655139323719967,49.92244895282338],[8.655093355154559,49.92248023660929],[8.654899106767418,49.92252792517841],[8.654879775010178,49.92253100429433],[8.654707480156238,49.9225606140271]]]]}},{"type":"Feature","properties":{"id":"09","bez":"09 - Kranichstein","bez_name":"Kranichstein"},"geometry":{"type":"MultiPolygon","coordinates":[[[[8.693512922990342,49.89517527944125],[8.693484595021118,49.89517214903298],[8.693429083643899,49.89516597234195],[8.693351719431847,49.895157358308055],[8.69332213590596,49.89515403525903],[8.693130064456838,49.89513276032372],[8.693063919837467,49.895125392593165],[8.692564039686513,49.89493351669874],[8.692378765256398,49.89486247768901],[8.692283217613342,49.8947971656642],[8.692278239619363,49.8947938265202],[8.69214468100236,49.89470223867362],[8.692139675271608,49.89469887240983],[8.69168833483418,49.894389902676856],[8.691525913921934,49.89427868736267],[8.691392217993664,49.89418717939414],[8.691203020306661,49.89405766731782],[8.691163812851656,49.89403082022577],[8.691150493453085,49.89402169927151],[8.69108306215676,49.893975551452016],[8.690769266197906,49.89376061140741],[8.69063548934869,49.89366910234019],[8.690442263528679,49.893536874249165],[8.690012800849894,49.89324274726448],[8.689964946409441,49.893210090060116],[8.689831256557385,49.8931185532465],[8.689772615150002,49.89307829587363],[8.689521401671799,49.8931137761644],[8.689337750747683,49.89313964841235],[8.689147502203001,49.89316653020787],[8.6890140821807,49.89318537095531],[8.68885603537563,49.89320768772827],[8.688633192489247,49.89323924027859],[8.688548483506345,49.89325723783281],[8.688181371136702,49.893335559906255],[8.688022524459482,49.89338650888184],[8.687851447719412,49.893441372575914],[8.687803458236813,49.89345581800877],[8.687626834618118,49.893508935869356],[8.687508358395844,49.893544471854526],[8.687451246722514,49.89356162361041],[8.687349308395172,49.89359209342426],[8.687225036480665,49.89362550436363],[8.687027073589261,49.893678780070665],[8.686708978614385,49.89376428724075],[8.686571534588229,49.89380033886295],[8.686418116886836,49.89384048426484],[8.686237673855095,49.893887803093676],[8.686101852441057,49.893923317746996],[8.685878970010453,49.89398168869672],[8.685698385938428,49.89402906038421],[8.6855966102889,49.894055662360174],[8.685334364412258,49.89412436301479],[8.685145625955876,49.89411995692368],[8.68512471087402,49.89411946749072],[8.684929911956807,49.894115071631816],[8.684908997055484,49.894114555120304],[8.684694679670558,49.894109646145644],[8.684680326564276,49.894109336715815],[8.684680047286689,49.894109335956394],[8.684610795785058,49.89410771449784],[8.684451321520365,49.89410403582957],[8.684326054015603,49.89410118015111],[8.684200981844052,49.89409835190939],[8.684075769872477,49.894095550192006],[8.683950501883936,49.89409277522685],[8.683928274752631,49.89409220088166],[8.68382523444039,49.89408991900746],[8.683735012265835,49.894087780162984],[8.683644510291856,49.89408572160531],[8.683556577678083,49.89408366998861],[8.683466131398642,49.89408163848381],[8.683329582447547,49.8940785616523],[8.683284485699474,49.894077438004906],[8.683242822826161,49.89407651300097],[8.683200880677155,49.89407558721907],[8.683155811154649,49.89407457175649],[8.683062991761531,49.89407242529245],[8.683009851905624,49.89409258717008],[8.682969255526352,49.894107916096004],[8.68292090328804,49.89412625229381],[8.682308896248946,49.89435825792276],[8.68190039783269,49.89450539902394],[8.681730245387202,49.89456669176905],[8.681512809029861,49.89464502488203],[8.681442681564224,49.894670304044745],[8.681219365300695,49.89475075662308],[8.681098790216085,49.894794230082844],[8.680928636278349,49.89485544052578],[8.68080794931659,49.89489885929466],[8.680401191969768,49.8950135787991],[8.680232104105949,49.89506113589772],[8.679409935416022,49.894968470668694],[8.67909400789674,49.894921763799964],[8.678783174115077,49.89488615662869],[8.678322628436916,49.894823336652784],[8.678112519050025,49.894781652625284],[8.677878701109286,49.89472281300319],[8.677602135756016,49.894637219548045],[8.677386407388177,49.89455046973783],[8.677344654384589,49.894533696853074],[8.677108544104508,49.894421093532785],[8.67691665986079,49.894293794971865],[8.676761793476482,49.89418144431173],[8.67658071184375,49.89403019071006],[8.676456708280776,49.89392192764967],[8.676428804094071,49.8938974595965],[8.676068319837798,49.89358273360043],[8.675655219508236,49.89322289156976],[8.6751524775292,49.89278405609015],[8.674793849385267,49.89246987206045],[8.67465565249724,49.89258805538047],[8.674495231145102,49.892721886466106],[8.674401517312777,49.89279501028025],[8.674307762908374,49.89286167131281],[8.674200504265432,49.89293470283868],[8.674074198785458,49.89301600909093],[8.67394244849184,49.893092946433995],[8.673810062337907,49.89316471717325],[8.673654227737979,49.893243100683165],[8.6735207040852,49.89330534976419],[8.672791742831281,49.893687994995396],[8.67258823454836,49.893794850988904],[8.672507122564951,49.893837426459925],[8.67142352983607,49.89429139330482],[8.67115173892293,49.894405300021134],[8.670856183820815,49.89453090110236],[8.67047138810281,49.89469448259747],[8.670262715504801,49.894783202940054],[8.669877962636848,49.89500132251174],[8.669566237195177,49.89519536689114],[8.669338677503376,49.89536631483444],[8.669144931540407,49.89553008501691],[8.66906389319091,49.895601861611595],[8.668984274149393,49.89567842830171],[8.668895433002781,49.895768001942166],[8.668807910082354,49.8958607970526],[8.668671673926386,49.89602354090703],[8.668520435466183,49.89622753197323],[8.66839179681815,49.89643064106217],[8.668248948989246,49.89673440674255],[8.668149794403021,49.89702004520266],[8.66808685185323,49.89730338064959],[8.668066842396929,49.89756155644661],[8.668072999549091,49.89790173866482],[8.668125390001967,49.89820003285994],[8.668190645954155,49.89842665346446],[8.668288632901659,49.89843802024386],[8.668316450504795,49.898499345656326],[8.668389557221172,49.89866063265463],[8.669430882884397,49.89942418985125],[8.66972940787641,49.89964179391343],[8.670458874136884,49.900173665865296],[8.671636183037528,49.90104009835373],[8.671821459052596,49.90117990635558],[8.67219976773926,49.90146538404454],[8.67238851862418,49.90159576395828],[8.673187419902296,49.90211653894194],[8.67327793429585,49.90218096012381],[8.673298116613111,49.90219532119068],[8.673470695640836,49.90231808253608],[8.673632656390907,49.9024332425139],[8.673648808399948,49.902444671846794],[8.673669074005318,49.90245914124303],[8.673934868124805,49.90264816901336],[8.673964538200723,49.90267229107027],[8.673986373745675,49.90269009075464],[8.674008675052129,49.90270924374839],[8.6742883465256,49.902940978960295],[8.674660479502789,49.90324763059009],[8.675512453417713,49.90386380044561],[8.67651059972648,49.904592939633766],[8.677373140316817,49.90521507392867],[8.677423293345363,49.905251230822024],[8.677471306693905,49.905285705258095],[8.679869162083863,49.907071802084104],[8.681088659735757,49.90784856188644],[8.681931017117154,49.90842244799482],[8.682065014743895,49.90851380521628],[8.68222593566069,49.908623406974314],[8.683669099091889,49.909573997625806],[8.684790916708854,49.910328440983655],[8.685542141799056,49.910833857828564],[8.685813295670098,49.9110162477491],[8.686830751341601,49.91170516778353],[8.687512097648641,49.912114039349184],[8.687936238231773,49.91239485650014],[8.6880641544934,49.91247956553723],[8.688550767345356,49.912800324321786],[8.689010596351915,49.913133582835435],[8.68963368209942,49.913466789804225],[8.690142274908691,49.91370047769681],[8.690545583744791,49.91384873342156],[8.691159714085947,49.914051710523395],[8.692120862282874,49.91430306136422],[8.692239002186989,49.91439368860968],[8.692174098995352,49.91459098963509],[8.692545847907207,49.9146954849641],[8.692572406269207,49.91479417032344],[8.692632312055261,49.91486858100338],[8.692935906386252,49.91511125819941],[8.693204595629902,49.91532915472041],[8.69355795897593,49.91561576673725],[8.693889989497068,49.915883177024575],[8.694012083969724,49.91598141111536],[8.694042245851278,49.91600574558321],[8.694148998195399,49.91610447985179],[8.694436524654604,49.91642944751644],[8.694533376467911,49.916538782061274],[8.694925806345228,49.91698232478209],[8.694937592936265,49.91699192794939],[8.695058403632537,49.91709069833935],[8.695077139392302,49.9171060522457],[8.695371606604805,49.91743117097492],[8.695439463752493,49.9174820762449],[8.695464436494944,49.91750096166687],[8.695591557790928,49.91759634102078],[8.695683860832574,49.91766558935165],[8.695983160737432,49.91786322555264],[8.69611945437741,49.9179533014835],[8.696817655916197,49.91841445733411],[8.696959768791006,49.91850833307897],[8.69757401682209,49.91888492716778],[8.69771536702509,49.9189716343886],[8.697882606154725,49.91907406503734],[8.69821984988765,49.91928388111973],[8.69836013621888,49.919371287818606],[8.698743589729958,49.919609939014656],[8.698787437778005,49.91964493449731],[8.69885008141915,49.919695013006844],[8.69903765171768,49.91984494995347],[8.699160104141605,49.919942827950734],[8.699455393106293,49.920178895556155],[8.699539198310497,49.92024582035887],[8.69951997797423,49.920294523668375],[8.69948202229997,49.920390309133914],[8.699481387806903,49.92040247548579],[8.699474905201553,49.92052830280471],[8.699472989608308,49.92056674870717],[8.699364708432324,49.920724030094625],[8.699465351866927,49.920730050454296],[8.700021726523406,49.92076331692556],[8.700125671528228,49.92080922923517],[8.700196239256949,49.9208436713403],[8.701134251571913,49.921060870935925],[8.701384841837331,49.920800066773445],[8.701634944775986,49.920776266308664],[8.701936186741484,49.92074754026558],[8.702078118499747,49.920810042836635],[8.702373770673823,49.920940350505326],[8.702542038980793,49.92101446616267],[8.702581762273592,49.921016541956234],[8.702825104794588,49.921028874050805],[8.702895696545808,49.92103248898733],[8.70301316347616,49.921038468243104],[8.703158202400605,49.92104584291198],[8.703289385773852,49.921052478913516],[8.70357264764446,49.92106688547828],[8.70410196337956,49.92109362768913],[8.704285413568227,49.92110293766024],[8.704426262368198,49.921110137819184],[8.704465240111773,49.92111077794821],[8.705021939330209,49.92111960414427],[8.705182628700273,49.921122175927714],[8.70530727437921,49.921124115109855],[8.705638767566244,49.92112947261487],[8.705776601591388,49.92113160700471],[8.706115681029031,49.92110718432837],[8.706235304759666,49.921098618273454],[8.706637229520483,49.9210695671609],[8.706839854680934,49.92105499120545],[8.707032946607198,49.921041120894564],[8.707230343994452,49.921026882571034],[8.707471986210676,49.92096943746147],[8.707589015469873,49.92094158395717],[8.709130313026469,49.92058317800338],[8.709518280723952,49.92057858013073],[8.709712530331336,49.92057622729292],[8.70991292789174,49.920573808387424],[8.71020040328804,49.92057041699462],[8.710520532211639,49.920611100453165],[8.710754409655538,49.92064080603672],[8.710994708659825,49.920671473549795],[8.711077113994122,49.920685550378494],[8.712342440654506,49.92113893840377],[8.712391712156684,49.92115663658838],[8.712606204562778,49.92108221346723],[8.712742376446714,49.921034906371666],[8.713722534317226,49.920694895563415],[8.714187017174233,49.92064688246181],[8.714961750312286,49.92056669571508],[8.715562985966585,49.92050446560814],[8.715653829655265,49.92049506213341],[8.715853136712365,49.92048789829335],[8.71664011401028,49.92047270741532],[8.717700161321538,49.92043716612716],[8.717773089214294,49.9204475106506],[8.718170059980702,49.92072928620004],[8.718539205063339,49.9206363809482],[8.718720908261623,49.92059071860202],[8.718929532950101,49.92053814490248],[8.71905996744688,49.920481433611705],[8.719187656466316,49.92042587824567],[8.719314302981207,49.9203765664518],[8.720087284357152,49.92040366292378],[8.720121983344962,49.92040482826396],[8.72052161356175,49.92006933345285],[8.72055019862925,49.920045309706744],[8.721369580787009,49.92003505905362],[8.721452230061953,49.92008958091218],[8.72138792340545,49.92016392160094],[8.72208488995429,49.920255393605515],[8.722224676124368,49.92025789168661],[8.72242405889354,49.92026153272972],[8.722746910318401,49.92026744257505],[8.722871692274087,49.92026971472677],[8.723189598991734,49.92027542224434],[8.723897330162242,49.920288357897476],[8.724101239957339,49.92029200683423],[8.724247368478709,49.9202946798047],[8.72439341334217,49.92029732535228],[8.724554797688842,49.92030022346778],[8.724694444413226,49.920302718240706],[8.72483263042249,49.920306561378865],[8.72495301784515,49.92031017286364],[8.725088743376467,49.920314280261245],[8.725272076116786,49.920319852280656],[8.725400956743664,49.92032375381858],[8.7255253115464,49.92032748226258],[8.72558772654744,49.920329333476765],[8.725708672639687,49.920332999578875],[8.725951599538515,49.92034019864974],[8.726060615705324,49.920343538754715],[8.726501459396022,49.920356801259764],[8.72646563239826,49.91996231160007],[8.726860780310833,49.91971931520434],[8.727196554106088,49.91952433602091],[8.727726686872456,49.91921673109265],[8.727793304307657,49.919176679009695],[8.728078139517812,49.91916901887394],[8.728353864679352,49.91916147190101],[8.728731176824297,49.919151187529486],[8.729049772137472,49.91914252236775],[8.729172012323142,49.9191391574879],[8.729857747312911,49.91918034331771],[8.729995123399082,49.919188612978296],[8.730230350090903,49.9192027614806],[8.730257808836281,49.91920436662716],[8.730327877334874,49.91923154251723],[8.730463251379616,49.91927317430813],[8.730718126364724,49.91935183080342],[8.73094052974801,49.91932555035449],[8.731538366386856,49.91925500940007],[8.731730374810397,49.919232388592704],[8.732195422747361,49.9191774635689],[8.732321079371234,49.919162638305814],[8.732452244150151,49.9191471766539],[8.732950786997364,49.91908840506853],[8.733191754185906,49.919059891687915],[8.733298284557565,49.91904740088268],[8.734189724075536,49.91891787085797],[8.73500036821104,49.918800155150414],[8.73502637641827,49.91880129617399],[8.735199997448388,49.918808885354004],[8.735265395211785,49.918811738651186],[8.735024296529012,49.91861996128367],[8.734881018494926,49.91850593070371],[8.734847850259591,49.91842962915671],[8.734765680113815,49.91842305982876],[8.734592989264549,49.918409171808925],[8.73454162635026,49.91840499825786],[8.7344355765011,49.918396454196255],[8.734015274090401,49.918121251469394],[8.733777918546908,49.91819001035472],[8.733619149901662,49.91823591121378],[8.733331361485215,49.91831915492984],[8.733160361392768,49.91836865039379],[8.733028990756244,49.91840663668244],[8.732870137015475,49.91845250927947],[8.732816009898693,49.91846820298762],[8.732763086343214,49.91848352088397],[8.732690543895439,49.91850449897623],[8.732330304690036,49.91855115033335],[8.731020571745237,49.91863997495791],[8.730865289607781,49.91846539607796],[8.730778484821435,49.91836790473047],[8.730649250988133,49.918222616244066],[8.730591101362327,49.9181878699934],[8.730152343700448,49.91792934812281],[8.729735788130592,49.918038674273504],[8.729574577107892,49.918081021668755],[8.729228732437154,49.91817182622153],[8.727185659519062,49.91748844260136],[8.727031098351237,49.917436729970184],[8.726735642714225,49.91733785196941],[8.725971741448685,49.91658923187194],[8.725876071972792,49.91649536626828],[8.725786848470012,49.91640797838483],[8.725724856396159,49.916347235154895],[8.725621962587107,49.91624643001162],[8.72552615476398,49.9161525637855],[8.725443851797074,49.91607187089074],[8.724308829535225,49.91564170291412],[8.724158637093685,49.91558491329651],[8.723253061631215,49.91524167325967],[8.722589613730541,49.91510080511742],[8.72242432454854,49.915065690258835],[8.721700464966196,49.914911936571826],[8.721228463838846,49.91457864349671],[8.721163126860741,49.91453246432841],[8.720779592620257,49.914261736333955],[8.72062742738456,49.91411262277441],[8.72053177286833,49.91401880682736],[8.720153907310063,49.91364852906304],[8.720058114932984,49.91355471238384],[8.719419084676954,49.91292848963845],[8.718666728628282,49.9124790735292],[8.718538821595898,49.91240278071545],[8.717865552083303,49.912000546830484],[8.71768331899276,49.91178343164623],[8.717600527693225,49.911684615104896],[8.717473287716048,49.91153304329767],[8.71741127767805,49.91145909998474],[8.717253436304166,49.91127105748325],[8.71704485146841,49.91102251058186],[8.717008259235964,49.91099751743],[8.716920715128884,49.91093792387106],[8.716870654124614,49.910903866428534],[8.716561135566966,49.91069311749845],[8.716534641007515,49.910670906957186],[8.716428692377104,49.910581821442754],[8.715647032180845,49.90992434896425],[8.71388787072923,49.908729692789294],[8.710059392981583,49.90411228896399],[8.70973354139057,49.903861109858155],[8.70964756780091,49.90379480871455],[8.709175800973645,49.90343110039941],[8.708696709139085,49.903245917304666],[8.70796780740458,49.90276079687552],[8.707929226097304,49.902747828637416],[8.707761299279843,49.90268180636353],[8.707260632770328,49.90256045861951],[8.707193747706379,49.90254417387465],[8.706981209359794,49.90249266649562],[8.706595248953914,49.90239742892246],[8.705604414113798,49.9021532335869],[8.70542236981471,49.90210829037281],[8.70535325601614,49.90209124178061],[8.705293957838357,49.90207694913992],[8.704701506397408,49.901934400973396],[8.704518899339597,49.901890401307675],[8.703555467355347,49.90165856148355],[8.702159917328034,49.90082974939819],[8.701847803590788,49.900562359178736],[8.70179860721051,49.90052743209356],[8.701810837511,49.900518999997296],[8.701823588072175,49.90050773002877],[8.701867549649482,49.90045387105271],[8.701926917730567,49.900379257837315],[8.701950363108445,49.900327671539266],[8.701967568392297,49.90025070559992],[8.701991057868963,49.90007857470843],[8.70197878024775,49.89989972707145],[8.702039265051013,49.8998250625818],[8.702014227468627,49.89971345789002],[8.701986281330916,49.899588866474055],[8.701951266857233,49.89943283629951],[8.701765936203529,49.899248081609365],[8.701355032105187,49.89898692549017],[8.701200464165892,49.89892771512219],[8.701032911712486,49.898863495695366],[8.700705247680748,49.89873796860703],[8.7006385674891,49.898712351762036],[8.700607403312139,49.898702239432076],[8.699623937994602,49.898475750089865],[8.699440500138845,49.89843344376154],[8.698671608388704,49.898256336686366],[8.698569027033818,49.89823265335985],[8.69832303642604,49.898175310591824],[8.698139798895955,49.89813259712171],[8.698045642831817,49.89811055766861],[8.697904938049179,49.898077743085096],[8.697721645400113,49.89803502880939],[8.697557346217192,49.89799671723784],[8.69713675649214,49.89784251849454],[8.696967301106023,49.897780343251796],[8.696780429636213,49.897711794838656],[8.69601996341776,49.89739283981138],[8.695711331537524,49.89721134840312],[8.695638983357824,49.89714623525182],[8.695564137539025,49.89707860076796],[8.695508778162113,49.89700793483249],[8.69539117492702,49.89685555243325],[8.695347845965454,49.89679943855439],[8.694734162306425,49.89600414349369],[8.694426277892488,49.89527744085505],[8.693816831720085,49.89520826002114],[8.693771283001793,49.895203326604296],[8.69357915255993,49.89518248489932],[8.693512922990342,49.89517527944125]]]]}}]}