{"type":"FeatureCollection","features":[{"type":"Feature","properties":{"plr_id":"0110","gid":"0110","kiez":"Stadtzentrum","plr_name":"Stadtzentrum","bez":"01 - Mitte","bzr_name":null,"pgr_name":null,"st":"01"},"geometry":{"type":"MultiPolygon","coordinates":[[[[8.647948036492428,49.8757050675457],[8.648120142068738,49.87572609276788],[8.648886073960245,49.875820047761565],[8.649282456583618,49.87586863762149],[8.649599328628653,49.87591455790243],[8.649794680020014,49.875942844841894],[8.650509824328703,49.87604634752858],[8.650431020904312,49.8761681374399],[8.650391472239466,49.87625731316883],[8.650326403785646,49.87644766684259],[8.650306816300192,49.8765219752797],[8.65029323905424,49.87660628345289],[8.650288638354331,49.87670302827044],[8.650289875873245,49.87672236575669],[8.650292946619949,49.87677390171986],[8.6503023644801,49.876868260856185],[8.65048157621049,49.876811789134926],[8.65058084597456,49.87678025509013],[8.650959386720483,49.87664650860209],[8.651236417240481,49.87655247195498],[8.65125517006239,49.87654605380213],[8.65129083432086,49.87653393134485],[8.651313612858758,49.87652626634775],[8.651367109196075,49.87650808263059],[8.651397135829164,49.876497921526564],[8.651553827045195,49.876444797563],[8.651505303802939,49.87636201116949],[8.651563285557883,49.87618296601864],[8.651572788254773,49.87615421875395],[8.651579476505187,49.876133826004065],[8.651585697942256,49.87611451094428],[8.651600120849162,49.87607184017331],[8.65163274760774,49.87597140267848],[8.651643778980816,49.87593753430661],[8.651791797653788,49.87595704291343],[8.651817594845095,49.875960447589186],[8.651823097530844,49.875961273433504],[8.651836396820302,49.875963111858496],[8.651904983881233,49.875984809734845],[8.652002555253446,49.87588582603755],[8.652097054191486,49.87578314613543],[8.652100060565898,49.87578000780059],[8.652197319785053,49.875676436853055],[8.652247046236386,49.87562371043118],[8.652268672258671,49.87560066470809],[8.652290529070955,49.87557743982414],[8.65233875311577,49.87552614764781],[8.652545290488307,49.87530699140302],[8.652590369571845,49.87515011838468],[8.652792223158007,49.87444742381511],[8.652829296045978,49.874318583140656],[8.653023510814474,49.87434470306102],[8.653077625731076,49.87435187910159],[8.653159196586431,49.87409871598835],[8.65339980071167,49.873351353765855],[8.653432887330187,49.87325001785192],[8.653467288236195,49.87318951157159],[8.653509609877034,49.87314467581196],[8.653551978647307,49.8731092822485],[8.653616946759513,49.873074945356805],[8.654111776891439,49.872881915945044],[8.654323450481938,49.87280862929627],[8.654384191559299,49.872787588195564],[8.654523096622011,49.872635670086396],[8.654799325943273,49.8724405473679],[8.655219808318153,49.87226024096159],[8.655487342901148,49.8721413467148],[8.655562765799647,49.872088785120816],[8.655630576586285,49.87204159633848],[8.65575674888662,49.8719688624035],[8.655894329069602,49.87188941785091],[8.65606659054054,49.871790112778676],[8.656260942616829,49.871698696376136],[8.656447911602006,49.87162883965143],[8.656898327342187,49.87144906545854],[8.656873380376366,49.871374534139484],[8.656810799191756,49.871024092945774],[8.656773049460636,49.870813108211536],[8.656763970164848,49.87075031402017],[8.656752588885508,49.87067231576859],[8.656748982556564,49.87064685645293],[8.656753171337538,49.870573940067956],[8.656754590336812,49.870551822836745],[8.65678195233337,49.87046359795811],[8.656839442763319,49.87030154428978],[8.656863887934014,49.870203868679816],[8.656871411725893,49.87011369664598],[8.65686298197411,49.870040203358144],[8.656836289670032,49.86995298748805],[8.656803766488608,49.869878973256824],[8.65638362145067,49.8698860918127],[8.656344865953512,49.86988193034233],[8.65600111113833,49.86984512096502],[8.655697259688699,49.869812475676866],[8.65470716597054,49.86967383511233],[8.654540374593937,49.8696504075018],[8.653794226357004,49.869545937667304],[8.65351337559898,49.86950661098931],[8.652636207929572,49.86938366724006],[8.6523849341954,49.86934847304056],[8.652121590887543,49.86930029294722],[8.651887241010993,49.86925741493513],[8.651552964350872,49.86919616133862],[8.651419230328784,49.86917174948411],[8.650315566952239,49.869016633376134],[8.650229593985166,49.8690045939277],[8.649906070763704,49.86898014716111],[8.649622631905853,49.86983878979646],[8.649563151186449,49.87001890873654],[8.64987987441063,49.870064288333126],[8.649824496979004,49.87023245982725],[8.649613422389109,49.87087388329453],[8.649557218378993,49.87104501965041],[8.64938063428674,49.87158142509483],[8.649158463493743,49.87226390953812],[8.649065860096451,49.87254851011573],[8.649061280493804,49.872562884174606],[8.648978654171188,49.872816580839796],[8.64886163675498,49.873176014415726],[8.648749991602282,49.87349068173306],[8.64865427596394,49.87376070473083],[8.648651112983275,49.87376959766993],[8.648607650732558,49.87389185317859],[8.648559101053635,49.87403513557646],[8.648271570393982,49.87488090260398],[8.648165563233617,49.87520826572502],[8.648103928280975,49.87539889838463],[8.648077268746867,49.87545106358025],[8.647948036492428,49.8757050675457]]]]}},{"type":"Feature","properties":{"plr_id":"0120","gid":"0120","kiez":"Rheintor/Grafenstrasse","plr_name":"Rheintor/Grafenstrasse","bez":"01 - Mitte","bzr_name":null,"pgr_name":null,"st":"01"},"geometry":{"type":"MultiPolygon","coordinates":[[[[8.64789219682407,49.87569824357333],[8.647948036492428,49.8757050675457],[8.648077268746867,49.87545106358025],[8.648103928280975,49.87539889838463],[8.648165563233617,49.87520826572502],[8.648271570393982,49.87488090260398],[8.648559101053635,49.87403513557646],[8.648607650732558,49.87389185317859],[8.648651112983275,49.87376959766993],[8.64865427596394,49.87376070473083],[8.648749991602282,49.87349068173306],[8.64886163675498,49.873176014415726],[8.648978654171188,49.872816580839796],[8.649061280493804,49.872562884174606],[8.649065860096451,49.87254851011573],[8.649158463493743,49.87226390953812],[8.64938063428674,49.87158142509483],[8.649557218378993,49.87104501965041],[8.649613422389109,49.87087388329453],[8.649824496979004,49.87023245982725],[8.64987987441063,49.870064288333126],[8.649563151186449,49.87001890873654],[8.649622631905853,49.86983878979646],[8.649906070763704,49.86898014716111],[8.649746619288157,49.8689579038299],[8.647935463407098,49.8687051256895],[8.647828513847019,49.86869023309809],[8.647673534699711,49.86866862996962],[8.64732842206364,49.86861551438447],[8.646999355849738,49.868564964516025],[8.645920803926119,49.8684160877809],[8.645273465785133,49.868330389238594],[8.644263745718877,49.868200591809476],[8.643953701928668,49.868138671230604],[8.643539663514739,49.86801941794935],[8.643390578497527,49.868475776346855],[8.643175867620556,49.869133003895726],[8.642419674030485,49.8690258220913],[8.642344435898359,49.86925408834319],[8.642094892820026,49.87001066291865],[8.642052167515248,49.87014011229988],[8.64187609464084,49.87064314604097],[8.641849465711537,49.87072165783663],[8.64164384200662,49.87132522544466],[8.641549148169787,49.87149893669509],[8.64138592472551,49.87206297813419],[8.641345887124636,49.872200888430555],[8.641205730231425,49.87264027560318],[8.641170589459401,49.872860571831815],[8.641067841786537,49.87316033188029],[8.641162754615541,49.873174563966046],[8.641549535213837,49.87322962515763],[8.641667724744849,49.87324644667538],[8.64179360021622,49.87326365151642],[8.641653019224412,49.87366742773717],[8.641636487126616,49.87369938976131],[8.64160866213051,49.87372214457769],[8.64157677380867,49.873735714527626],[8.64152933561357,49.87375705982457],[8.641489474549724,49.87377797890907],[8.641464453743014,49.87380946503748],[8.641452886578481,49.87383730586105],[8.641451991655048,49.87386517968696],[8.64147518289556,49.87398781848631],[8.641474437931883,49.87408844168896],[8.641449560874117,49.87419348648989],[8.641396318889951,49.87434763225208],[8.641259584341409,49.874742517298856],[8.642177529452542,49.87486962947554],[8.642411058052579,49.8749019134348],[8.643212871823009,49.87501337202306],[8.643391027884807,49.875038109793444],[8.643969705325487,49.875124507100594],[8.64480814895546,49.875249735637695],[8.645564556497554,49.875357351934525],[8.645830182826113,49.87539512258391],[8.646027819813579,49.87542414225371],[8.647448771228115,49.875632959824074],[8.647790396689835,49.87568327669165],[8.64789219682407,49.87569824357333]]]]}},{"type":"Feature","properties":{"plr_id":"0130","gid":"0130","kiez":"Hochschulviertel","plr_name":"Hochschulviertel","bez":"01 - Mitte","bzr_name":null,"pgr_name":null,"st":"01"},"geometry":{"type":"MultiPolygon","coordinates":[[[[8.65540661538031,49.872874890675625],[8.655216036966198,49.87285445079296],[8.65478507649913,49.872813601659445],[8.654384191559299,49.872787588195564],[8.654323450481938,49.87280862929627],[8.654111776891439,49.872881915945044],[8.653616946759513,49.873074945356805],[8.653551978647307,49.8731092822485],[8.653509609877034,49.87314467581196],[8.653467288236195,49.87318951157159],[8.653432887330187,49.87325001785192],[8.65339980071167,49.873351353765855],[8.653159196586431,49.87409871598835],[8.653077625731076,49.87435187910159],[8.653023510814474,49.87434470306102],[8.652829296045978,49.874318583140656],[8.652792223158007,49.87444742381511],[8.652590369571845,49.87515011838468],[8.652545290488307,49.87530699140302],[8.65233875311577,49.87552614764781],[8.652290529070955,49.87557743982414],[8.652268672258671,49.87560066470809],[8.652247046236386,49.87562371043118],[8.652197319785053,49.875676436853055],[8.652100060565898,49.87578000780059],[8.652097054191486,49.87578314613543],[8.652002555253446,49.87588582603755],[8.651904983881233,49.875984809734845],[8.651836396820302,49.875963111858496],[8.651823097530844,49.875961273433504],[8.651817594845095,49.875960447589186],[8.651791797653788,49.87595704291343],[8.651643778980816,49.87593753430661],[8.65163274760774,49.87597140267848],[8.651600120849162,49.87607184017331],[8.651585697942256,49.87611451094428],[8.651579476505187,49.876133826004065],[8.651572788254773,49.87615421875395],[8.651563285557883,49.87618296601864],[8.651505303802939,49.87636201116949],[8.651553827045195,49.876444797563],[8.651397135829164,49.876497921526564],[8.651367109196075,49.87650808263059],[8.651313612858758,49.87652626634775],[8.65129083432086,49.87653393134485],[8.65125517006239,49.87654605380213],[8.651236417240481,49.87655247195498],[8.650959386720483,49.87664650860209],[8.65058084597456,49.87678025509013],[8.65048157621049,49.876811789134926],[8.6503023644801,49.876868260856185],[8.650303971623517,49.87688409240361],[8.65033042835996,49.877145852288876],[8.650403910819119,49.87787257328818],[8.65046034845918,49.87843288261118],[8.650485191794768,49.87867988992342],[8.650502215564643,49.878849538664134],[8.650524065843593,49.87906605255683],[8.650574978847777,49.87956528639315],[8.650618282691344,49.88000577661256],[8.650630450915939,49.88013269658239],[8.650643641988555,49.88021330857399],[8.650648421400103,49.880234904825734],[8.65123709756404,49.880154576044156],[8.65182401078881,49.880079724367754],[8.652416436988801,49.880004076928216],[8.652513033515817,49.87999393523102],[8.652590333791641,49.879985803899494],[8.652732317302357,49.879968424201806],[8.652774114874536,49.879965581874075],[8.652806917821598,49.87996864760755],[8.652845190404168,49.87997721509543],[8.652872185231805,49.87998997525364],[8.65287332906436,49.879990518224325],[8.652904735476,49.88001228402025],[8.653022942758922,49.88014158937653],[8.653720023287349,49.87987578857359],[8.653797706390293,49.879846165653504],[8.654585118539869,49.87954609835965],[8.654909791501808,49.87941946241718],[8.654995712070393,49.87937718387124],[8.655316305121865,49.87925907746568],[8.655726992487939,49.878898711632644],[8.655763852663767,49.87886375055888],[8.655855598628232,49.87877670631953],[8.656306597263235,49.87824964828764],[8.656420141747839,49.87811482842489],[8.656796880108585,49.877667850859645],[8.656872697089744,49.87757689190035],[8.657028033963337,49.877584995067394],[8.657170154351638,49.877579480362634],[8.657305908361833,49.877565403848216],[8.657432754320466,49.877528909677785],[8.65756611700532,49.87760951619832],[8.65850173297893,49.87765319124776],[8.658641244906628,49.87765953707895],[8.65865856485667,49.87766093693535],[8.658770168740272,49.8776700780293],[8.65885662716498,49.87768085359835],[8.659047575505555,49.87750498356746],[8.659115537568068,49.8774532070874],[8.65931957637476,49.87725974990367],[8.659368874723034,49.8771854373298],[8.659928287040831,49.876656345526634],[8.660200210605403,49.876404455134576],[8.660290736331007,49.876342312849296],[8.660796978150643,49.875864587697905],[8.660904840166449,49.875915890354534],[8.66108397288142,49.87570446222033],[8.66116383181869,49.87560829663112],[8.661222600470728,49.87550838246253],[8.661244756163136,49.87544181318814],[8.661454248252115,49.87481061593288],[8.661508758424452,49.87464657303989],[8.661501556269481,49.874609772913345],[8.661467444349809,49.87443324154421],[8.661429670817693,49.874238804500386],[8.661399875832027,49.874085036593634],[8.661339066872866,49.87377138232033],[8.661186330918527,49.872983107809205],[8.661049796401835,49.87299592764197],[8.660830584408046,49.87301632891692],[8.66049037518749,49.873043029944306],[8.659955104237117,49.87308264672337],[8.659582411154434,49.873110328906066],[8.659304800321415,49.873128847254556],[8.659194811665696,49.87313625751093],[8.658931003313713,49.87315022938643],[8.65860290849837,49.87316742851787],[8.658190780510495,49.873189055089405],[8.658062680096474,49.87319362321717],[8.65794894360386,49.87319544592116],[8.657784275371583,49.87319442046199],[8.657623765629182,49.873189540296245],[8.657498387182098,49.873182425656104],[8.657374054918568,49.87317342555786],[8.657181163491083,49.87315523018491],[8.657031654275332,49.87313644343028],[8.6569745705328,49.873127282111085],[8.656781541068307,49.8730962264636],[8.656667144925594,49.873077812948885],[8.656165888004496,49.872997283920334],[8.656038999528716,49.87297667455045],[8.65553569002575,49.872894607988606],[8.65540661538031,49.872874890675625]]]]}},{"type":"Feature","properties":{"plr_id":"0140","gid":"0140","kiez":"Kapellplatzviertel","plr_name":"Kapellplatzviertel","bez":"01 - Mitte","bzr_name":null,"pgr_name":null,"st":"01"},"geometry":{"type":"MultiPolygon","coordinates":[[[[8.660017950554664,49.86460411567475],[8.659154715574763,49.86420717171111],[8.65907317754316,49.86416907370462],[8.658276334379433,49.86379614839716],[8.658092393671124,49.86368544842198],[8.657910566590125,49.86356801004169],[8.657787903600259,49.86348860429251],[8.657778766406707,49.86348273222091],[8.657535266268193,49.86330926798768],[8.657372363551152,49.86319314359721],[8.657334630474503,49.86322360645419],[8.657259974290676,49.863283545354534],[8.656779953221752,49.86366916090244],[8.656657869953387,49.86358912620151],[8.656442570623659,49.863694509539876],[8.65631166347727,49.86375859750567],[8.655985602934475,49.863918235844054],[8.655921838921689,49.86394655272912],[8.655808615081876,49.863782373978665],[8.655442278814878,49.86395843734451],[8.654811468572968,49.86413551090644],[8.654806754927437,49.86413684574141],[8.654728925897517,49.864158375745156],[8.654700063279943,49.86416737217328],[8.654877162702334,49.864432277885605],[8.655223276230819,49.86495433089695],[8.655317723748862,49.86509678253435],[8.655447248902513,49.86529221401022],[8.655557250271343,49.86545809206255],[8.655569625388816,49.86547656337076],[8.655665226133072,49.86561847858886],[8.655695739882885,49.86566784789044],[8.655739550372092,49.8657513380893],[8.655805984382129,49.86588048720634],[8.655832921153744,49.86593272343708],[8.655880418675938,49.86607872211531],[8.65592714042711,49.866333976843414],[8.655915506501358,49.86651801794558],[8.655904246083505,49.86669792361855],[8.655884327690407,49.867014399022665],[8.65581470228658,49.86789931989922],[8.655805072647956,49.86802725396485],[8.655793792194004,49.8681775743413],[8.655788229121026,49.86824994709541],[8.655782041194945,49.86832951195783],[8.655784505952607,49.868418634511045],[8.655784957609134,49.868435811442126],[8.655795586379567,49.868522530268294],[8.655817443676437,49.86859543404473],[8.655848794965753,49.86865640603245],[8.65587930824555,49.86870613495483],[8.655923735335131,49.86876786512663],[8.656062192446653,49.86893526582927],[8.656452007691302,49.869385145030634],[8.656552529835697,49.869497938444894],[8.656628237460064,49.86958251190146],[8.656692614863614,49.86967910164606],[8.656803766488608,49.869878973256824],[8.656836289670032,49.86995298748805],[8.65686298197411,49.870040203358144],[8.656871411725893,49.87011369664598],[8.656863887934014,49.870203868679816],[8.656839442763319,49.87030154428978],[8.65678195233337,49.87046359795811],[8.656754590336812,49.870551822836745],[8.656753171337538,49.870573940067956],[8.656748982556564,49.87064685645293],[8.656752588885508,49.87067231576859],[8.656763970164848,49.87075031402017],[8.656773049460636,49.870813108211536],[8.656810799191756,49.871024092945774],[8.656873380376366,49.871374534139484],[8.656898327342187,49.87144906545854],[8.656447911602006,49.87162883965143],[8.656260942616829,49.871698696376136],[8.65606659054054,49.871790112778676],[8.655894329069602,49.87188941785091],[8.65575674888662,49.8719688624035],[8.655630576586285,49.87204159633848],[8.655562765799647,49.872088785120816],[8.655487342901148,49.8721413467148],[8.655219808318153,49.87226024096159],[8.654799325943273,49.8724405473679],[8.654523096622011,49.872635670086396],[8.654384191559299,49.872787588195564],[8.65478507649913,49.872813601659445],[8.655216036966198,49.87285445079296],[8.65540661538031,49.872874890675625],[8.65553569002575,49.872894607988606],[8.656038999528716,49.87297667455045],[8.656165888004496,49.872997283920334],[8.656667144925594,49.873077812948885],[8.656781541068307,49.8730962264636],[8.6569745705328,49.873127282111085],[8.657031654275332,49.87313644343028],[8.657181163491083,49.87315523018491],[8.657374054918568,49.87317342555786],[8.657498387182098,49.873182425656104],[8.657623765629182,49.873189540296245],[8.657784275371583,49.87319442046199],[8.65794894360386,49.87319544592116],[8.658062680096474,49.87319362321717],[8.658190780510495,49.873189055089405],[8.65860290849837,49.87316742851787],[8.658931003313713,49.87315022938643],[8.659194811665696,49.87313625751093],[8.659304800321415,49.873128847254556],[8.659582411154434,49.873110328906066],[8.659955104237117,49.87308264672337],[8.66049037518749,49.873043029944306],[8.660830584408046,49.87301632891692],[8.661049796401835,49.87299592764197],[8.661186330918527,49.872983107809205],[8.661529109172205,49.87294993767749],[8.661705149408986,49.87293282625574],[8.66208317820968,49.87289660997662],[8.662232671154314,49.872884995696644],[8.662491700120956,49.8728648875331],[8.662591697243027,49.87285843424296],[8.662542721030624,49.87231146094034],[8.662515958275952,49.87208450356349],[8.662494825671207,49.87190594193708],[8.662483116202424,49.8717913440478],[8.662481066288317,49.87177263378577],[8.66245634949653,49.87153210373045],[8.66244732092997,49.87144449098445],[8.662445807815411,49.871431087828924],[8.662403432164949,49.8710570583714],[8.662397598648324,49.871004975097094],[8.662360812156372,49.87078401338638],[8.66234286172704,49.870675871850246],[8.66233515847743,49.87061218286205],[8.662331245097565,49.87058096765923],[8.662270981177674,49.87009016397235],[8.662239529526433,49.869746111053445],[8.662231986559863,49.86954429844108],[8.6622182476002,49.8691779058751],[8.662279622772648,49.86914706070466],[8.66234059092086,49.86910875057986],[8.662401636065603,49.869059379929176],[8.66259574574737,49.86886768631862],[8.662683556645328,49.86878098479874],[8.662787082519829,49.86867850220019],[8.66286761571628,49.868598703560984],[8.66292769707977,49.868539258278666],[8.662996559446547,49.86847111580799],[8.663582790294248,49.86789325461199],[8.663781278864803,49.86769752508669],[8.663852320156327,49.86762920856946],[8.663901312235483,49.867580071946605],[8.663939557841015,49.86754178502511],[8.664013325037315,49.867460886870866],[8.664067233167952,49.867397736191926],[8.664192684001735,49.86724342937226],[8.664285917253041,49.86711852438538],[8.664419677513186,49.86692395516906],[8.664532457233003,49.86675989944113],[8.664833820260272,49.86632112980908],[8.664886907059143,49.866243678356646],[8.6649348985887,49.86617295649695],[8.664957661421575,49.866133365541344],[8.664059789784012,49.86589003927535],[8.662820880556446,49.865554081558],[8.662531602453742,49.86547500550717],[8.661552693008742,49.86520705430116],[8.661462306120296,49.86517046087072],[8.66102021699662,49.86499093857739],[8.660341319836753,49.864728889673415],[8.660175630341085,49.86466491736817],[8.660017950554664,49.86460411567475]]]]}},{"type":"Feature","properties":{"plr_id":"0150","gid":"0150","kiez":"St. Ludwig mit Eichbergviertel","plr_name":"St. Ludwig mit Eichbergviertel","bez":"01 - Mitte","bzr_name":null,"pgr_name":null,"st":"01"},"geometry":{"type":"MultiPolygon","coordinates":[[[[8.647187213498809,49.8616464662049],[8.647138504017045,49.86148202557939],[8.647127264891356,49.86140267780525],[8.6470691578969,49.860622674062604],[8.647049777888173,49.860353740231616],[8.64665148938284,49.86036394743784],[8.646455959188811,49.86036901658674],[8.645078070822603,49.86040419352768],[8.644633273613392,49.860420366289446],[8.644594514297665,49.860777608216],[8.644466913789758,49.86195343184105],[8.644333673944939,49.863130766511404],[8.644172893775362,49.86376100467172],[8.644157772858613,49.86382021860455],[8.64392501347694,49.864486475033246],[8.643746159153913,49.86499876576445],[8.643704784199018,49.86511742905309],[8.643678707871722,49.86519962994639],[8.643554794836604,49.865588982362844],[8.643394582761394,49.86609278693576],[8.643377552650454,49.86614614977238],[8.643361391206042,49.86619061274172],[8.643291247832673,49.86638265576706],[8.643260449963298,49.86646700021324],[8.642930842475948,49.867473051140664],[8.642917461121653,49.86751383569249],[8.642829663990382,49.8677809110552],[8.642637164418929,49.86836644629952],[8.642497142015886,49.86879072839058],[8.642419674030485,49.8690258220913],[8.643175867620556,49.869133003895726],[8.643390578497527,49.868475776346855],[8.643539663514739,49.86801941794935],[8.643953701928668,49.868138671230604],[8.644263745718877,49.868200591809476],[8.645273465785133,49.868330389238594],[8.645920803926119,49.8684160877809],[8.646999355849738,49.868564964516025],[8.64732842206364,49.86861551438447],[8.647673534699711,49.86866862996962],[8.647828513847019,49.86869023309809],[8.647935463407098,49.8687051256895],[8.649746619288157,49.8689579038299],[8.649906070763704,49.86898014716111],[8.650229593985166,49.8690045939277],[8.650315566952239,49.869016633376134],[8.651419230328784,49.86917174948411],[8.651552964350872,49.86919616133862],[8.651887241010993,49.86925741493513],[8.652121590887543,49.86930029294722],[8.6523849341954,49.86934847304056],[8.652636207929572,49.86938366724006],[8.65351337559898,49.86950661098931],[8.653794226357004,49.869545937667304],[8.654540374593937,49.8696504075018],[8.65470716597054,49.86967383511233],[8.655697259688699,49.869812475676866],[8.65600111113833,49.86984512096502],[8.656344865953512,49.86988193034233],[8.65638362145067,49.8698860918127],[8.656803766488608,49.869878973256824],[8.656692614863614,49.86967910164606],[8.656628237460064,49.86958251190146],[8.656552529835697,49.869497938444894],[8.656452007691302,49.869385145030634],[8.656062192446653,49.86893526582927],[8.655923735335131,49.86876786512663],[8.65587930824555,49.86870613495483],[8.655848794965753,49.86865640603245],[8.655817443676437,49.86859543404473],[8.655795586379567,49.868522530268294],[8.655784957609134,49.868435811442126],[8.655784505952607,49.868418634511045],[8.655782041194945,49.86832951195783],[8.655788229121026,49.86824994709541],[8.655793792194004,49.8681775743413],[8.655805072647956,49.86802725396485],[8.65581470228658,49.86789931989922],[8.655884327690407,49.867014399022665],[8.655904246083505,49.86669792361855],[8.655915506501358,49.86651801794558],[8.65592714042711,49.866333976843414],[8.655880418675938,49.86607872211531],[8.655832921153744,49.86593272343708],[8.655805984382129,49.86588048720634],[8.655739550372092,49.8657513380893],[8.655695739882885,49.86566784789044],[8.655665226133072,49.86561847858886],[8.655569625388816,49.86547656337076],[8.655557250271343,49.86545809206255],[8.655447248902513,49.86529221401022],[8.655317723748862,49.86509678253435],[8.655223276230819,49.86495433089695],[8.654877162702334,49.864432277885605],[8.654700063279943,49.86416737217328],[8.654542493208558,49.863931480099986],[8.654527054457033,49.86390832346682],[8.654446276096927,49.86378038975966],[8.654370986022009,49.86365517009369],[8.65434368105768,49.86359061272783],[8.654330534928862,49.863519533072335],[8.654319248398052,49.86342903523777],[8.654315596887853,49.863345844061605],[8.654313021722505,49.86324044470772],[8.65431128022479,49.86316292447606],[8.654355371252574,49.862884829091776],[8.65442053475518,49.862483329948454],[8.6544942778165,49.862133473062755],[8.654513157589262,49.8620440542927],[8.654528595418013,49.86197072177562],[8.6546075586007,49.86159651075949],[8.653662887736452,49.86119424719208],[8.653642155838554,49.861189509174245],[8.653483744450549,49.86115351556467],[8.653280494983367,49.86111468991247],[8.653201388548892,49.86110689963462],[8.653114646131472,49.86114009210683],[8.652768023294268,49.86122430306157],[8.652491291309854,49.86127338209817],[8.652450051875956,49.86128063230132],[8.651538943522034,49.861447315489855],[8.651456230083268,49.86146244397156],[8.65056645456336,49.86151776698339],[8.65046589010826,49.861526366377404],[8.650258217795695,49.86154408471256],[8.649905722946592,49.861566581071656],[8.649492059063641,49.861591589183064],[8.648598462505566,49.8616194585161],[8.647949494282363,49.86162783100864],[8.647731700203588,49.86163310447761],[8.647187213498809,49.8616464662049]]]]}},{"type":"Feature","properties":{"plr_id":"0210","gid":"0210","kiez":"Johannesviertel","plr_name":"Johannesviertel","bez":"02 - Nord","bzr_name":null,"pgr_name":null,"st":"02"},"geometry":{"type":"MultiPolygon","coordinates":[[[[8.650292946619949,49.87677390171986],[8.650289875873245,49.87672236575669],[8.650288638354331,49.87670302827044],[8.65029323905424,49.87660628345289],[8.650306816300192,49.8765219752797],[8.650326403785646,49.87644766684259],[8.650391472239466,49.87625731316883],[8.650431020904312,49.8761681374399],[8.650509824328703,49.87604634752858],[8.649794680020014,49.875942844841894],[8.649599328628653,49.87591455790243],[8.649282456583618,49.87586863762149],[8.648886073960245,49.875820047761565],[8.648120142068738,49.87572609276788],[8.647948036492428,49.8757050675457],[8.64789219682407,49.87569824357333],[8.647790396689835,49.87568327669165],[8.647448771228115,49.875632959824074],[8.646027819813579,49.87542414225371],[8.645830182826113,49.87539512258391],[8.645564556497554,49.875357351934525],[8.64480814895546,49.875249735637695],[8.643969705325487,49.875124507100594],[8.643391027884807,49.875038109793444],[8.643260113447488,49.87545495661021],[8.643225831397952,49.87557525998612],[8.643217939111745,49.875602842511256],[8.643195365005843,49.87572282220398],[8.643185469397464,49.87583537717758],[8.643185677293582,49.87594733377023],[8.64319861832031,49.87606004894093],[8.643272891623658,49.8763842752903],[8.643280342159116,49.87641667101562],[8.643319015672692,49.87655716205973],[8.64337467959849,49.87675930359348],[8.643445808248368,49.876996563183376],[8.643507724305163,49.87725375761972],[8.643585991079172,49.87758168287833],[8.643680293397336,49.877976471194515],[8.643710468410701,49.87810245811844],[8.643714585707041,49.87812000603308],[8.643743199827734,49.87823978336368],[8.6438789644663,49.87883361166521],[8.643906975808486,49.87895743368701],[8.643915195478318,49.87899459771235],[8.643970323007865,49.8792391815432],[8.644062574112079,49.87964844095983],[8.64407436177843,49.879684267056184],[8.644098952240798,49.879758350319264],[8.644139210463166,49.87985568215805],[8.64421676711687,49.88000024881883],[8.644456104872393,49.88030780499495],[8.644644823423981,49.88049119980622],[8.644946864140065,49.88082583448069],[8.645074603319236,49.88096740684199],[8.645190832370785,49.88111352998073],[8.645529211011247,49.88148685183954],[8.645728239193122,49.88168987987141],[8.645814936865218,49.88177836053651],[8.645946270315546,49.88189997968048],[8.646107137047819,49.88201683289998],[8.646473391753647,49.88226829958575],[8.646819070695404,49.882461521373536],[8.64713454575318,49.882625964340704],[8.647428661883904,49.88277631330069],[8.64777396673426,49.88294309332383],[8.648044203191432,49.8830631535901],[8.648285175072132,49.88315120131768],[8.648369315785414,49.883181850938676],[8.64839232991456,49.88318965422183],[8.648661402744096,49.88328066395278],[8.649048997424684,49.88340988999473],[8.649071096154419,49.883417330674654],[8.649340191583212,49.88348972455629],[8.649546789958594,49.883538278837065],[8.64960981201894,49.88355312696527],[8.64973080990317,49.88358226832893],[8.650335345000215,49.88372761218178],[8.650663705030121,49.883811242381036],[8.651027266499701,49.88390010328395],[8.651483238040832,49.884003628730824],[8.651391818589913,49.88358061966665],[8.65138670778698,49.88355713405137],[8.651274198166755,49.88305061166651],[8.651244403075868,49.88291653479102],[8.651225842988216,49.882832129935025],[8.651160932149976,49.8825378820708],[8.65110089723484,49.88226792840063],[8.65104997507463,49.882039547162],[8.651042525621666,49.88200616280809],[8.650954033665121,49.881607981179634],[8.650881995880145,49.881283856750805],[8.650869877280059,49.88122950594565],[8.650822633867403,49.881016512708136],[8.650787619487392,49.88085850006557],[8.65069621639618,49.880450777406054],[8.650688431547017,49.88041622299254],[8.650682208736153,49.88038787806628],[8.650648421400103,49.880234904825734],[8.650643641988555,49.88021330857399],[8.650630450915939,49.88013269658239],[8.650618282691344,49.88000577661256],[8.650574978847777,49.87956528639315],[8.650524065843593,49.87906605255683],[8.650502215564643,49.878849538664134],[8.650485191794768,49.87867988992342],[8.65046034845918,49.87843288261118],[8.650403910819119,49.87787257328818],[8.65033042835996,49.877145852288876],[8.650303971623517,49.87688409240361],[8.6503023644801,49.876868260856185],[8.650292946619949,49.87677390171986]]]]}},{"type":"Feature","properties":{"plr_id":"0220","gid":"0220","kiez":"Martinsviertel-West","plr_name":"Martinsviertel-West","bez":"02 - Nord","bzr_name":null,"pgr_name":null,"st":"02"},"geometry":{"type":"MultiPolygon","coordinates":[[[[8.650648421400103,49.880234904825734],[8.650682208736153,49.88038787806628],[8.650688431547017,49.88041622299254],[8.65069621639618,49.880450777406054],[8.650787619487392,49.88085850006557],[8.650822633867403,49.881016512708136],[8.650869877280059,49.88122950594565],[8.650881995880145,49.881283856750805],[8.650954033665121,49.881607981179634],[8.651042525621666,49.88200616280809],[8.65104997507463,49.882039547162],[8.65110089723484,49.88226792840063],[8.651160932149976,49.8825378820708],[8.651225842988216,49.882832129935025],[8.651244403075868,49.88291653479102],[8.651274198166755,49.88305061166651],[8.65138670778698,49.88355713405137],[8.651391818589913,49.88358061966665],[8.651483238040832,49.884003628730824],[8.651721913479102,49.884045441289636],[8.651806689096272,49.88405217044639],[8.651965825185064,49.88406146079404],[8.652220901054912,49.884073286828006],[8.652629944495288,49.88407891926306],[8.653423286884825,49.88408345144632],[8.65345290071519,49.8840834500334],[8.65372287115693,49.8840830875706],[8.653741702118547,49.884082154638335],[8.653973186888077,49.88407043611968],[8.654147028989057,49.88406178249552],[8.654339013931832,49.88405210360577],[8.654463149229239,49.8840442904844],[8.654776301005462,49.88402454066565],[8.654844072943403,49.88401745855463],[8.65520728610321,49.88397924224729],[8.655220958961442,49.88397730456912],[8.65550819903346,49.88393724275242],[8.65563963979996,49.88391892893121],[8.65569754747175,49.88391082785796],[8.656007467935149,49.883861030398506],[8.656365769280441,49.88378682616461],[8.65646727048357,49.883765814867154],[8.656737210443442,49.88370474638357],[8.657014392256869,49.88364208005556],[8.657250394104961,49.88359179082503],[8.65735983015526,49.883568554093245],[8.657392362143746,49.88356163612519],[8.657521808967768,49.8835328830581],[8.657574461497722,49.88352116855294],[8.657852553056594,49.88345940215089],[8.657971077608734,49.88343313423324],[8.6581931823082,49.88338379125695],[8.659006608234282,49.88320795626457],[8.65961486138139,49.88305633255453],[8.659777297205594,49.88302047986116],[8.659835466162427,49.88300761149914],[8.660032043544835,49.88296430496178],[8.660213423292747,49.882927607956255],[8.660229284219467,49.88276102466095],[8.660243532405309,49.88261161217987],[8.660267858561744,49.88249810902973],[8.66036598249177,49.88204167079969],[8.660372508969573,49.88201120556616],[8.660404896546414,49.88186103685784],[8.66042894634773,49.88175409732737],[8.660512391421873,49.88136092266858],[8.660575772281087,49.881095471695616],[8.660607227229123,49.8809635548217],[8.660610419379816,49.88095025536101],[8.660655237311317,49.88076217486182],[8.660744628714559,49.88038799141475],[8.660757843385959,49.880320227109465],[8.6607991405816,49.88011028461318],[8.660803541434994,49.88008826601775],[8.660842915867562,49.879923369982045],[8.660937747348195,49.87952582190933],[8.660975466871658,49.879367665302304],[8.661031628892648,49.879132587326325],[8.661111124525085,49.87897437293916],[8.661195417384397,49.87862256530554],[8.661242709516655,49.87842468997838],[8.661278870236044,49.878078946400414],[8.661001177288318,49.87803964719059],[8.660939035436746,49.87803074282106],[8.660904983449853,49.87802587724575],[8.660623863908205,49.87798431900002],[8.659163283417092,49.87772995492983],[8.658906506726305,49.87768711520476],[8.65885662716498,49.87768085359835],[8.658770168740272,49.8776700780293],[8.65865856485667,49.87766093693535],[8.658641244906628,49.87765953707895],[8.65850173297893,49.87765319124776],[8.65756611700532,49.87760951619832],[8.657432754320466,49.877528909677785],[8.657305908361833,49.877565403848216],[8.657170154351638,49.877579480362634],[8.657028033963337,49.877584995067394],[8.656872697089744,49.87757689190035],[8.656796880108585,49.877667850859645],[8.656420141747839,49.87811482842489],[8.656306597263235,49.87824964828764],[8.655855598628232,49.87877670631953],[8.655763852663767,49.87886375055888],[8.655726992487939,49.878898711632644],[8.655316305121865,49.87925907746568],[8.654995712070393,49.87937718387124],[8.654909791501808,49.87941946241718],[8.654585118539869,49.87954609835965],[8.653797706390293,49.879846165653504],[8.653720023287349,49.87987578857359],[8.653022942758922,49.88014158937653],[8.652904735476,49.88001228402025],[8.65287332906436,49.879990518224325],[8.652872185231805,49.87998997525364],[8.652845190404168,49.87997721509543],[8.652806917821598,49.87996864760755],[8.652774114874536,49.879965581874075],[8.652732317302357,49.879968424201806],[8.652590333791641,49.879985803899494],[8.652513033515817,49.87999393523102],[8.652416436988801,49.880004076928216],[8.65182401078881,49.880079724367754],[8.65123709756404,49.880154576044156],[8.650648421400103,49.880234904825734]]]]}},{"type":"Feature","properties":{"plr_id":"0230","gid":"0230","kiez":"Martinsviertel-Ost","plr_name":"Martinsviertel-Ost","bez":"02 - Nord","bzr_name":null,"pgr_name":null,"st":"02"},"geometry":{"type":"MultiPolygon","coordinates":[[[[8.66642650928807,49.87858593635814],[8.666335338868558,49.87855896648989],[8.66624178004863,49.878512206310525],[8.665428201999928,49.87804432299554],[8.66530130072982,49.87797327617384],[8.665191039910647,49.877919003201455],[8.665078197903018,49.87787290578746],[8.664885605940118,49.8778083231421],[8.664500752276673,49.87768140595381],[8.66405670155416,49.87753498223556],[8.663832059583124,49.87744206870585],[8.66366419290229,49.87735417536295],[8.662972146266673,49.87699228834076],[8.662897525864214,49.87694612003922],[8.662814450095764,49.87689462155989],[8.662633837746204,49.876791762194316],[8.662094996498857,49.87651502437029],[8.661723002619045,49.87632401928195],[8.66167474604451,49.87629914926487],[8.661222709044658,49.87606699335649],[8.661065546854154,49.87599234639011],[8.660904840166449,49.875915890354534],[8.660796978150643,49.875864587697905],[8.660290736331007,49.876342312849296],[8.660200210605403,49.876404455134576],[8.659928287040831,49.876656345526634],[8.659368874723034,49.8771854373298],[8.65931957637476,49.87725974990367],[8.659115537568068,49.8774532070874],[8.659047575505555,49.87750498356746],[8.65885662716498,49.87768085359835],[8.658906506726305,49.87768711520476],[8.659163283417092,49.87772995492983],[8.660623863908205,49.87798431900002],[8.660904983449853,49.87802587724575],[8.660939035436746,49.87803074282106],[8.661001177288318,49.87803964719059],[8.661278870236044,49.878078946400414],[8.661242709516655,49.87842468997838],[8.661195417384397,49.87862256530554],[8.661111124525085,49.87897437293916],[8.661031628892648,49.879132587326325],[8.660975466871658,49.879367665302304],[8.660937747348195,49.87952582190933],[8.660842915867562,49.879923369982045],[8.660803541434994,49.88008826601775],[8.6607991405816,49.88011028461318],[8.660757843385959,49.880320227109465],[8.660744628714559,49.88038799141475],[8.660655237311317,49.88076217486182],[8.660610419379816,49.88095025536101],[8.660607227229123,49.8809635548217],[8.660575772281087,49.881095471695616],[8.660512391421873,49.88136092266858],[8.66042894634773,49.88175409732737],[8.660404896546414,49.88186103685784],[8.660372508969573,49.88201120556616],[8.66036598249177,49.88204167079969],[8.660267858561744,49.88249810902973],[8.660243532405309,49.88261161217987],[8.660229284219467,49.88276102466095],[8.660213423292747,49.882927607956255],[8.660422388996382,49.88288532622721],[8.660573759672223,49.88285591456295],[8.66068191543539,49.882834739207105],[8.661930799290262,49.882559531887026],[8.662481092887248,49.88243784878492],[8.662517188968131,49.882429860661574],[8.662817452934013,49.88236338089377],[8.663144614881448,49.88229104348899],[8.663197378235752,49.88227950660083],[8.663831805306565,49.882140166499546],[8.66421356413926,49.8820562042681],[8.664216207709053,49.88205567237775],[8.664363806504033,49.882023277339385],[8.664544874401635,49.88198090742229],[8.664746174736363,49.881933919658266],[8.665000086021196,49.88186406292984],[8.665105060039211,49.88183765864399],[8.665616246674768,49.88170901345308],[8.665639816396608,49.881703146416555],[8.665678678414693,49.881693366798196],[8.665946076489599,49.88159809829669],[8.666172972060245,49.88151737024227],[8.667017183116409,49.88121225647582],[8.667101983625694,49.88118156600131],[8.66730902641222,49.88109978955315],[8.667432630369994,49.881050955526604],[8.667616160948555,49.8809665932071],[8.667888922609459,49.880841210939636],[8.668120881479016,49.88072407421126],[8.668528765314235,49.88045933467814],[8.66867787238312,49.88035634784279],[8.668731591995591,49.88032197038264],[8.66879764738898,49.88027953494306],[8.66907841889768,49.88008951713761],[8.669286238486595,49.879926447749675],[8.669430093625593,49.87980213288747],[8.669472811381182,49.87976520583266],[8.669621158083704,49.879604843865984],[8.669848169697444,49.87935334257027],[8.669943218724327,49.87923275482817],[8.669977287199572,49.879168106258405],[8.669474980797302,49.879010296979814],[8.669231259045626,49.87891895819653],[8.66907207852872,49.87886778664128],[8.668875558941972,49.87882235332396],[8.668731650618367,49.87880368761256],[8.66814531316864,49.87875039434491],[8.668025454067283,49.87873944015725],[8.667658880612594,49.87870592732698],[8.667329010910633,49.87867575592903],[8.667017259359977,49.87864788373533],[8.666721680415787,49.8786214959805],[8.666540915379622,49.87860532940898],[8.666484285537617,49.87859572447086],[8.66642650928807,49.87858593635814]]]]}},{"type":"Feature","properties":{"plr_id":"0240","gid":"0240","kiez":"Waldkolonie","plr_name":"Waldkolonie","bez":"02 - Nord","bzr_name":null,"pgr_name":null,"st":"02"},"geometry":{"type":"MultiPolygon","coordinates":[[[[8.606018460743295,49.884502369146716],[8.606048224331444,49.884540418366925],[8.606096620237295,49.884602091067315],[8.606416601674072,49.88471935995692],[8.606524750019373,49.88475902395978],[8.606724224846763,49.88483208982518],[8.606996028055432,49.8849317483608],[8.607050161167113,49.884951445416654],[8.60731303829473,49.885047925602485],[8.60731372479526,49.885048197700556],[8.60735984534099,49.885065169743875],[8.607520183277595,49.88512380372408],[8.607609335788517,49.885156478234094],[8.607761547404737,49.88521229672291],[8.607972584007195,49.88528971591156],[8.608100992381765,49.88533673080845],[8.60818991538628,49.88536949401877],[8.608348537970112,49.88542758150592],[8.608673337403843,49.88554656897698],[8.608998595390755,49.885665826853604],[8.609258848995218,49.88576121466932],[8.609661820175887,49.88590896878328],[8.61003361774172,49.88596552327626],[8.610606506153104,49.886052696868106],[8.610756234616758,49.88607550083278],[8.610905963222532,49.88609830460434],[8.611136174317458,49.886133338059494],[8.611475071250366,49.88618492166798],[8.611896286031596,49.88624900955119],[8.612083161201994,49.88627751143761],[8.612433640452416,49.88633074962728],[8.612730349033649,49.88637598376213],[8.612949900745772,49.88640935937206],[8.613168076781687,49.88644255012766],[8.613387398813888,49.886476014066346],[8.61360683737221,49.8865092981293],[8.613904695294533,49.88655462300989],[8.614105904508508,49.886585237620466],[8.614314451639935,49.88661695538136],[8.61452403068286,49.88664885604596],[8.614585941040222,49.886658324052505],[8.614624004690562,49.88666411579892],[8.614661838779222,49.88666990676995],[8.61469978837822,49.886675608188106],[8.61473773727052,49.886681399515815],[8.614775686171967,49.88668719083111],[8.614813635082559,49.886692982134015],[8.614851584717794,49.88669868350255],[8.614892629993816,49.88670484476175],[8.614933214707555,49.8867111843256],[8.615117342912203,49.886739132647726],[8.615155292619928,49.88674483391699],[8.615306629539592,49.88676799703456],[8.615680160040421,49.88682480892293],[8.616018951941683,49.88687637888708],[8.61637104193657,49.88693023996583],[8.61652192301883,49.886953130214216],[8.61661731325746,49.8869675637681],[8.61667062615587,49.88697565336867],[8.616877801374587,49.887007092205415],[8.617094951894236,49.88704000240211],[8.616834247832415,49.88794126203096],[8.616827756502211,49.88796372165985],[8.619439356320651,49.88830234455779],[8.619552976875951,49.88831998287095],[8.616959924936126,49.88980041260893],[8.616996437839424,49.889813931936914],[8.6170079984803,49.88981819656308],[8.616869573959097,49.88993176327098],[8.61786851638886,49.8903115725655],[8.61909192090173,49.8907768194391],[8.62000917529953,49.89112558773705],[8.621165635740583,49.891568741637386],[8.621815851431371,49.89183470184612],[8.622149470739448,49.8920100626312],[8.622382423745586,49.89215443050271],[8.622605490508787,49.892315401710285],[8.622814255658762,49.892485048614425],[8.623006171145978,49.8926662405831],[8.623249631901919,49.892951012575466],[8.62345393439541,49.89325220294632],[8.623558959771191,49.893461437912556],[8.623649025518466,49.89369004785441],[8.623700985035851,49.89388804975489],[8.623732357593598,49.894105588302956],[8.623782587082909,49.894540984439935],[8.623799255536879,49.894685906407794],[8.623802161618668,49.894710824839485],[8.623871756285679,49.89470808310168],[8.624057396265641,49.89459034485324],[8.624091287463155,49.894513479607426],[8.625135497259796,49.89391553680574],[8.624986867602624,49.89383583299673],[8.625296159881099,49.893538464305486],[8.625602345951858,49.89325628194165],[8.625734603456735,49.893137109677916],[8.626032409711346,49.892869017219994],[8.626292806013234,49.89264306781664],[8.626627033195746,49.89235557762783],[8.627083901927971,49.89197379072249],[8.62744650879109,49.89166705570061],[8.628852840400436,49.890510733412725],[8.62932256206001,49.89016989427536],[8.62927686812203,49.890110578031134],[8.62925061182507,49.89007641278811],[8.629201298404896,49.89001007084757],[8.628867923226306,49.88956181092497],[8.628575582386482,49.88915234889115],[8.6285080045387,49.889042964331786],[8.628040850035434,49.888408129988406],[8.62795324922049,49.88830542517996],[8.627870866168868,49.888210920159345],[8.627862447122308,49.88820109139187],[8.627816704963879,49.888148518716115],[8.627805894729367,49.88813616438899],[8.62771238677064,49.888010599660035],[8.627610584830709,49.887873947527545],[8.627504239687925,49.88773107593031],[8.627165522314487,49.887280006092325],[8.627117231734465,49.88721573477614],[8.626961594146723,49.88703475607662],[8.626824356362535,49.88683468249993],[8.62666476011027,49.886601714389876],[8.62653734778544,49.88637820184215],[8.626392810483615,49.88609816148926],[8.626249671285573,49.885696727594755],[8.626150139697245,49.885386167761496],[8.626145994832287,49.88537293551945],[8.626143527954044,49.88536537392098],[8.626125864593973,49.88530416841618],[8.627552140252291,49.885056430801264],[8.627607425687819,49.88504680661631],[8.627321586300683,49.88448359130436],[8.627276504816347,49.88439046461748],[8.627264341587397,49.884255808757516],[8.627269584210246,49.88397741979428],[8.6273056146701,49.88381486243847],[8.627353186977295,49.883658906639994],[8.627756926510921,49.88235324261365],[8.627970902484176,49.88237928803606],[8.627997167402054,49.88238180026327],[8.628014191079417,49.882302361722395],[8.628033710647964,49.88221178056079],[8.628161154579132,49.8818926879732],[8.628273860192762,49.88163928271416],[8.628402594488794,49.88136101964709],[8.628555673334136,49.88111089082968],[8.628657740878936,49.88094206995389],[8.62881817857263,49.880764713188725],[8.62899372070557,49.88056321486191],[8.628917198680996,49.880559013311675],[8.62894415969621,49.87886816071333],[8.629892122525115,49.8751643242206],[8.629895908879032,49.87514940884098],[8.63029601086714,49.87358024374117],[8.630376840542397,49.87295849352972],[8.630392816167555,49.8728349881568],[8.63047173644333,49.87220747654413],[8.630592803746651,49.871244410757086],[8.630611001667019,49.87111524715209],[8.630769890300316,49.87002200079259],[8.630235481161963,49.86994988672445],[8.629915212018537,49.86990552122151],[8.629608389353663,49.86985850005328],[8.628918554090466,49.86976430137394],[8.628363982320726,49.869688607077904],[8.62712979361884,49.86951909329418],[8.624878904379802,49.86920752768049],[8.623730946603953,49.869048687896814],[8.622587706502344,49.86888913269565],[8.622217364084843,49.86883747885246],[8.621625230526455,49.868754885547155],[8.620016417051739,49.86853038776822],[8.619190616419802,49.86841077633739],[8.619062019222739,49.86839209918646],[8.618662198447582,49.86831084184103],[8.618086265653575,49.86818341134003],[8.616481272693118,49.86784314403637],[8.616249069190523,49.867794895488366],[8.61598146687653,49.867753992975345],[8.615893682528672,49.867740213485135],[8.615769797757586,49.8677209188171],[8.615519759937177,49.86769347221609],[8.615201965562738,49.86767335388358],[8.614904488718983,49.86766670093738],[8.614642521383407,49.86766771892857],[8.614342154857765,49.86767814061569],[8.614032898642426,49.86768097826144],[8.61377039408859,49.86767740633713],[8.613653253461901,49.867675847026646],[8.613355983455877,49.86765768044248],[8.61306181760564,49.867624416116186],[8.612761747498684,49.867583397803706],[8.611923651450883,49.86747025799114],[8.610360991527,49.86725324431836],[8.609817950468162,49.86717767982277],[8.607216920760024,49.86680200451066],[8.605753267185131,49.866563861971144],[8.605756047900917,49.86650416144588],[8.605758416333913,49.866452822512464],[8.605760068362473,49.86641901645353],[8.605766865837413,49.86627462054275],[8.605772708624169,49.86614883578976],[8.605776585745849,49.86606719736668],[8.605783102417476,49.86592909521903],[8.605784763190442,49.865894210090296],[8.60578738810775,49.865839544809866],[8.60580711512619,49.865657244628395],[8.605822999102434,49.865510091924385],[8.605828701311303,49.86545795499311],[8.605842344325685,49.86533237658787],[8.605847434040166,49.86528500358035],[8.60584866479646,49.86527475634994],[8.605552637524307,49.86524704194035],[8.605093234941249,49.86520393282659],[8.604285642172364,49.86512816033999],[8.603684323148217,49.86506963366898],[8.60338119887885,49.865040180881934],[8.60338761317556,49.86501349518961],[8.603263679305549,49.865001650719364],[8.602561234326643,49.86493467890044],[8.602499963809118,49.86520046610526],[8.602455461749498,49.865380252833965],[8.602420283228424,49.86552841802199],[8.602541443192834,49.865542861698216],[8.602469464512305,49.865757175228275],[8.602403129072401,49.86595487199262],[8.602389014560336,49.865996998264855],[8.60237607691248,49.86603553158395],[8.602359675326502,49.86609068908734],[8.601943753288323,49.86603368837366],[8.601851148316817,49.86602096078502],[8.599060740726872,49.86562574744712],[8.599082298312378,49.86571053105952],[8.599090967857101,49.86574437272406],[8.599098082464495,49.86577200420703],[8.599101081348808,49.86578397456116],[8.599121530411388,49.865864078246645],[8.599152225140255,49.86592623241316],[8.599160346989636,49.86594307641091],[8.599151179263844,49.86594169584406],[8.599144277615851,49.866054707317836],[8.599258847816971,49.86653287324246],[8.599379698897417,49.86701492747655],[8.599545488000697,49.86758553271352],[8.599653862392332,49.86792573228717],[8.599672539538444,49.867984427656786],[8.599819395778333,49.86844471940387],[8.599925352215257,49.868689140574965],[8.599979024680543,49.86884543495576],[8.60040258723427,49.870079132838754],[8.60064228167784,49.87077696443359],[8.600683061336015,49.87091091271432],[8.600795901491965,49.8712819705302],[8.600937003504667,49.871983508458186],[8.601031538029407,49.87252949621048],[8.601091237915792,49.87287447247815],[8.601245946551385,49.873764268761924],[8.601279480041791,49.87395646295562],[8.601401641036686,49.87466045272941],[8.601495212229107,49.87519924256581],[8.601556240213693,49.875550967333616],[8.601698444989868,49.87645609670941],[8.601773434976822,49.87691065296863],[8.601785251725033,49.876980924600545],[8.601741124463855,49.877057658497804],[8.601762805392143,49.8771844366058],[8.601792589916325,49.8773585428304],[8.601836864120473,49.877431443805484],[8.601859623228876,49.87746902047851],[8.601919672930194,49.87778684001518],[8.602292788116618,49.8800216647798],[8.602354011946954,49.88092390702252],[8.602413885473679,49.88180914874107],[8.602462197490002,49.88236936377061],[8.602523451251896,49.8827094881015],[8.60256948369665,49.882764679639315],[8.602573007795415,49.882768828241964],[8.602599490776322,49.88280057240834],[8.602642352468223,49.88285053743239],[8.603285836567299,49.882846805835804],[8.60332888059293,49.882846593401844],[8.603587606054525,49.88284505026637],[8.604668992868412,49.882838940526376],[8.604969980432404,49.883214321692314],[8.60537411151906,49.88368024731064],[8.605554508766538,49.883910438132766],[8.605625849940646,49.88400150444548],[8.606018460743295,49.884502369146716]]]]}},{"type":"Feature","properties":{"plr_id":"0250","gid":"0250","kiez":"Mornewegviertel","plr_name":"Mornewegviertel","bez":"02 - Nord","bzr_name":null,"pgr_name":null,"st":"02"},"geometry":{"type":"MultiPolygon","coordinates":[[[[8.641549148169787,49.87149893669509],[8.640731915249969,49.8713860698323],[8.63986332998589,49.87126611351621],[8.639710751930892,49.871245046762795],[8.639171515076157,49.871170441034465],[8.638392796531422,49.87106469163774],[8.637042405557413,49.87088044314987],[8.633958836079124,49.8704527796546],[8.63335550951613,49.87037317849152],[8.63309220259056,49.87033709510268],[8.632998893279906,49.870324300264784],[8.632538880533183,49.87026133482623],[8.63156439718213,49.87012956017828],[8.630881655438063,49.87003710429909],[8.630769890300316,49.87002200079259],[8.630611001667019,49.87111524715209],[8.630592803746651,49.871244410757086],[8.63047173644333,49.87220747654413],[8.630392816167555,49.8728349881568],[8.630376840542397,49.87295849352972],[8.63029601086714,49.87358024374117],[8.629895908879032,49.87514940884098],[8.629892122525115,49.8751643242206],[8.62894415969621,49.87886816071333],[8.628917198680996,49.880559013311675],[8.62899372070557,49.88056321486191],[8.62941149133819,49.88024918595151],[8.630022690190804,49.87995969278713],[8.63043154137412,49.879835282323626],[8.630716838286792,49.879748515005865],[8.630809214656407,49.87972039306133],[8.632249355148492,49.879556541232674],[8.633427236837248,49.8794225968307],[8.633427851817205,49.8794020060824],[8.633417856555697,49.87934271428741],[8.63337314773316,49.87907819511757],[8.63333480987265,49.87885146432624],[8.633313492333018,49.87872631202672],[8.633301962120736,49.87865757329469],[8.63328440582683,49.87855104723895],[8.633238114878807,49.87828346554469],[8.633169798961234,49.87787822973845],[8.63313300358542,49.87766022638335],[8.633158232836918,49.87757191047407],[8.633160590114016,49.87756373480718],[8.633231443250802,49.87731576746578],[8.633288408357334,49.87711334784754],[8.633351863316776,49.87688738850848],[8.633600046820966,49.876409145433904],[8.63378654186186,49.87607485589855],[8.633852622706343,49.87595645421478],[8.633963380107202,49.87575762121119],[8.634374518628794,49.87533942073635],[8.63468888501378,49.87531963908906],[8.63480427523786,49.87531235901352],[8.634762318268345,49.87507806349394],[8.634791705844902,49.87486386600812],[8.63552706673,49.87482130763063],[8.636148305344754,49.874785310699224],[8.636228672774381,49.874780617029415],[8.636297093250183,49.87477750446931],[8.636377100850298,49.874774877831115],[8.636872359121915,49.874765818900435],[8.637337660801713,49.874757293628676],[8.637848068739354,49.87474800814251],[8.638160718492678,49.87474223994239],[8.638469232879707,49.874736997551615],[8.638574371512988,49.87473453768095],[8.639338463255724,49.87471659407501],[8.639555971398797,49.8747115152923],[8.639801256139453,49.874705803000985],[8.639930499713568,49.87470260746323],[8.64046859120534,49.874689619582185],[8.640778763030426,49.874692919011785],[8.640885660891948,49.87470080381129],[8.641021902024725,49.87471345543911],[8.641184378712614,49.87473212311703],[8.641241241128402,49.87474003258131],[8.641259584341409,49.874742517298856],[8.641396318889951,49.87434763225208],[8.641449560874117,49.87419348648989],[8.641474437931883,49.87408844168896],[8.64147518289556,49.87398781848631],[8.641451991655048,49.87386517968696],[8.641452886578481,49.87383730586105],[8.641464453743014,49.87380946503748],[8.641489474549724,49.87377797890907],[8.64152933561357,49.87375705982457],[8.64157677380867,49.873735714527626],[8.64160866213051,49.87372214457769],[8.641636487126616,49.87369938976131],[8.641653019224412,49.87366742773717],[8.64179360021622,49.87326365151642],[8.641667724744849,49.87324644667538],[8.641549535213837,49.87322962515763],[8.641162754615541,49.873174563966046],[8.641067841786537,49.87316033188029],[8.641170589459401,49.872860571831815],[8.641205730231425,49.87264027560318],[8.641345887124636,49.872200888430555],[8.64138592472551,49.87206297813419],[8.641549148169787,49.87149893669509]]]]}},{"type":"Feature","properties":{"plr_id":"0260","gid":"0260","kiez":"Pallaswiesenviertel","plr_name":"Pallaswiesenviertel","bez":"02 - Nord","bzr_name":null,"pgr_name":null,"st":"02"},"geometry":{"type":"MultiPolygon","coordinates":[[[[8.634431124578137,49.89699445339963],[8.6346237004637,49.89694425319793],[8.635053714363108,49.89683239281676],[8.635556661145667,49.896701426387025],[8.635718059081972,49.89665939939803],[8.63577523306773,49.89664447173527],[8.636345239395514,49.89649644705856],[8.63650652115917,49.89645441860759],[8.63657761287627,49.89643602713347],[8.637079284502914,49.89630558964662],[8.637332429775748,49.896292083700246],[8.63750574930672,49.896282823898886],[8.637557090273274,49.896280106807964],[8.638094965937468,49.896251392373586],[8.638268285182782,49.89624213143179],[8.638428742460103,49.89623327974797],[8.638612399036763,49.896223421054906],[8.638813858222639,49.89621262835738],[8.63906573965306,49.89619911469112],[8.63919598730546,49.89619214624342],[8.639323018947598,49.89618534749482],[8.639508627578607,49.896175403529966],[8.639753616785564,49.89616231656408],[8.639906835933102,49.896154069817804],[8.639975687434061,49.89615877981114],[8.640152061478137,49.89617092748623],[8.640210470820405,49.89617488554224],[8.640222060442222,49.896175730818186],[8.640280354987876,49.8961796884828],[8.640548072548514,49.89619805387019],[8.641049885419372,49.896232520538796],[8.641224537216393,49.89624475117497],[8.641411469616203,49.89625755906942],[8.641498589962652,49.89626043624324],[8.641672256644949,49.896266188620736],[8.642006046052087,49.89627720116223],[8.642602652827401,49.89633290604522],[8.642786900866476,49.8963517283657],[8.642922661236478,49.89636005981832],[8.643190588416228,49.897658130070056],[8.643224339476706,49.89790786327359],[8.643239472943748,49.89801986535938],[8.643312308612082,49.8985591844706],[8.643334208319054,49.89871904696742],[8.643432260971872,49.899435863733856],[8.643501219668298,49.89992535272596],[8.643517043288147,49.900037356857055],[8.643563199694974,49.90036482239626],[8.644065307596627,49.900318525034635],[8.644237655225165,49.90030268772516],[8.6443734654639,49.90029015523014],[8.645313439980526,49.90020472862037],[8.645867378107035,49.90015165782094],[8.646039959463408,49.900135099154475],[8.646322385345657,49.90010808441114],[8.646380272535394,49.90010565314988],[8.647665407240545,49.8999861891148],[8.6478377544974,49.899970076682386],[8.648031357246344,49.89995205018058],[8.648458662298061,49.8999121611169],[8.648489225253643,49.89990928627001],[8.648535644093206,49.8999049307635],[8.648912392877481,49.89986983261351],[8.648942726145611,49.89986695695174],[8.648946747356673,49.899866609428884],[8.649049580480511,49.899857029041],[8.649163213547318,49.89984649207205],[8.64917734583502,49.899845185966264],[8.649261565459827,49.89983734755893],[8.649433910363756,49.89982141259581],[8.650942730933016,49.89968145609727],[8.651778367361938,49.89960420576804],[8.651822027432948,49.899600200358286],[8.652115929332979,49.89957311603978],[8.652288158206535,49.89955708656331],[8.654765174791859,49.89932798708968],[8.654801366843518,49.89932458779346],[8.654836524263555,49.89932136525449],[8.654848817909953,49.899320232833055],[8.65490729899487,49.89931483158912],[8.654616919632257,49.89789991078915],[8.654358216796007,49.89679433237145],[8.653896350291928,49.89470428690585],[8.653403748999233,49.89229464631581],[8.653333905665052,49.891980242408756],[8.653321009023978,49.891921573277536],[8.65320438470173,49.89139103146773],[8.653178706223853,49.89127378342948],[8.653088322061809,49.89086255942708],[8.65297899231423,49.89037205539019],[8.652881004802968,49.88993302181854],[8.65281916753282,49.889655690216756],[8.652453621085035,49.88803029354461],[8.652341093543846,49.887507316410954],[8.652274939439303,49.887208569478204],[8.651866939871145,49.88537828529457],[8.651483238040832,49.884003628730824],[8.651027266499701,49.88390010328395],[8.650663705030121,49.883811242381036],[8.650335345000215,49.88372761218178],[8.64973080990317,49.88358226832893],[8.64960981201894,49.88355312696527],[8.649546789958594,49.883538278837065],[8.649340191583212,49.88348972455629],[8.649071096154419,49.883417330674654],[8.649048997424684,49.88340988999473],[8.648661402744096,49.88328066395278],[8.64839232991456,49.88318965422183],[8.648369315785414,49.883181850938676],[8.648285175072132,49.88315120131768],[8.648044203191432,49.8830631535901],[8.64777396673426,49.88294309332383],[8.647428661883904,49.88277631330069],[8.64713454575318,49.882625964340704],[8.646819070695404,49.882461521373536],[8.646473391753647,49.88226829958575],[8.646107137047819,49.88201683289998],[8.645946270315546,49.88189997968048],[8.645814936865218,49.88177836053651],[8.645728239193122,49.88168987987141],[8.645529211011247,49.88148685183954],[8.645190832370785,49.88111352998073],[8.645074603319236,49.88096740684199],[8.644946864140065,49.88082583448069],[8.644644823423981,49.88049119980622],[8.644456104872393,49.88030780499495],[8.64421676711687,49.88000024881883],[8.644139210463166,49.87985568215805],[8.644098952240798,49.879758350319264],[8.64407436177843,49.879684267056184],[8.644062574112079,49.87964844095983],[8.643970323007865,49.8792391815432],[8.643915195478318,49.87899459771235],[8.643906975808486,49.87895743368701],[8.6438789644663,49.87883361166521],[8.643743199827734,49.87823978336368],[8.643714585707041,49.87812000603308],[8.643710468410701,49.87810245811844],[8.643680293397336,49.877976471194515],[8.643585991079172,49.87758168287833],[8.643507724305163,49.87725375761972],[8.643445808248368,49.876996563183376],[8.64337467959849,49.87675930359348],[8.643319015672692,49.87655716205973],[8.643280342159116,49.87641667101562],[8.643272891623658,49.8763842752903],[8.64319861832031,49.87606004894093],[8.643185677293582,49.87594733377023],[8.643185469397464,49.87583537717758],[8.643195365005843,49.87572282220398],[8.643217939111745,49.875602842511256],[8.643225831397952,49.87557525998612],[8.643260113447488,49.87545495661021],[8.643391027884807,49.875038109793444],[8.643212871823009,49.87501337202306],[8.642411058052579,49.8749019134348],[8.642177529452542,49.87486962947554],[8.641259584341409,49.874742517298856],[8.641241241128402,49.87474003258131],[8.641184378712614,49.87473212311703],[8.641021902024725,49.87471345543911],[8.640885660891948,49.87470080381129],[8.640778763030426,49.874692919011785],[8.64046859120534,49.874689619582185],[8.639930499713568,49.87470260746323],[8.639801256139453,49.874705803000985],[8.639555971398797,49.8747115152923],[8.639338463255724,49.87471659407501],[8.638574371512988,49.87473453768095],[8.638469232879707,49.874736997551615],[8.638160718492678,49.87474223994239],[8.637848068739354,49.87474800814251],[8.637337660801713,49.874757293628676],[8.636872359121915,49.874765818900435],[8.636377100850298,49.874774877831115],[8.636297093250183,49.87477750446931],[8.636228672774381,49.874780617029415],[8.636148305344754,49.874785310699224],[8.63552706673,49.87482130763063],[8.634791705844902,49.87486386600812],[8.634762318268345,49.87507806349394],[8.63480427523786,49.87531235901352],[8.63468888501378,49.87531963908906],[8.634374518628794,49.87533942073635],[8.633963380107202,49.87575762121119],[8.633852622706343,49.87595645421478],[8.63378654186186,49.87607485589855],[8.633600046820966,49.876409145433904],[8.633351863316776,49.87688738850848],[8.633288408357334,49.87711334784754],[8.633231443250802,49.87731576746578],[8.633160590114016,49.87756373480718],[8.633158232836918,49.87757191047407],[8.63313300358542,49.87766022638335],[8.633169798961234,49.87787822973845],[8.633238114878807,49.87828346554469],[8.63328440582683,49.87855104723895],[8.633301962120736,49.87865757329469],[8.633313492333018,49.87872631202672],[8.63333480987265,49.87885146432624],[8.63337314773316,49.87907819511757],[8.633417856555697,49.87934271428741],[8.633427851817205,49.8794020060824],[8.633427236837248,49.8794225968307],[8.632249355148492,49.879556541232674],[8.630809214656407,49.87972039306133],[8.630716838286792,49.879748515005865],[8.63043154137412,49.879835282323626],[8.630022690190804,49.87995969278713],[8.62941149133819,49.88024918595151],[8.62899372070557,49.88056321486191],[8.62881817857263,49.880764713188725],[8.628657740878936,49.88094206995389],[8.628555673334136,49.88111089082968],[8.628402594488794,49.88136101964709],[8.628273860192762,49.88163928271416],[8.628161154579132,49.8818926879732],[8.628033710647964,49.88221178056079],[8.628014191079417,49.882302361722395],[8.627997167402054,49.88238180026327],[8.627970902484176,49.88237928803606],[8.627756926510921,49.88235324261365],[8.627353186977295,49.883658906639994],[8.6273056146701,49.88381486243847],[8.627269584210246,49.88397741979428],[8.627264341587397,49.884255808757516],[8.627276504816347,49.88439046461748],[8.627321586300683,49.88448359130436],[8.627607425687819,49.88504680661631],[8.627552140252291,49.885056430801264],[8.626125864593973,49.88530416841618],[8.626143527954044,49.88536537392098],[8.626145994832287,49.88537293551945],[8.626150139697245,49.885386167761496],[8.626249671285573,49.885696727594755],[8.626392810483615,49.88609816148926],[8.62653734778544,49.88637820184215],[8.62666476011027,49.886601714389876],[8.626824356362535,49.88683468249993],[8.626961594146723,49.88703475607662],[8.627117231734465,49.88721573477614],[8.627165522314487,49.887280006092325],[8.627504239687925,49.88773107593031],[8.627610584830709,49.887873947527545],[8.62771238677064,49.888010599660035],[8.627805894729367,49.88813616438899],[8.627816704963879,49.888148518716115],[8.627862447122308,49.88820109139187],[8.627870866168868,49.888210920159345],[8.62795324922049,49.88830542517996],[8.628040850035434,49.888408129988406],[8.6285080045387,49.889042964331786],[8.628575582386482,49.88915234889115],[8.628867923226306,49.88956181092497],[8.629201298404896,49.89001007084757],[8.62925061182507,49.89007641278811],[8.62927686812203,49.890110578031134],[8.62932256206001,49.89016989427536],[8.628852840400436,49.890510733412725],[8.62744650879109,49.89166705570061],[8.627083901927971,49.89197379072249],[8.626627033195746,49.89235557762783],[8.626292806013234,49.89264306781664],[8.626032409711346,49.892869017219994],[8.625734603456735,49.893137109677916],[8.625602345951858,49.89325628194165],[8.625296159881099,49.893538464305486],[8.624986867602624,49.89383583299673],[8.625135497259796,49.89391553680574],[8.625201121729768,49.89395090930126],[8.6252570284353,49.893981034750645],[8.62527238069112,49.89398513095303],[8.62530572637447,49.89399324196189],[8.62576030403817,49.894104057777575],[8.625851288842759,49.894126202965055],[8.627713740803335,49.89458010979199],[8.629399284026288,49.89496220142239],[8.630377474104145,49.89518437886798],[8.630573457070954,49.89522888640316],[8.630762459626563,49.895300528481876],[8.63089204907229,49.89534959002912],[8.631353510859741,49.895524611642344],[8.631753959006598,49.89567641708131],[8.632416861062497,49.89593462435976],[8.63295922137448,49.89608651568604],[8.632989462257768,49.896125908261105],[8.633419200301715,49.89668650591446],[8.633443870761461,49.89671868682432],[8.633541986369847,49.89684641945416],[8.633783917621942,49.89716218804327],[8.63425396346066,49.897040655314974],[8.634431124578137,49.89699445339963]]]]}},{"type":"Feature","properties":{"plr_id":"0270","gid":"0270","kiez":"Am Ziegelbusch","plr_name":"Am Ziegelbusch","bez":"02 - Nord","bzr_name":null,"pgr_name":null,"st":"02"},"geometry":{"type":"MultiPolygon","coordinates":[[[[8.654616919632257,49.89789991078915],[8.654912375942391,49.89781419350175],[8.65513270183159,49.89775028345327],[8.655274209305722,49.897726334777204],[8.655387487121828,49.89771642012312],[8.655522631910504,49.8977152929569],[8.655672456011256,49.89771654724854],[8.65580033500609,49.89771998431303],[8.656040939122363,49.89772663322287],[8.65632585251495,49.89773458197457],[8.656914850687189,49.89775089379644],[8.658034149926062,49.89778747189127],[8.658111517568102,49.897789948122465],[8.65813263795965,49.89779072978255],[8.658988868794165,49.897815192369485],[8.65911696652517,49.89782024505284],[8.659801072333988,49.89784734287352],[8.660120758877452,49.89785772233592],[8.660404372376984,49.89785477644026],[8.660616875867614,49.89784110063695],[8.660774960015404,49.89782699549024],[8.661560322613663,49.897757171155014],[8.662201286162883,49.89771452764852],[8.662750902986291,49.89771459868773],[8.663120566853951,49.897703713285104],[8.664419100179888,49.897756127320164],[8.664615659683722,49.89777315208587],[8.664927093492917,49.89783133404169],[8.664982018343917,49.897841654156835],[8.66520768326438,49.89788367097275],[8.665374752636767,49.89791490723507],[8.665489648912748,49.89793637088916],[8.665603567285684,49.89794982836603],[8.665673777438393,49.89795803405215],[8.665702802101833,49.89796144491999],[8.665873966896436,49.897981631606584],[8.665888765963706,49.89798338280453],[8.666029069813922,49.898000063225446],[8.666285933215677,49.89803020788587],[8.666349030774493,49.89803758337728],[8.666698591106206,49.898078514916],[8.666876106352477,49.89814368041335],[8.667027396009496,49.89819914846043],[8.667173302765844,49.89825271245413],[8.66736606080374,49.89828869562255],[8.667533362609404,49.898319929437065],[8.667663856341651,49.89834422329747],[8.66800169732823,49.89840355175044],[8.668028876765153,49.89840821568953],[8.668135687751672,49.89842030146822],[8.668190755909631,49.898426663812394],[8.668125372417927,49.898200047894186],[8.668072996405769,49.89790170974869],[8.668066833925787,49.89756150930975],[8.668086859963454,49.8973033945811],[8.66814988408834,49.89702004430119],[8.668248974447037,49.8967343692105],[8.668391815643375,49.89643065447476],[8.66852041832462,49.896227523920935],[8.668671643929754,49.896023468694885],[8.668808003936952,49.89586082582342],[8.668895435550484,49.89576800404937],[8.668984222373014,49.89567842334476],[8.669063849920176,49.89560185542826],[8.669144937121667,49.89553005759895],[8.669338706116905,49.89536631893907],[8.669566276605387,49.895195392422615],[8.66987804292933,49.895001324910105],[8.670262758831392,49.894783184501236],[8.670471394223483,49.894694482926184],[8.670856192976137,49.89453092472165],[8.67115175602022,49.89440532996283],[8.671423473080981,49.894291446943534],[8.672507103719502,49.893837428054],[8.672588214733372,49.893794853212995],[8.672791798303722,49.89368796851508],[8.673520750931175,49.89330532769602],[8.673654228389896,49.89324311622105],[8.673810086723464,49.8931646912816],[8.673942480235924,49.89309285454134],[8.674074218462543,49.89301598005534],[8.674200475484376,49.8929346837358],[8.674307733662411,49.89286169686294],[8.674401517486642,49.89279496674668],[8.674495228589413,49.89272194165944],[8.674655704487877,49.892588045339664],[8.674793801967175,49.892469912687616],[8.67491667092104,49.89236279784848],[8.675017969718828,49.89225373401989],[8.675104602742818,49.89214031265115],[8.675226039368306,49.89195558891649],[8.675242527846663,49.891927758606705],[8.675354822379663,49.89173662451131],[8.675446286754006,49.89153590003996],[8.675522077154152,49.89130995286376],[8.675571134823564,49.89111585392013],[8.675608137648544,49.89087046444603],[8.675622065328316,49.89057375361862],[8.67560275103783,49.890372449266216],[8.675580983635156,49.89022886936821],[8.67550165710187,49.88973262556884],[8.675435273016495,49.88896709490712],[8.67540309650753,49.88849292440374],[8.675392926360518,49.88841753944203],[8.675328366549442,49.888201990194545],[8.6752805350809,49.88804251053984],[8.675167530982796,49.887810369380986],[8.675109671189551,49.88769141737694],[8.675043720956937,49.88758071569757],[8.67501273150252,49.88752883249103],[8.674954159595961,49.88743056098033],[8.67483847674402,49.88727295915463],[8.674565139638252,49.88690071530979],[8.674069452401346,49.886223092729196],[8.673754548438906,49.88580360973818],[8.673670703642317,49.885691957644895],[8.673219943161667,49.88507920317625],[8.673165460246633,49.88500531171621],[8.672973451969678,49.88474659775431],[8.67269363190603,49.88436974488906],[8.672505038602926,49.88411598559438],[8.671977693912986,49.883409668353856],[8.67172378707666,49.88305599689954],[8.671466644457471,49.8826722809769],[8.671450850391206,49.88264867605576],[8.671092881464437,49.88203662546267],[8.670938339369647,49.88201046862584],[8.670322535544356,49.881626271210024],[8.670048312435545,49.88144429366886],[8.669768472941639,49.88124467430644],[8.669462268159458,49.88100694110788],[8.669229425708467,49.88081689644671],[8.669158916772664,49.88075518703259],[8.66909696428612,49.88070105563897],[8.668967470345493,49.8805877410309],[8.66886408055456,49.88046712703207],[8.66867787238312,49.88035634784279],[8.668528765314235,49.88045933467814],[8.668120881479016,49.88072407421126],[8.667888922609459,49.880841210939636],[8.667616160948555,49.8809665932071],[8.667432630369994,49.881050955526604],[8.66730902641222,49.88109978955315],[8.667101983625694,49.88118156600131],[8.667017183116409,49.88121225647582],[8.666172972060245,49.88151737024227],[8.665946076489599,49.88159809829669],[8.665678678414693,49.881693366798196],[8.665639816396608,49.881703146416555],[8.665616246674768,49.88170901345308],[8.665105060039211,49.88183765864399],[8.665000086021196,49.88186406292984],[8.664746174736363,49.881933919658266],[8.664544874401635,49.88198090742229],[8.664363806504033,49.882023277339385],[8.664216207709053,49.88205567237775],[8.66421356413926,49.8820562042681],[8.663831805306565,49.882140166499546],[8.663197378235752,49.88227950660083],[8.663144614881448,49.88229104348899],[8.662817452934013,49.88236338089377],[8.662517188968131,49.882429860661574],[8.662481092887248,49.88243784878492],[8.661930799290262,49.882559531887026],[8.66068191543539,49.882834739207105],[8.660573759672223,49.88285591456295],[8.660422388996382,49.88288532622721],[8.660213423292747,49.882927607956255],[8.660032043544835,49.88296430496178],[8.659835466162427,49.88300761149914],[8.659777297205594,49.88302047986116],[8.65961486138139,49.88305633255453],[8.659006608234282,49.88320795626457],[8.6581931823082,49.88338379125695],[8.657971077608734,49.88343313423324],[8.657852553056594,49.88345940215089],[8.657574461497722,49.88352116855294],[8.657521808967768,49.8835328830581],[8.657392362143746,49.88356163612519],[8.65735983015526,49.883568554093245],[8.657250394104961,49.88359179082503],[8.657014392256869,49.88364208005556],[8.656737210443442,49.88370474638357],[8.65646727048357,49.883765814867154],[8.656365769280441,49.88378682616461],[8.656007467935149,49.883861030398506],[8.65569754747175,49.88391082785796],[8.65563963979996,49.88391892893121],[8.65550819903346,49.88393724275242],[8.655220958961442,49.88397730456912],[8.65520728610321,49.88397924224729],[8.654844072943403,49.88401745855463],[8.654776301005462,49.88402454066565],[8.654463149229239,49.8840442904844],[8.654339013931832,49.88405210360577],[8.654147028989057,49.88406178249552],[8.653973186888077,49.88407043611968],[8.653741702118547,49.884082154638335],[8.65372287115693,49.8840830875706],[8.65345290071519,49.8840834500334],[8.653423286884825,49.88408345144632],[8.652629944495288,49.88407891926306],[8.652220901054912,49.884073286828006],[8.651965825185064,49.88406146079404],[8.651806689096272,49.88405217044639],[8.651721913479102,49.884045441289636],[8.651483238040832,49.884003628730824],[8.651866939871145,49.88537828529457],[8.652274939439303,49.887208569478204],[8.652341093543846,49.887507316410954],[8.652453621085035,49.88803029354461],[8.65281916753282,49.889655690216756],[8.652881004802968,49.88993302181854],[8.65297899231423,49.89037205539019],[8.653088322061809,49.89086255942708],[8.653178706223853,49.89127378342948],[8.65320438470173,49.89139103146773],[8.653321009023978,49.891921573277536],[8.653333905665052,49.891980242408756],[8.653403748999233,49.89229464631581],[8.653896350291928,49.89470428690585],[8.654358216796007,49.89679433237145],[8.654616919632257,49.89789991078915]]]]}},{"type":"Feature","properties":{"plr_id":"0310","gid":"0310","kiez":"Am Oberfeld","plr_name":"Am Oberfeld","bez":"03 - Ost","bzr_name":null,"pgr_name":null,"st":"03"},"geometry":{"type":"MultiPolygon","coordinates":[[[[8.683664614677559,49.868747056519844],[8.683611474608602,49.86878414026557],[8.68359014947691,49.86879900953821],[8.68354185204296,49.868832509487234],[8.68337413534755,49.86894895344537],[8.682895906770598,49.86924169958194],[8.682310130700232,49.86955546120166],[8.681731191315366,49.869823017428175],[8.681621425996811,49.86986794808233],[8.681106456884805,49.870073718852495],[8.680431574306558,49.8703238290708],[8.680331497085026,49.870360961773905],[8.680330698400498,49.87034288474964],[8.680294367609289,49.870249173181186],[8.680274399256398,49.87019732161094],[8.679690353514788,49.870418632363574],[8.679248588812884,49.87055391644348],[8.679197608318248,49.87057598674393],[8.679192899477567,49.87057660318627],[8.678109891056693,49.87093860497287],[8.678083532863361,49.87095067159686],[8.678053146487407,49.8709645255192],[8.677980633406685,49.870997596201704],[8.677646308650496,49.871160959189886],[8.677633526571418,49.87116766798728],[8.677538059196115,49.87121847961479],[8.67712655904594,49.871442325454716],[8.676607895735515,49.87174914103628],[8.676456195200661,49.87185177125283],[8.676128050754114,49.87208456878338],[8.675845718966293,49.872295911598975],[8.675515904149982,49.8725715966819],[8.675276187725407,49.872810214540614],[8.675003325455576,49.87313119971495],[8.674971915511057,49.87314334139261],[8.674840448133374,49.87330780429273],[8.674776796300455,49.8733875686027],[8.67422840338288,49.87409957953145],[8.673979101212444,49.874021274002445],[8.67388554161141,49.87399187536826],[8.673431616451113,49.874510720683624],[8.673367930137868,49.87456098889553],[8.673286686390133,49.87461111767511],[8.673190715196567,49.87464987440829],[8.673121368219475,49.87467162048343],[8.672577960229914,49.87545530729653],[8.673003812906819,49.87559544232012],[8.672617742172253,49.876055395333665],[8.672557117919084,49.87612761329116],[8.6722216765682,49.87638016239441],[8.672045089422419,49.87657839598626],[8.671963098594977,49.876670336559],[8.671300046585122,49.87738875317601],[8.67094702690176,49.877776944616045],[8.670801480309013,49.87796582230157],[8.670794632110551,49.8779771333303],[8.67069863917129,49.878135936974346],[8.670349724125728,49.87862773109199],[8.67000879758864,49.87910830631348],[8.669977287199572,49.879168106258405],[8.669943218724327,49.87923275482817],[8.669848169697444,49.87935334257027],[8.669621158083704,49.879604843865984],[8.669472811381182,49.87976520583266],[8.669430093625593,49.87980213288747],[8.669286238486595,49.879926447749675],[8.66907841889768,49.88008951713761],[8.66879764738898,49.88027953494306],[8.668731591995591,49.88032197038264],[8.66867787238312,49.88035634784279],[8.66886408055456,49.88046712703207],[8.668967470345493,49.8805877410309],[8.66909696428612,49.88070105563897],[8.669158916772664,49.88075518703259],[8.669229425708467,49.88081689644671],[8.669462268159458,49.88100694110788],[8.669768472941639,49.88124467430644],[8.670048312435545,49.88144429366886],[8.670322535544356,49.881626271210024],[8.670938339369647,49.88201046862584],[8.671092881464437,49.88203662546267],[8.671450850391206,49.88264867605576],[8.671466644457471,49.8826722809769],[8.67172378707666,49.88305599689954],[8.671977693912986,49.883409668353856],[8.672505038602926,49.88411598559438],[8.67269363190603,49.88436974488906],[8.672973451969678,49.88474659775431],[8.673165460246633,49.88500531171621],[8.673219943161667,49.88507920317625],[8.673670703642317,49.885691957644895],[8.673754548438906,49.88580360973818],[8.674069452401346,49.886223092729196],[8.674565139638252,49.88690071530979],[8.67483847674402,49.88727295915463],[8.674954159595961,49.88743056098033],[8.67501273150252,49.88752883249103],[8.675043720956937,49.88758071569757],[8.675109671189551,49.88769141737694],[8.675167530982796,49.887810369380986],[8.6752805350809,49.88804251053984],[8.675328366549442,49.888201990194545],[8.675392926360518,49.88841753944203],[8.67540309650753,49.88849292440374],[8.675435273016495,49.88896709490712],[8.67550165710187,49.88973262556884],[8.675580983635156,49.89022886936821],[8.67560275103783,49.890372449266216],[8.675622065328316,49.89057375361862],[8.675608137648544,49.89087046444603],[8.675571134823564,49.89111585392013],[8.675522077154152,49.89130995286376],[8.675446286754006,49.89153590003996],[8.675354822379663,49.89173662451131],[8.675242527846663,49.891927758606705],[8.675226039368306,49.89195558891649],[8.675104602742818,49.89214031265115],[8.675017969718828,49.89225373401989],[8.67491667092104,49.89236279784848],[8.674793801967175,49.892469912687616],[8.675152516431305,49.89278403404681],[8.675655166649893,49.89322292205246],[8.676068348487096,49.89358269447718],[8.676428797298506,49.893897446128236],[8.676456760588414,49.89392198351649],[8.676580716507651,49.89403014833511],[8.676761787829133,49.89418145597459],[8.676916600427123,49.89429375302329],[8.677108510817417,49.89442108057225],[8.67734460622538,49.89453369327366],[8.677386398493171,49.894550535438576],[8.677602117594564,49.89463719277576],[8.677878692068228,49.89472284976141],[8.678112622714936,49.894781680258475],[8.678322673136686,49.894823358458936],[8.678783209179917,49.89488614318735],[8.67909398707843,49.89492180428095],[8.679409973233478,49.89496853960548],[8.680232075272837,49.89506118326169],[8.680401272846508,49.89501354031877],[8.680807990952662,49.894898838324075],[8.680928595551334,49.89485546712432],[8.681098799650643,49.89479424739241],[8.68121940432135,49.894750785965904],[8.681442775585174,49.89467028826946],[8.681512744651235,49.89464503194104],[8.681730130887672,49.8945666754307],[8.681900333552091,49.894505364592774],[8.6823088642302,49.894358199697734],[8.682921040128447,49.89412625240517],[8.682969263752652,49.89410794981473],[8.683009890847064,49.894092593934026],[8.683063063336627,49.894072416426425],[8.68315581246606,49.89407455829638],[8.683200924486119,49.89407558079222],[8.683242822589255,49.894076504567195],[8.683284491086381,49.8940774276999],[8.683329602523624,49.894078540068186],[8.6834660866514,49.89408161043408],[8.683556540328604,49.89408365579342],[8.68364446832874,49.894085694191745],[8.683735036825638,49.89408773972507],[8.68382526033137,49.89408987417113],[8.683928340705709,49.89409222344019],[8.683950494918982,49.89409273344489],[8.68407572952202,49.894095592583454],[8.684200964727307,49.89409836166426],[8.684326084557052,49.89410122021983],[8.684451434596397,49.8941039893427],[8.684610760752285,49.89410774998572],[8.68468009295067,49.89410937732317],[8.684680322558538,49.89410937794753],[8.684694671292503,49.8941096867366],[8.684908982136854,49.89411458563165],[8.684929873528121,49.89411509201783],[8.685124670673973,49.89411948787163],[8.68514556206979,49.89411999421893],[8.685334389449887,49.89412437351098],[8.685596592959385,49.89405575323922],[8.685698484352155,49.89402905222275],[8.68587892197311,49.89398170152329],[8.686101794073199,49.893923314830026],[8.686237724450043,49.893887802990236],[8.686418161019926,49.8938404514485],[8.686571571309777,49.89380031043209],[8.686708996932207,49.893764262536465],[8.68702710071516,49.89367879438603],[8.687225024707605,49.89362546386983],[8.68734934440981,49.89359207758713],[8.687451258257415,49.89356159827746],[8.687508426669062,49.893544486921805],[8.687626790167057,49.893508926111416],[8.687803472620294,49.893455807156464],[8.687851439192192,49.89344136858051],[8.688022506857095,49.89338652561875],[8.68818137961575,49.89333560627349],[8.688548453282321,49.89325727970137],[8.688633179772214,49.89323925264036],[8.688855987084546,49.8932077477894],[8.6890141006165,49.89318542113605],[8.689147509680799,49.89316644516037],[8.689337796859476,49.893139618179895],[8.68952141898841,49.89311376220703],[8.689772607075625,49.89307828499576],[8.689831243221057,49.89311854801049],[8.689964976985218,49.893210088706276],[8.690012755649002,49.893242768972186],[8.690442307315886,49.893536889250775],[8.690635482193123,49.89366905368101],[8.690769218999394,49.89376059344633],[8.691083101763123,49.89397553936244],[8.691150542673101,49.89402167022467],[8.691163801951545,49.89403078787378],[8.691203123470352,49.89405768997622],[8.691392186756385,49.89418714445853],[8.691525926425374,49.89427868334834],[8.691688357667083,49.894389901824134],[8.692139648325734,49.89469891101382],[8.692144678597286,49.89470225156],[8.692278191501572,49.89479378896982],[8.692283221792549,49.894797129509996],[8.692378785448607,49.894862488105524],[8.692564093346292,49.894933480034545],[8.693063898025818,49.895125353196335],[8.69313009514894,49.89513281224695],[8.693322150079373,49.89515400287211],[8.693351749643751,49.89515731841717],[8.693429190489846,49.89516597604282],[8.693484603884002,49.89517214744354],[8.693512941737724,49.89517527976419],[8.693579140707733,49.89518246879091],[8.69377119831137,49.89520329898258],[8.693816860624644,49.89520827546008],[8.694426287073036,49.895277415989966],[8.694734096807496,49.89600418376544],[8.695347803219837,49.896799467495086],[8.69539119332607,49.89685560416771],[8.695508720954544,49.89700797440663],[8.695564075507008,49.8970786202002],[8.695639082178287,49.89714626013088],[8.69571123460743,49.897211374649075],[8.696019975690913,49.897392841802734],[8.696780454826557,49.897711815071276],[8.696967288441845,49.897780286032],[8.69713670985708,49.8978425064569],[8.697557345715763,49.89799674492367],[8.69772163666385,49.898035031316724],[8.697904959400413,49.898077773335935],[8.698045632972692,49.898110602298495],[8.698139873967122,49.898132609271066],[8.698322967817944,49.89817535003236],[8.698569119968228,49.89823264227932],[8.698671617962065,49.89825628891436],[8.69944047205191,49.89843345624452],[8.699623915432548,49.89847574623357],[8.700607407846595,49.89870229033461],[8.700638575770562,49.89871235236622],[8.700705240699486,49.89873797294252],[8.70103295600822,49.898863542912835],[8.70120053719895,49.89892773096587],[8.701355060372752,49.898986939326626],[8.701765990171502,49.89924805712901],[8.70195131628733,49.89943287781876],[8.701986294062099,49.89958880601287],[8.702014231291088,49.89971342254823],[8.702039263147181,49.89982508255303],[8.701978752656991,49.89989974382566],[8.701991085239206,49.90007854442473],[8.701967520091179,49.900250688311736],[8.701950282373318,49.90032761894571],[8.701926885227534,49.90037926510276],[8.701867522613158,49.90045383933738],[8.701823673628168,49.90050768099053],[8.70181085885387,49.90051897846185],[8.701798635906222,49.90052739988599],[8.701847793767094,49.90056232686896],[8.702159839099904,49.90082975336122],[8.703555357979583,49.901658561519916],[8.70451892149938,49.901890416751435],[8.704701568260942,49.901934405195185],[8.705293883516775,49.9020769127568],[8.705353275330031,49.90209127166224],[8.705422410718368,49.902108353007364],[8.705604364718031,49.902153237506084],[8.706595316692784,49.902397374634475],[8.706981242388757,49.90249268065459],[8.707193817612373,49.902544204471866],[8.707260663258625,49.90256037969776],[8.70776125958906,49.902681870629124],[8.707929196569006,49.90274784827517],[8.70796781486227,49.90276080465731],[8.708696797743343,49.903245889402534],[8.709175778675249,49.90343107597513],[8.709647605582468,49.903794831570785],[8.709733444219019,49.90386114054547],[8.710059431343353,49.90411230424675],[8.713887871228673,49.90872969246689],[8.715647096393528,49.90992434114396],[8.716428655939602,49.91058179948195],[8.716534709860287,49.91067090348202],[8.716561109084845,49.91069308926358],[8.716870761069144,49.91090390767258],[8.716920749527342,49.91093793097766],[8.717008258077948,49.91099749426018],[8.717044862540952,49.91102249247033],[8.7172534625245,49.91127110101224],[8.717411311972924,49.9114590667981],[8.717473241770783,49.91153304512374],[8.71760052631009,49.911684606964414],[8.717683329178131,49.91178336504305],[8.717865589183058,49.91200052492057],[8.718538786264473,49.91240277116992],[8.71866674397086,49.91247906724391],[8.71941904207552,49.912928530335094],[8.720058236095106,49.91355468550482],[8.720153939073867,49.91364852711319],[8.720531730851167,49.914018754987936],[8.7206274356651,49.91411259620118],[8.72077955946317,49.914261696441876],[8.72116310267165,49.91453248040004],[8.721228418718276,49.91457858845522],[8.721700504959177,49.914911900569756],[8.722424358977428,49.91506569636148],[8.722589664568932,49.91510080245241],[8.723253069005924,49.9152416792817],[8.724158588793992,49.9155849172686],[8.724308727300858,49.91564174636969],[8.725443828563899,49.91607193650482],[8.725526183771844,49.916152523242445],[8.72562201735821,49.91624636059448],[8.725724817816188,49.91634722839152],[8.72578684154262,49.91640798363873],[8.725876050598771,49.91649542052941],[8.725971770684465,49.91658925731764],[8.726735718666292,49.917337876199525],[8.727031157779503,49.917436678691864],[8.727185698506503,49.91748847867858],[8.729228701751781,49.9181718306319],[8.72957460282163,49.91808100546746],[8.72973576225721,49.918038667388366],[8.730152289959209,49.91792939086107],[8.730591117498799,49.918187862563826],[8.730649274313203,49.9182226182606],[8.730778490575219,49.9183678752512],[8.73086535847018,49.918465464205994],[8.731020602112697,49.91864000650823],[8.73233031539659,49.91855113468353],[8.732690556797808,49.9185044858511],[8.732763036867755,49.91848352082258],[8.732816073851303,49.91846817614897],[8.732870146051638,49.91845256406454],[8.733029026477402,49.91840661921689],[8.733160295554041,49.918368613832904],[8.733331370134081,49.918319189603395],[8.733619101979771,49.918235952053365],[8.73377798098526,49.91819000617566],[8.734015321864366,49.91812121959406],[8.734435586698647,49.91839644987861],[8.734541673855722,49.9184049657272],[8.734592995010098,49.91840912974975],[8.734765673166146,49.91842310326113],[8.734847879955717,49.9184295858928],[8.734881001587725,49.91850591688166],[8.735024300726986,49.91861999780649],[8.735265384403311,49.9188117260731],[8.735354383118823,49.9188156160621],[8.735539730357766,49.918823682366],[8.735565550461697,49.91882814749967],[8.735772341683433,49.91886377896315],[8.735845706169895,49.91891205524209],[8.73598803460051,49.91920454128618],[8.736137562599557,49.91925155195342],[8.736238181481745,49.919210056255416],[8.73627499853031,49.91913586304313],[8.736350739301308,49.91910663021353],[8.736429450751409,49.919080281642536],[8.736510104997349,49.91905573590507],[8.736603112995736,49.9190406601527],[8.736706307071358,49.919032351725036],[8.736822193214923,49.91903468299871],[8.73689398569479,49.918992132153456],[8.736972659092164,49.918951575189624],[8.73710447346468,49.91893973436671],[8.737613113251063,49.91895752210825],[8.73769758494696,49.91897021257484],[8.737679340741746,49.918924310246624],[8.737600584826565,49.91872621011695],[8.737584195004493,49.918592636398394],[8.737895510988062,49.9183743762651],[8.737903369866647,49.918365491582975],[8.738217522988851,49.91806819408623],[8.738430638564605,49.91791121859124],[8.738657329619958,49.91781371284074],[8.73877234417093,49.91776424416892],[8.7388153286765,49.91756803760013],[8.739079416361196,49.91743644423657],[8.739139535727311,49.917406455044635],[8.739143872236106,49.91732652264857],[8.73914924791318,49.917224291515815],[8.739154496094967,49.91712439811],[8.739155899253445,49.91709850324541],[8.739158832551947,49.91704446570939],[8.739159842620138,49.91702756232865],[8.739163054135348,49.916964533049146],[8.73913599378045,49.91682814787806],[8.739166288232159,49.91664180421025],[8.739247775526103,49.91658956193915],[8.739470106679875,49.91644708293419],[8.739671691065537,49.916317775715136],[8.740018928419454,49.91603637407936],[8.74040081710285,49.91586781328295],[8.74044197332037,49.915796685829385],[8.740456696620992,49.915771270372595],[8.74051860293799,49.915664579539914],[8.740585453962803,49.91577083906159],[8.740607207175131,49.915805238571366],[8.740662670382628,49.915893307987545],[8.740914934855413,49.9156934318867],[8.741014825189605,49.915614252367384],[8.740995694886472,49.91560476765668],[8.740993097521692,49.91559648887527],[8.7409463638151,49.91548685742305],[8.741222706327134,49.91538001553521],[8.741230187300443,49.915377154668874],[8.74123260454843,49.91537617090162],[8.741323069133356,49.915341122622024],[8.741326750743612,49.91533996182547],[8.741336880582281,49.91533575800474],[8.741531304539453,49.91523349860055],[8.741730281436752,49.91526784312215],[8.741761722339788,49.91527339848156],[8.741817726697734,49.9152603943108],[8.741986313384691,49.91522147283601],[8.742089284542274,49.91516711818428],[8.742161157045459,49.91512915034389],[8.742225773001664,49.9150950330495],[8.742443346838629,49.91498023424694],[8.742464204469574,49.914945749860664],[8.74272862633878,49.91450930748822],[8.742758288915818,49.91446045478366],[8.743077836614003,49.914391202479635],[8.74313291743317,49.9143788250927],[8.743211543235072,49.91434482819866],[8.743565056472583,49.91421621017321],[8.743944120502324,49.914142231184385],[8.743968884048714,49.91410730552853],[8.743981381374528,49.914089708068076],[8.744111908877937,49.913905832354],[8.744124405623614,49.913888324800006],[8.74422635218339,49.913744401948115],[8.744277613551443,49.913672216313266],[8.744303071901642,49.9136361231071],[8.744133490094868,49.91336525850309],[8.744153429595054,49.91335199378038],[8.74437080950151,49.91320634706566],[8.744446765943481,49.91315534785882],[8.744585075763153,49.91306285125298],[8.745156988866846,49.912940464266164],[8.745286205463508,49.91261153731938],[8.745558910816571,49.91238336993925],[8.74561292234876,49.91228987780457],[8.745748295513604,49.91205601322103],[8.745942605010278,49.91203683567525],[8.745939780127777,49.912028016959006],[8.74643673918617,49.9120041957043],[8.746794579684675,49.91183385263753],[8.747283703433418,49.91124304134383],[8.747566304596845,49.911051939355836],[8.747623587449313,49.910682657184644],[8.747880369059796,49.910486732264175],[8.747723800439559,49.91020726837533],[8.74768569768766,49.910158356870035],[8.74756957682203,49.9100069422941],[8.747532659579278,49.90992898793496],[8.747258104978345,49.90952652049982],[8.747443537736352,49.90922585962006],[8.747498323897162,49.90913659466611],[8.747539593153487,49.90895270042432],[8.747573711877966,49.90879657705288],[8.74757441968661,49.90879298164148],[8.7475844184944,49.90874750196118],[8.747505814473227,49.90869166801382],[8.74745398436704,49.908654776319786],[8.74737595249344,49.9085993931483],[8.747316893035986,49.90842957825788],[8.747190963416298,49.908068529476694],[8.74711205837459,49.90785092165455],[8.74703324433518,49.90761604859508],[8.747228951905056,49.907215954623894],[8.747231740385002,49.90720975595774],[8.747341147302677,49.90717204651751],[8.747375775737977,49.90716007216393],[8.747455959298499,49.90713282003958],[8.74755811762934,49.90709770239995],[8.747669824029497,49.90705936818795],[8.747685929583572,49.90705391787659],[8.747717451669327,49.90704301574822],[8.747743645891202,49.90701879329547],[8.748084992833384,49.9066999460006],[8.748478032791697,49.90633274086534],[8.748601390432702,49.90621745621527],[8.748617733807698,49.90618826639557],[8.74872368121732,49.905997947386474],[8.748739909144128,49.90596884722222],[8.748755209983097,49.90594136367623],[8.748783493009007,49.90589061797576],[8.748889553942837,49.905700299052064],[8.748935919424062,49.90561704003256],[8.749206790769637,49.905000748502246],[8.749267425623355,49.904844951643916],[8.749523984551736,49.904640389737345],[8.749760984287308,49.904065388633704],[8.749874483679433,49.90356754514277],[8.749775645702943,49.903140103547074],[8.749460571464095,49.9025835137709],[8.749369957190433,49.90236507266618],[8.74944354675828,49.90159170625389],[8.749436797668716,49.90116554223924],[8.749232536134864,49.90065451268198],[8.749197380992099,49.90063618209795],[8.748682765101432,49.90036835358874],[8.748626998952401,49.90033918728868],[8.748418477773209,49.900230106981454],[8.747442989832255,49.8998951780772],[8.746449531626538,49.899595901455655],[8.745434709386908,49.89903857757913],[8.744719431787974,49.898574796015644],[8.744265149550987,49.89832704370144],[8.744194970290197,49.89828867122516],[8.743677975986754,49.89800292024615],[8.74247908107256,49.8972038972328],[8.741775661039592,49.89676602177159],[8.740960272113664,49.89601405715338],[8.740783819951533,49.895776173538316],[8.74073650280197,49.89560764007921],[8.74072117848077,49.89555356148298],[8.740477785077642,49.89471825231629],[8.74060933871221,49.894014351551114],[8.7405731978467,49.89338902881863],[8.740391402039533,49.89277974618299],[8.740050207375083,49.89228835612024],[8.740029586017991,49.89225899464425],[8.739989595549611,49.89220225281816],[8.739260780854359,49.89129633980326],[8.739395900775904,49.890784435950174],[8.739456016657071,49.890556973160514],[8.739041671717905,49.890458114084375],[8.738671751593335,49.890423649382896],[8.738361839986222,49.89039489421039],[8.73832386109648,49.890391391394886],[8.73805057405879,49.89004375724358],[8.738020929811832,49.890027503933496],[8.737782058533517,49.88989675390168],[8.736888967283905,49.88940725225516],[8.736766883718905,49.88935436956747],[8.736506913171073,49.88924173366153],[8.735824123293852,49.88894603830352],[8.735741671253919,49.88890952108123],[8.735370706419292,49.888858767182505],[8.735064437729289,49.8888167926484],[8.734925412392787,49.88879777070062],[8.733998078277164,49.888553301569345],[8.733535365434477,49.88844603877769],[8.733240610968872,49.88837764818361],[8.733066579170373,49.8883372314448],[8.732956404188819,49.88831179900647],[8.732851713180864,49.88824951020104],[8.73262104854796,49.888112653547516],[8.732518074290065,49.88805144748647],[8.73144086116274,49.88753594032956],[8.73126759720804,49.88737871118475],[8.73108588202523,49.88721390854753],[8.73075397909514,49.886912701724604],[8.730456915954743,49.88664286853622],[8.72975507720861,49.886050882745394],[8.729617021577898,49.88592169955877],[8.729439229700255,49.88575519488098],[8.72919155534643,49.88552342162525],[8.729057139561377,49.885400720800554],[8.728935172909999,49.885289289443946],[8.728918956746291,49.88527441404268],[8.728864253507725,49.88522464798831],[8.728207149360307,49.88462484392213],[8.728178539564924,49.88458907694916],[8.728034232162253,49.884409609553636],[8.727991259718218,49.884356093776006],[8.727501011634354,49.88405216787126],[8.726736383501763,49.883738331372115],[8.726278528182682,49.88339194243505],[8.725983196045782,49.88288533118035],[8.725916201632304,49.88275721065696],[8.725678996085634,49.88230406102626],[8.72569861987672,49.882243858210025],[8.725717894195899,49.882184553805615],[8.725759596141812,49.882056330549396],[8.72582407375601,49.88185846984186],[8.725888086140259,49.881661597158974],[8.726004707441009,49.88149785096435],[8.72648052706454,49.88083479380792],[8.726519104514098,49.88079181108201],[8.726676299688211,49.88061691934821],[8.72670298012144,49.88058721730606],[8.726818349584681,49.8801765352698],[8.726658088157492,49.87987841830267],[8.726643040421965,49.87981966227453],[8.726591946137143,49.87962008975349],[8.726583186534985,49.87958598779535],[8.727000484802293,49.87911972448514],[8.727288944047483,49.878847483080555],[8.72725260016708,49.87877959467712],[8.7271504995191,49.87858844518072],[8.727110636753709,49.87851371420216],[8.727102913662602,49.87849930813758],[8.726974124880217,49.87825827759614],[8.726933429018429,49.878209262940864],[8.726715593953033,49.877945811049514],[8.726638878804001,49.87785309809665],[8.726491262800549,49.87767469984541],[8.726405771546407,49.87757135496211],[8.726089640113878,49.87737978917781],[8.726071152520852,49.87736131101688],[8.725945395427862,49.87723493994993],[8.725901802326444,49.877191223609465],[8.725870648341019,49.87715994621845],[8.726001741229835,49.87705315621625],[8.726196361709517,49.876894629764664],[8.726976330389242,49.87625917529263],[8.72731655441567,49.87592159065988],[8.728281053403785,49.87526129241819],[8.728362728997777,49.875185587647245],[8.728454210313012,49.87510073349985],[8.72863336326837,49.87493488281619],[8.728729111871855,49.87484608176472],[8.728757374831357,49.87481988997548],[8.728831896647499,49.87475082253569],[8.728858218175326,49.874169523115086],[8.728887020950442,49.87353436473333],[8.728889503858507,49.8734803259908],[8.728844549412507,49.873228972160476],[8.728752301713138,49.872939199883334],[8.72868914918088,49.872740948705065],[8.728575251250382,49.872383232682424],[8.728288865132141,49.871946428582405],[8.728279763185522,49.871932468970066],[8.728258031990265,49.871919648775055],[8.72798776448156,49.87176038837917],[8.727756615709854,49.87162397008232],[8.727544225139573,49.871498656104144],[8.727307562375561,49.87089497670079],[8.727230635867638,49.870698940365955],[8.726985381730408,49.870073658140555],[8.727331430171738,49.86981477072629],[8.727535969711097,49.869661660643224],[8.727869453436963,49.86941191437345],[8.728998951701657,49.86917913777602],[8.729562773721225,49.86898145149192],[8.729837899283892,49.8688850644315],[8.730178211551289,49.86876589770657],[8.730668690445626,49.86846705017103],[8.730743413991785,49.86842136226074],[8.730971150312977,49.86828259794855],[8.73100523065304,49.86826172462618],[8.731032632395918,49.86824506224972],[8.731031026703931,49.86820360335197],[8.731020453804508,49.86793794198309],[8.73101934943629,49.86790952329241],[8.731015617819198,49.86781698236735],[8.73100606465398,49.8675743440076],[8.730997893227398,49.86737217485257],[8.73098692563549,49.867095002194155],[8.730971913563712,49.866781670497616],[8.730959240505369,49.86652238882211],[8.730949154840516,49.866313740621784],[8.730939280753883,49.8661083301855],[8.730929405748565,49.86590309958787],[8.730919629076851,49.865700836718474],[8.73091746985283,49.86565577953643],[8.730915714134287,49.865620704909226],[8.73091274192147,49.865556761695785],[8.730906902264303,49.865430673999576],[8.730751125687666,49.86542392769937],[8.730708109032975,49.86542211922681],[8.73066509238156,49.86542031073828],[8.730571423454887,49.865324863057104],[8.730401632191237,49.864888244597466],[8.730325277270236,49.86469203159433],[8.730247792647642,49.86449275847199],[8.73016058080655,49.86426846363617],[8.730155490922854,49.864255322810365],[8.72952170611076,49.864232623763904],[8.729392329015734,49.86414257719186],[8.72734490701289,49.86452607434537],[8.724122160647656,49.865159072764534],[8.72171516976831,49.865624075103774],[8.721169512822867,49.86565720518017],[8.718948002959094,49.86564752483774],[8.718572604327921,49.86560363029603],[8.716155015515266,49.86500549381731],[8.715817848910435,49.86493911288529],[8.715468727801623,49.86491568555635],[8.714896710592992,49.86492498134157],[8.71426642701424,49.864950317134635],[8.71278120473999,49.86500069188639],[8.705873431436858,49.86523354324256],[8.699573325678559,49.86545317134679],[8.692552066000841,49.86745689778966],[8.691089207000013,49.86787124828966],[8.690039541232014,49.8681565649443],[8.689919170052152,49.868157232245636],[8.688523600598822,49.86816464205772],[8.68835528207549,49.86816284087665],[8.68818269076476,49.86814744935864],[8.687982887613142,49.8681169669612],[8.687802272194414,49.86806477415615],[8.68768250584814,49.868007259603495],[8.687628142617568,49.867967726210914],[8.687512806647804,49.86788162742196],[8.68702038666923,49.868174172498506],[8.686055568168484,49.86878332040527],[8.685772091279034,49.86861484325665],[8.685527271901488,49.868413108274574],[8.685427801131178,49.86835807440378],[8.685306619900272,49.86832438355506],[8.68516039237065,49.86831328554549],[8.685020757419192,49.868311827184755],[8.684899126062868,49.86832975135742],[8.684777489975964,49.86836601999025],[8.684658962303375,49.868418303513],[8.684565412659941,49.86847614026885],[8.684488601842686,49.86853609076543],[8.684244452039277,49.86874297186649],[8.684120981257353,49.86879641039337],[8.68399118099962,49.86881745871464],[8.683868123523848,49.86880750132119],[8.683750218166837,49.8687817311372],[8.683664614677559,49.868747056519844]]]]}},{"type":"Feature","properties":{"plr_id":"0320","gid":"0320","kiez":"Mathildenhöhe","plr_name":"Mathildenhöhe","bez":"03 - Ost","bzr_name":null,"pgr_name":null,"st":"03"},"geometry":{"type":"MultiPolygon","coordinates":[[[[8.66642650928807,49.87858593635814],[8.666484285537617,49.87859572447086],[8.666540915379622,49.87860532940898],[8.666721680415787,49.8786214959805],[8.667017259359977,49.87864788373533],[8.667329010910633,49.87867575592903],[8.667658880612594,49.87870592732698],[8.668025454067283,49.87873944015725],[8.66814531316864,49.87875039434491],[8.668731650618367,49.87880368761256],[8.668875558941972,49.87882235332396],[8.66907207852872,49.87886778664128],[8.669231259045626,49.87891895819653],[8.669474980797302,49.879010296979814],[8.669977287199572,49.879168106258405],[8.67000879758864,49.87910830631348],[8.670349724125728,49.87862773109199],[8.67069863917129,49.878135936974346],[8.670794632110551,49.8779771333303],[8.670801480309013,49.87796582230157],[8.67094702690176,49.877776944616045],[8.671300046585122,49.87738875317601],[8.671963098594977,49.876670336559],[8.672045089422419,49.87657839598626],[8.6722216765682,49.87638016239441],[8.672557117919084,49.87612761329116],[8.672617742172253,49.876055395333665],[8.673003812906819,49.87559544232012],[8.672577960229914,49.87545530729653],[8.673121368219475,49.87467162048343],[8.67294501170254,49.87468425212195],[8.672778592925146,49.874686750078276],[8.672609093910719,49.87468654136519],[8.672371542341244,49.874686319975424],[8.671481370191026,49.874666355836546],[8.671071982585623,49.87465521354155],[8.670965848865254,49.87465239451443],[8.670712580167882,49.8746345898566],[8.670487958492423,49.8746062549793],[8.670400835800244,49.874592338831874],[8.67029333286042,49.87457153040913],[8.670204197933144,49.874549784965524],[8.670066513802146,49.874512074610166],[8.669903904758367,49.87446080446606],[8.669691334299733,49.874381964816884],[8.669517042370856,49.87431069761871],[8.669367850736192,49.87424417780802],[8.669241577645963,49.87418257910698],[8.669127365354662,49.87411939604619],[8.66906154591104,49.87407820264972],[8.668967909867565,49.874010042389834],[8.668954663319626,49.87400047257741],[8.668859118538698,49.87392619191605],[8.668749766458552,49.87385726719554],[8.66864604294807,49.87380436500917],[8.668526553231622,49.873757982141434],[8.66841252151446,49.87371898856462],[8.668284955014261,49.873679056908614],[8.668270980121752,49.873675330023126],[8.668110049054869,49.87363107626026],[8.667965448726386,49.87359846929656],[8.6677839295502,49.87356108030228],[8.66777120901598,49.87355852596845],[8.667608572858521,49.8735287444599],[8.667543240323814,49.87351722666278],[8.667414411425886,49.873494196225025],[8.667245335226939,49.873466463995385],[8.66722951698494,49.87346381078727],[8.666039615056842,49.87327874213347],[8.66585509325344,49.87324448882269],[8.66546394699929,49.8731695329104],[8.66510397459891,49.873100510814865],[8.664809149974655,49.873053077983016],[8.663971525143706,49.87292368004695],[8.663605044336506,49.87286704400596],[8.66357329139727,49.872862095953025],[8.66350747297806,49.8728547109949],[8.663368473239826,49.872842617323435],[8.663209011850208,49.87283558974549],[8.663129720482754,49.87283490977169],[8.663074297167098,49.87283438902987],[8.662962397108709,49.87283631191223],[8.66288318732166,49.87284039800423],[8.662814194944811,49.872843884285366],[8.662591697243027,49.87285843424296],[8.662491700120956,49.8728648875331],[8.662232671154314,49.872884995696644],[8.66208317820968,49.87289660997662],[8.661705149408986,49.87293282625574],[8.661529109172205,49.87294993767749],[8.661186330918527,49.872983107809205],[8.661339066872866,49.87377138232033],[8.661399875832027,49.874085036593634],[8.661429670817693,49.874238804500386],[8.661467444349809,49.87443324154421],[8.661501556269481,49.874609772913345],[8.661508758424452,49.87464657303989],[8.661454248252115,49.87481061593288],[8.661244756163136,49.87544181318814],[8.661222600470728,49.87550838246253],[8.66116383181869,49.87560829663112],[8.66108397288142,49.87570446222033],[8.660904840166449,49.875915890354534],[8.661065546854154,49.87599234639011],[8.661222709044658,49.87606699335649],[8.66167474604451,49.87629914926487],[8.661723002619045,49.87632401928195],[8.662094996498857,49.87651502437029],[8.662633837746204,49.876791762194316],[8.662814450095764,49.87689462155989],[8.662897525864214,49.87694612003922],[8.662972146266673,49.87699228834076],[8.66366419290229,49.87735417536295],[8.663832059583124,49.87744206870585],[8.66405670155416,49.87753498223556],[8.664500752276673,49.87768140595381],[8.664885605940118,49.8778083231421],[8.665078197903018,49.87787290578746],[8.665191039910647,49.877919003201455],[8.66530130072982,49.87797327617384],[8.665428201999928,49.87804432299554],[8.66624178004863,49.878512206310525],[8.666335338868558,49.87855896648989],[8.66642650928807,49.87858593635814]]]]}},{"type":"Feature","properties":{"plr_id":"0330","gid":"0330","kiez":"Woogsviertel","plr_name":"Woogsviertel","bez":"03 - Ost","bzr_name":null,"pgr_name":null,"st":"03"},"geometry":{"type":"MultiPolygon","coordinates":[[[[8.67388554161141,49.87399187536826],[8.673979101212444,49.874021274002445],[8.67422840338288,49.87409957953145],[8.674776796300455,49.8733875686027],[8.674840448133374,49.87330780429273],[8.674971915511057,49.87314334139261],[8.675003325455576,49.87313119971495],[8.675276187725407,49.872810214540614],[8.675515904149982,49.8725715966819],[8.675845718966293,49.872295911598975],[8.676128050754114,49.87208456878338],[8.676456195200661,49.87185177125283],[8.676607895735515,49.87174914103628],[8.67712655904594,49.871442325454716],[8.677538059196115,49.87121847961479],[8.677633526571418,49.87116766798728],[8.677646308650496,49.871160959189886],[8.677980633406685,49.870997596201704],[8.678053146487407,49.8709645255192],[8.678083532863361,49.87095067159686],[8.677846892611441,49.870695438102295],[8.677762004578614,49.8706050978676],[8.677713584139315,49.87056998265644],[8.67764906793333,49.87053949874869],[8.677511095613273,49.87047697724275],[8.677443058411113,49.8704410879566],[8.677388133689309,49.870400559043254],[8.677348558872533,49.870364029499015],[8.677238892934277,49.87023827959221],[8.677133805453902,49.8701143408183],[8.67676649302743,49.869667381771826],[8.675486932942567,49.87006199312027],[8.675304448747399,49.87011831449944],[8.674540817232401,49.87035384387976],[8.674335743698748,49.87040740258582],[8.673881819108752,49.87050585295443],[8.673511438803452,49.87058610231199],[8.67344156831714,49.87060128262679],[8.673029724256613,49.87078905327098],[8.672641104583837,49.870850903812276],[8.672540420228566,49.87072220731347],[8.672280123682457,49.87038929076368],[8.672174208517076,49.87025383481188],[8.672035985307845,49.87007701202684],[8.67200697637063,49.87003979114498],[8.671996964524611,49.87002708346625],[8.67193038513246,49.869759729378394],[8.671812645941033,49.86928666299234],[8.671787734198443,49.869186776258104],[8.671744650801688,49.86902532969746],[8.671666431108187,49.86873204418892],[8.671655686375496,49.86869208727041],[8.671517016283579,49.86812525984828],[8.671510776722384,49.86809781518657],[8.671429350749829,49.86810846532572],[8.671330986222925,49.86811268274921],[8.671019482736162,49.86809174610474],[8.669430314157077,49.86798498174404],[8.669440911037862,49.86784454982208],[8.669464474849427,49.86767034323489],[8.669512804058321,49.86748208908015],[8.668917713966954,49.8673023406328],[8.667925639879668,49.867002662417505],[8.667871934960964,49.86698677178532],[8.667247517245587,49.86680207479559],[8.667002765709098,49.8667365364756],[8.666838904694247,49.86668804600536],[8.666028879124823,49.86644840456246],[8.665918265338878,49.86641571303286],[8.66578685372487,49.86638736775016],[8.665458780200334,49.866292180607765],[8.664998775653535,49.86614454506975],[8.664957661421575,49.866133365541344],[8.6649348985887,49.86617295649695],[8.664886907059143,49.866243678356646],[8.664833820260272,49.86632112980908],[8.664532457233003,49.86675989944113],[8.664419677513186,49.86692395516906],[8.664285917253041,49.86711852438538],[8.664192684001735,49.86724342937226],[8.664067233167952,49.867397736191926],[8.664013325037315,49.867460886870866],[8.663939557841015,49.86754178502511],[8.663901312235483,49.867580071946605],[8.663852320156327,49.86762920856946],[8.663781278864803,49.86769752508669],[8.663582790294248,49.86789325461199],[8.662996559446547,49.86847111580799],[8.66292769707977,49.868539258278666],[8.66286761571628,49.868598703560984],[8.662787082519829,49.86867850220019],[8.662683556645328,49.86878098479874],[8.66259574574737,49.86886768631862],[8.662401636065603,49.869059379929176],[8.66234059092086,49.86910875057986],[8.662279622772648,49.86914706070466],[8.6622182476002,49.8691779058751],[8.662231986559863,49.86954429844108],[8.662239529526433,49.869746111053445],[8.662270981177674,49.87009016397235],[8.662331245097565,49.87058096765923],[8.66233515847743,49.87061218286205],[8.66234286172704,49.870675871850246],[8.662360812156372,49.87078401338638],[8.662397598648324,49.871004975097094],[8.662403432164949,49.8710570583714],[8.662445807815411,49.871431087828924],[8.66244732092997,49.87144449098445],[8.66245634949653,49.87153210373045],[8.662481066288317,49.87177263378577],[8.662483116202424,49.8717913440478],[8.662494825671207,49.87190594193708],[8.662515958275952,49.87208450356349],[8.662542721030624,49.87231146094034],[8.662591697243027,49.87285843424296],[8.662814194944811,49.872843884285366],[8.66288318732166,49.87284039800423],[8.662962397108709,49.87283631191223],[8.663074297167098,49.87283438902987],[8.663129720482754,49.87283490977169],[8.663209011850208,49.87283558974549],[8.663368473239826,49.872842617323435],[8.66350747297806,49.8728547109949],[8.66357329139727,49.872862095953025],[8.663605044336506,49.87286704400596],[8.663971525143706,49.87292368004695],[8.664809149974655,49.873053077983016],[8.66510397459891,49.873100510814865],[8.66546394699929,49.8731695329104],[8.66585509325344,49.87324448882269],[8.666039615056842,49.87327874213347],[8.66722951698494,49.87346381078727],[8.667245335226939,49.873466463995385],[8.667414411425886,49.873494196225025],[8.667543240323814,49.87351722666278],[8.667608572858521,49.8735287444599],[8.66777120901598,49.87355852596845],[8.6677839295502,49.87356108030228],[8.667965448726386,49.87359846929656],[8.668110049054869,49.87363107626026],[8.668270980121752,49.873675330023126],[8.668284955014261,49.873679056908614],[8.66841252151446,49.87371898856462],[8.668526553231622,49.873757982141434],[8.66864604294807,49.87380436500917],[8.668749766458552,49.87385726719554],[8.668859118538698,49.87392619191605],[8.668954663319626,49.87400047257741],[8.668967909867565,49.874010042389834],[8.66906154591104,49.87407820264972],[8.669127365354662,49.87411939604619],[8.669241577645963,49.87418257910698],[8.669367850736192,49.87424417780802],[8.669517042370856,49.87431069761871],[8.669691334299733,49.874381964816884],[8.669903904758367,49.87446080446606],[8.670066513802146,49.874512074610166],[8.670204197933144,49.874549784965524],[8.67029333286042,49.87457153040913],[8.670400835800244,49.874592338831874],[8.670487958492423,49.8746062549793],[8.670669696295079,49.874629252439696],[8.670712580167882,49.8746345898566],[8.670965848865254,49.87465239451443],[8.671071982585623,49.87465521354155],[8.671481370191026,49.874666355836546],[8.672371542341244,49.874686319975424],[8.672609093910719,49.87468654136519],[8.672778592925146,49.874686750078276],[8.67294501170254,49.87468425212195],[8.673121368219475,49.87467162048343],[8.673190715196567,49.87464987440829],[8.673286686390133,49.87461111767511],[8.673367930137868,49.87456098889553],[8.673431616451113,49.874510720683624],[8.67388554161141,49.87399187536826]]]]}},{"type":"Feature","properties":{"plr_id":"0340","gid":"0340","kiez":"An den Lichtwiesen","plr_name":"An den Lichtwiesen","bez":"03 - Ost","bzr_name":null,"pgr_name":null,"st":"03"},"geometry":{"type":"MultiPolygon","coordinates":[[[[8.729117464291722,49.86395075578139],[8.72889105606469,49.86379339820082],[8.728884990841419,49.863790596357475],[8.72853062820301,49.8636177415359],[8.728448812809217,49.86359911540685],[8.72833778720578,49.86357214772232],[8.727029209609451,49.86325379869452],[8.726994612465642,49.863244544928804],[8.726739855517204,49.86327379970088],[8.72657407183917,49.86325254634358],[8.726392810772175,49.863229277884294],[8.72402680010124,49.862925929893166],[8.723980482823062,49.862919884611635],[8.72267430975216,49.86253027184229],[8.721783538174874,49.86239037323833],[8.720644073741527,49.86198531075158],[8.719920627147753,49.86183959607486],[8.718577744405087,49.86167726758994],[8.717249234988623,49.86143231791008],[8.717038590822158,49.861393496118616],[8.716515076550639,49.8610224473354],[8.716462862077556,49.860985540494454],[8.715940611532545,49.86063526475575],[8.715669030757836,49.86024819304508],[8.714307140608778,49.859544692042455],[8.713802824032529,49.8593487613947],[8.713262828093093,49.85913421583316],[8.713048456157422,49.859049066368925],[8.712585652214377,49.858664301509734],[8.712536790965917,49.85862389413419],[8.71232970837038,49.85845162444036],[8.712034206188221,49.85767610016776],[8.711970950916394,49.85750994214091],[8.711956489452373,49.85747249755937],[8.71194530777012,49.85744297449375],[8.71172904472488,49.857310967118046],[8.711665472892404,49.857275378716054],[8.710719128666934,49.85670397801068],[8.71005606239367,49.856205577759134],[8.709996106429115,49.85616046546142],[8.70958475254708,49.855851263885306],[8.709006398421684,49.855462508054],[8.708462809786635,49.85524568280915],[8.707267185026405,49.85463181154086],[8.70702313682105,49.854451165804825],[8.706760247120245,49.854256623487196],[8.706622428171833,49.85403757792221],[8.706614018083988,49.854024607481556],[8.706512784839536,49.85386374571996],[8.706200680898501,49.853367919643524],[8.706196450636975,49.85228710366031],[8.705490994189354,49.85149586436062],[8.704991613094581,49.85124361466846],[8.704495667843863,49.85099308013876],[8.704377084991258,49.85093324761919],[8.70287959818353,49.85018987802366],[8.701814927253107,49.8497251109135],[8.700666327760006,49.849351390951206],[8.7001228898071,49.84918290621968],[8.69982812141599,49.84908880141352],[8.699823428288848,49.849087260539996],[8.699805456437376,49.8490814588164],[8.69964862857795,49.849031414117405],[8.699644621974105,49.84903014478967],[8.699640044113021,49.849028514282544],[8.698873038732161,49.84871664363315],[8.697356149519795,49.848037448129084],[8.696241100308809,49.847721053849426],[8.695178322680524,49.84693744694522],[8.694676800924478,49.846476521294164],[8.694387954989903,49.84633871471629],[8.694337870087148,49.84631484250892],[8.693879791856089,49.84609619550531],[8.69348160706317,49.84572923913163],[8.693053099929418,49.845333964672534],[8.692752761373505,49.84505691986591],[8.692744302973205,49.84505240120415],[8.692734592128364,49.84504644042422],[8.692707859500464,49.845029913314214],[8.692669131429165,49.84500598055816],[8.692581964023864,49.84495224413774],[8.69256505755838,49.844941588168226],[8.692510106178219,49.84490781052216],[8.692474919350213,49.84488613521535],[8.692432079309683,49.84485958364979],[8.692388781708193,49.84483285100432],[8.692376100494883,49.84482508381465],[8.692274997279336,49.84476258746706],[8.692245066285965,49.8447440734119],[8.69222153209737,49.84472962295181],[8.692101107737967,49.84465754311559],[8.692071402822346,49.84463956916486],[8.691958747888917,49.84457218591034],[8.691806003525684,49.84447870768222],[8.691749561133113,49.84444510555787],[8.69170678203324,49.844481231521335],[8.691483317350384,49.8446695691714],[8.690884820555844,49.84494728145014],[8.69084513579463,49.844965610220626],[8.690698357253208,49.84503374143695],[8.690666148287402,49.84504876287214],[8.690595972773673,49.84501053737456],[8.690588543902452,49.845006470927466],[8.690349331469326,49.84487607061604],[8.689050542537952,49.844168212513026],[8.688811452490642,49.84403789925604],[8.688564935197086,49.84390351892853],[8.688054630186484,49.843628055773394],[8.687601970485376,49.84337774483704],[8.687364157871095,49.8432461730651],[8.686065981928284,49.842527941544496],[8.68532006491631,49.84212368494302],[8.685080303986144,49.84199381173229],[8.684108819952284,49.84146708599685],[8.684083793679772,49.84145343913174],[8.683844155231094,49.84132338382796],[8.68381924319975,49.841309827141785],[8.683691939763609,49.84124068727062],[8.683091354605798,49.84141646883041],[8.681268710071771,49.842047061137016],[8.680942876983265,49.84215461425166],[8.680487466780615,49.84227709660971],[8.68004539990905,49.84237578390255],[8.679077307172491,49.84257391019992],[8.678564503788472,49.84270279061746],[8.67810287896081,49.84286139618971],[8.677515525455675,49.843128099675326],[8.677125439446858,49.843358210796744],[8.676686286140407,49.84368818025791],[8.676292952281997,49.844094262540835],[8.67602557474837,49.84447794454847],[8.675816645626757,49.84491889168983],[8.674818037792575,49.848134146051024],[8.674615447407797,49.84873742287613],[8.674294285821702,49.84943811449703],[8.67425370467723,49.84957126905958],[8.674225351193797,49.84972819811943],[8.67421266066259,49.84987563915593],[8.674220546568698,49.85001639365208],[8.674241512982883,49.850173551217026],[8.674393548295122,49.85076289589509],[8.674413114471081,49.85090665068007],[8.674408039964366,49.851013197314415],[8.674382325123842,49.8511187867262],[8.674338322470506,49.8512147028054],[8.674269906160646,49.85130785252889],[8.674198119990004,49.85137329590422],[8.674116769341449,49.85142819114784],[8.67401638993872,49.851481234332134],[8.67390578930426,49.85151905138884],[8.673790761080467,49.85155002159725],[8.673685450106356,49.85156878927242],[8.672350881628375,49.851751529077866],[8.671479496583748,49.851898877708365],[8.671191771399414,49.85200660121123],[8.670984489130571,49.85214296856245],[8.670848272005113,49.85227009523208],[8.670769774240018,49.85236015681277],[8.67064313176822,49.85256356664176],[8.669945795376305,49.853814235456156],[8.669431757726215,49.85469160547617],[8.669201849860846,49.85511521462996],[8.669130892243546,49.85527588749859],[8.668997304646062,49.85575498485278],[8.668813515390971,49.856495799406936],[8.66873646808892,49.85689232713383],[8.66872877489498,49.856926926166246],[8.66865717429814,49.857248112469485],[8.66864012875432,49.8573250393018],[8.668418274265422,49.85811124613005],[8.668409183716811,49.85814880865271],[8.668284534414017,49.85866066311134],[8.66822456844066,49.85890706500772],[8.668047304070434,49.859629731851484],[8.668008571091304,49.859790765954116],[8.667890593649036,49.860282046208354],[8.667807971728822,49.86073664842895],[8.667774746868009,49.86086379661173],[8.667738456955323,49.86100289597698],[8.667710488121962,49.86111639065215],[8.667701165764868,49.8611541322856],[8.667653606958703,49.86134706418175],[8.667579717872899,49.86161518748578],[8.667398078199945,49.86227039699478],[8.66738948819354,49.862301666123464],[8.667325892257608,49.862557409154704],[8.667306297654937,49.86263738584651],[8.667283564056545,49.86270665249507],[8.667261225842932,49.8627684565292],[8.667237159833782,49.86283124477014],[8.667205892967436,49.8628900556523],[8.667167128426515,49.86295469010177],[8.667054997046248,49.8631104772826],[8.666837846674778,49.863421891897595],[8.666124536022345,49.864422769069286],[8.66557024447612,49.86522105078954],[8.66543754916719,49.86541229724627],[8.665300688548559,49.865625023496705],[8.665229235488225,49.86573704307942],[8.665134076444879,49.865875701749076],[8.665091327622305,49.865935018417275],[8.665044874153455,49.86599909036898],[8.664957661421575,49.866133365541344],[8.664998775653535,49.86614454506975],[8.665458780200334,49.866292180607765],[8.66578685372487,49.86638736775016],[8.665918265338878,49.86641571303286],[8.666028879124823,49.86644840456246],[8.666838904694247,49.86668804600536],[8.667002765709098,49.8667365364756],[8.667247517245587,49.86680207479559],[8.667871934960964,49.86698677178532],[8.667925639879668,49.867002662417505],[8.668917713966954,49.8673023406328],[8.669512804058321,49.86748208908015],[8.669464474849427,49.86767034323489],[8.669440911037862,49.86784454982208],[8.669430314157077,49.86798498174404],[8.671019482736162,49.86809174610474],[8.671330986222925,49.86811268274921],[8.671429350749829,49.86810846532572],[8.671510776722384,49.86809781518657],[8.671517016283579,49.86812525984828],[8.671655686375496,49.86869208727041],[8.671666431108187,49.86873204418892],[8.671744650801688,49.86902532969746],[8.671787734198443,49.869186776258104],[8.671812645941033,49.86928666299234],[8.67193038513246,49.869759729378394],[8.671996964524611,49.87002708346625],[8.67200697637063,49.87003979114498],[8.672035985307845,49.87007701202684],[8.672174208517076,49.87025383481188],[8.672280123682457,49.87038929076368],[8.672540420228566,49.87072220731347],[8.672641104583837,49.870850903812276],[8.673029724256613,49.87078905327098],[8.67344156831714,49.87060128262679],[8.673511438803452,49.87058610231199],[8.673881819108752,49.87050585295443],[8.674335743698748,49.87040740258582],[8.674540817232401,49.87035384387976],[8.675304448747399,49.87011831449944],[8.675486932942567,49.87006199312027],[8.67676649302743,49.869667381771826],[8.677133805453902,49.8701143408183],[8.677238892934277,49.87023827959221],[8.677348558872533,49.870364029499015],[8.677388133689309,49.870400559043254],[8.677443058411113,49.8704410879566],[8.677511095613273,49.87047697724275],[8.67764906793333,49.87053949874869],[8.677713584139315,49.87056998265644],[8.677762004578614,49.8706050978676],[8.677846892611441,49.870695438102295],[8.678083532863361,49.87095067159686],[8.678109891056693,49.87093860497287],[8.679192899477567,49.87057660318627],[8.679197608318248,49.87057598674393],[8.679248588812884,49.87055391644348],[8.679690353514788,49.870418632363574],[8.680274399256398,49.87019732161094],[8.680294367609289,49.870249173181186],[8.680330698400498,49.87034288474964],[8.680331497085026,49.870360961773905],[8.680431574306558,49.8703238290708],[8.681106456884805,49.870073718852495],[8.681621425996811,49.86986794808233],[8.681731191315366,49.869823017428175],[8.682310130700232,49.86955546120166],[8.682895906770598,49.86924169958194],[8.68337413534755,49.86894895344537],[8.68354185204296,49.868832509487234],[8.68359014947691,49.86879900953821],[8.683611474608602,49.86878414026557],[8.683664614677559,49.868747056519844],[8.683750218166837,49.8687817311372],[8.683868123523848,49.86880750132119],[8.68399118099962,49.86881745871464],[8.684120981257353,49.86879641039337],[8.684244452039277,49.86874297186649],[8.684488601842686,49.86853609076543],[8.684565412659941,49.86847614026885],[8.684658962303375,49.868418303513],[8.684777489975964,49.86836601999025],[8.684899126062868,49.86832975135742],[8.685020757419192,49.868311827184755],[8.68516039237065,49.86831328554549],[8.685306619900272,49.86832438355506],[8.685427801131178,49.86835807440378],[8.685527271901488,49.868413108274574],[8.685772091279034,49.86861484325665],[8.686055568168484,49.86878332040527],[8.68702038666923,49.868174172498506],[8.687512806647804,49.86788162742196],[8.687628142617568,49.867967726210914],[8.68768250584814,49.868007259603495],[8.687802272194414,49.86806477415615],[8.687982887613142,49.8681169669612],[8.68818269076476,49.86814744935864],[8.68835528207549,49.86816284087665],[8.688523600598822,49.86816464205772],[8.689919170052152,49.868157232245636],[8.690039541232014,49.8681565649443],[8.691089207000013,49.86787124828966],[8.692552066000841,49.86745689778966],[8.699573325678559,49.86545317134679],[8.705873431436858,49.86523354324256],[8.71278120473999,49.86500069188639],[8.71426642701424,49.864950317134635],[8.714896710592992,49.86492498134157],[8.715468727801623,49.86491568555635],[8.715817848910435,49.86493911288529],[8.716155015515266,49.86500549381731],[8.718572604327921,49.86560363029603],[8.718948002959094,49.86564752483774],[8.721169512822867,49.86565720518017],[8.72171516976831,49.865624075103774],[8.724122160647656,49.865159072764534],[8.72734490701289,49.86452607434537],[8.729392329015734,49.86414257719186],[8.72930901550341,49.864083841840184],[8.729117464291722,49.86395075578139]]]]}},{"type":"Feature","properties":{"plr_id":"0410","gid":"0410","kiez":"Paulusviertel","plr_name":"Paulusviertel","bez":"04 - Bessungen","bzr_name":null,"pgr_name":null,"st":"04"},"geometry":{"type":"MultiPolygon","coordinates":[[[[8.661266219668159,49.851336770727215],[8.658961969586036,49.85173692476307],[8.658914481969777,49.85175315137],[8.658677556766353,49.8518428284795],[8.658531674981429,49.851920813309],[8.65842252330997,49.85199530919098],[8.65831458672045,49.85209264945148],[8.658219343190389,49.85219551244555],[8.65777958588861,49.85269509626407],[8.657611220877277,49.8528862288723],[8.657466100556823,49.85305054240088],[8.657091093926514,49.85347540749916],[8.65689477065478,49.85369379347873],[8.656845980627793,49.8537477837891],[8.656552115304324,49.85408449119647],[8.656268761635967,49.85441034811258],[8.656116558941433,49.85458533996464],[8.656066099299219,49.85464804769002],[8.655936707401645,49.85480907870732],[8.655814192940136,49.854922290019914],[8.655643309170888,49.855045968659226],[8.65501059844483,49.85539362510391],[8.655004255888954,49.85555942748361],[8.654994113081175,49.85582395592847],[8.654948096118188,49.85703447579718],[8.654947113813085,49.857059651799],[8.654940069873403,49.85725944358856],[8.65490304351661,49.858318646608346],[8.65489627729981,49.858511604900755],[8.654857403916346,49.85962044061164],[8.654832454340331,49.859676389416805],[8.654800160610803,49.85974868264272],[8.65479767524569,49.859775472800614],[8.654743200336032,49.86038455034011],[8.654719513007967,49.860649667678494],[8.654703315194853,49.86086193159819],[8.654679756866399,49.86117327057187],[8.654659644593696,49.861290832131964],[8.654648028396831,49.8613592302021],[8.6546075586007,49.86159651075949],[8.654528595418013,49.86197072177562],[8.654513157589262,49.8620440542927],[8.6544942778165,49.862133473062755],[8.65442053475518,49.862483329948454],[8.654355371252574,49.862884829091776],[8.65431128022479,49.86316292447606],[8.654313021722505,49.86324044470772],[8.654315596887853,49.863345844061605],[8.654319248398052,49.86342903523777],[8.654330534928862,49.863519533072335],[8.65434368105768,49.86359061272783],[8.654370986022009,49.86365517009369],[8.654446276096927,49.86378038975966],[8.654527054457033,49.86390832346682],[8.654542493208558,49.863931480099986],[8.654700063279943,49.86416737217328],[8.654728925897517,49.864158375745156],[8.654806754927437,49.86413684574141],[8.654811468572968,49.86413551090644],[8.655442278814878,49.86395843734451],[8.655808615081876,49.863782373978665],[8.655921838921689,49.86394655272912],[8.655985602934475,49.863918235844054],[8.65631166347727,49.86375859750567],[8.656442570623659,49.863694509539876],[8.656657869953387,49.86358912620151],[8.656779953221752,49.86366916090244],[8.657259974290676,49.863283545354534],[8.657334630474503,49.86322360645419],[8.657372363551152,49.86319314359721],[8.657535266268193,49.86330926798768],[8.657778766406707,49.86348273222091],[8.657787903600259,49.86348860429251],[8.657910566590125,49.86356801004169],[8.658092393671124,49.86368544842198],[8.658276334379433,49.86379614839716],[8.65907317754316,49.86416907370462],[8.659154715574763,49.86420717171111],[8.660017950554664,49.86460411567475],[8.660175630341085,49.86466491736817],[8.660341319836753,49.864728889673415],[8.66102021699662,49.86499093857739],[8.661462306120296,49.86517046087072],[8.661552693008742,49.86520705430116],[8.662531602453742,49.86547500550717],[8.662820880556446,49.865554081558],[8.664059789784012,49.86589003927535],[8.664957661421575,49.866133365541344],[8.665044874153455,49.86599909036898],[8.665091327622305,49.865935018417275],[8.665134076444879,49.865875701749076],[8.665229235488225,49.86573704307942],[8.665300688548559,49.865625023496705],[8.66543754916719,49.86541229724627],[8.66557024447612,49.86522105078954],[8.666124536022345,49.864422769069286],[8.666837846674778,49.863421891897595],[8.667054997046248,49.8631104772826],[8.667167128426515,49.86295469010177],[8.667205892967436,49.8628900556523],[8.667237159833782,49.86283124477014],[8.667261225842932,49.8627684565292],[8.667283564056545,49.86270665249507],[8.667306297654937,49.86263738584651],[8.667325892257608,49.862557409154704],[8.66738948819354,49.862301666123464],[8.667398078199945,49.86227039699478],[8.667579717872899,49.86161518748578],[8.667653606958703,49.86134706418175],[8.667701165764868,49.8611541322856],[8.667710605314474,49.86111603128945],[8.667738456955323,49.86100289597698],[8.667774746868009,49.86086379661173],[8.667807971728822,49.86073664842895],[8.667890593649036,49.860282046208354],[8.668008571091304,49.859790765954116],[8.668047304070434,49.859629731851484],[8.66822456844066,49.85890706500772],[8.668284534414017,49.85866066311134],[8.668409183716811,49.85814880865271],[8.668418274265422,49.85811124613005],[8.66864012875432,49.8573250393018],[8.66865717429814,49.857248112469485],[8.66872877489498,49.856926926166246],[8.66873646808892,49.85689232713383],[8.668813515390971,49.856495799406936],[8.668997304646062,49.85575498485278],[8.669130892243546,49.85527588749859],[8.669201849860846,49.85511521462996],[8.669431757726215,49.85469160547617],[8.669945795376305,49.853814235456156],[8.67064313176822,49.85256356664176],[8.670769774240018,49.85236015681277],[8.670242800965646,49.85231090898963],[8.66973854679881,49.85222710245219],[8.666252140500688,49.851578831662856],[8.66399979096869,49.85116487616533],[8.66381162191786,49.8511396013103],[8.663599101951148,49.85111920135523],[8.663421028091088,49.85111032147545],[8.66323354125353,49.851102493075956],[8.663051497020714,49.851103762598534],[8.662850370997534,49.851110911379685],[8.662586181594165,49.85113109522813],[8.662356799955225,49.85116019248991],[8.661266219668159,49.851336770727215]]]]}},{"type":"Feature","properties":{"plr_id":"0420","gid":"0420","kiez":"Alt-Bessungen","plr_name":"Alt-Bessungen","bez":"04 - Bessungen","bzr_name":null,"pgr_name":null,"st":"04"},"geometry":{"type":"MultiPolygon","coordinates":[[[[8.647187213498809,49.8616464662049],[8.647731700203588,49.86163310447761],[8.647949494282363,49.86162783100864],[8.648598462505566,49.8616194585161],[8.649492059063641,49.861591589183064],[8.649905722946592,49.861566581071656],[8.650258217795695,49.86154408471256],[8.65046589010826,49.861526366377404],[8.65056645456336,49.86151776698339],[8.651456230083268,49.86146244397156],[8.651538943522034,49.861447315489855],[8.652450051875956,49.86128063230132],[8.652491291309854,49.86127338209817],[8.652768023294268,49.86122430306157],[8.653114646131472,49.86114009210683],[8.653201388548892,49.86110689963462],[8.653280494983367,49.86111468991247],[8.653483744450549,49.86115351556467],[8.653642155838554,49.861189509174245],[8.653662887736452,49.86119424719208],[8.6546075586007,49.86159651075949],[8.654648028396831,49.8613592302021],[8.654659644593696,49.861290832131964],[8.654679756866399,49.86117327057187],[8.654703315194853,49.86086193159819],[8.654719513007967,49.860649667678494],[8.654743200336032,49.86038455034011],[8.65479767524569,49.859775472800614],[8.654800160610803,49.85974868264272],[8.654832454340331,49.859676389416805],[8.654857403916346,49.85962044061164],[8.65489627729981,49.858511604900755],[8.65490304351661,49.858318646608346],[8.654940069873403,49.85725944358856],[8.654947113813085,49.857059651799],[8.654948096118188,49.85703447579718],[8.654994113081175,49.85582395592847],[8.655004255888954,49.85555942748361],[8.65501059844483,49.85539362510391],[8.655643309170888,49.855045968659226],[8.655814192940136,49.854922290019914],[8.655936707401645,49.85480907870732],[8.656066099299219,49.85464804769002],[8.656116558941433,49.85458533996464],[8.656268761635967,49.85441034811258],[8.656552115304324,49.85408449119647],[8.656845980627793,49.8537477837891],[8.656231329703763,49.853526006762685],[8.656089185171599,49.85349635961622],[8.655966452959388,49.853479179525564],[8.655888720982524,49.853473373485095],[8.655735780006795,49.853461858664694],[8.655062169477437,49.853450684030456],[8.654852726860772,49.85344826216925],[8.653558334262225,49.853433430439836],[8.653503392735178,49.85343281661694],[8.653108138183878,49.853427947670184],[8.652747755337236,49.85342309190976],[8.652371657690988,49.853418187907444],[8.651925479890531,49.85341226296999],[8.651400618315103,49.853405380342274],[8.650884475933921,49.8533983417462],[8.650671023581317,49.85339527078091],[8.649715021556467,49.85338114553474],[8.649565341258167,49.85337898460347],[8.649329523174364,49.85337557378381],[8.649110336988183,49.85337230275094],[8.648807994792907,49.85336788017648],[8.648609683392937,49.853364941206586],[8.648345873043477,49.853361983084945],[8.64797882778813,49.85335853108582],[8.646656811466022,49.85334138021491],[8.645788871242125,49.85336373065741],[8.64547789904682,49.853378696787374],[8.645132597009342,49.85339796331825],[8.644459380763125,49.85344293128369],[8.643911567725171,49.8534998808954],[8.643159367239809,49.853599902435136],[8.643247605594578,49.8538612257127],[8.643341643416178,49.85412958088681],[8.643430619772259,49.8543532277812],[8.643612730295345,49.85479702705206],[8.643788204150159,49.85527021101108],[8.643916715475402,49.85568740714314],[8.643986928592142,49.8559518217578],[8.644048434580512,49.856183566893904],[8.644195120078757,49.85673534588368],[8.644237899536376,49.85692422922918],[8.644306014691862,49.857224876826564],[8.644342348036147,49.857385593893866],[8.644344660994957,49.8574455807946],[8.644360039716473,49.857851098631954],[8.64436907617186,49.858089157129925],[8.644376381066902,49.85828179831644],[8.644389199157636,49.85837976566709],[8.644392239694488,49.85840315542333],[8.644419613655971,49.85854990661804],[8.644440956112451,49.85864313409266],[8.644581491888292,49.8592528949301],[8.644592238656596,49.859476930339916],[8.644599289598606,49.859626137051734],[8.644624567206034,49.86015272369421],[8.644636223526833,49.86039357777149],[8.644633273613392,49.860420366289446],[8.645078070822603,49.86040419352768],[8.646455959188811,49.86036901658674],[8.64665148938284,49.86036394743784],[8.647049777888173,49.860353740231616],[8.6470691578969,49.860622674062604],[8.647127264891356,49.86140267780525],[8.647138504017045,49.86148202557939],[8.647187213498809,49.8616464662049]]]]}},{"type":"Feature","properties":{"plr_id":"0430","gid":"0430","kiez":"An der Ludwigshöhe","plr_name":"An der Ludwigshöhe","bez":"04 - Bessungen","bzr_name":null,"pgr_name":null,"st":"04"},"geometry":{"type":"MultiPolygon","coordinates":[[[[8.65592155241345,49.84080215519684],[8.655941946122983,49.840724070915726],[8.655876966514366,49.84070175648857],[8.654741461983889,49.84061394049834],[8.654119647295643,49.84090659115322],[8.653089537038086,49.84133092642418],[8.652401137578556,49.84139064271093],[8.652135830795803,49.841413497134525],[8.651715377286349,49.84144991321485],[8.65087997492889,49.84152248760484],[8.650800103313307,49.841529890651614],[8.650711529674089,49.84153537899857],[8.650517858834245,49.84154765454978],[8.65044806007837,49.84182809995977],[8.65043847277913,49.841869436539184],[8.650056646223307,49.84186037111433],[8.64882860589791,49.84183183811402],[8.648734926284469,49.84182966585964],[8.648406596440214,49.841828940265536],[8.647867368761881,49.84182784306794],[8.647830900631497,49.841827732283654],[8.647749591450019,49.84182766508817],[8.647067587660928,49.841826130228846],[8.647045959537758,49.841977228272825],[8.647030258317027,49.84208607961589],[8.647025307642744,49.84212023603344],[8.646999834203683,49.84212213681506],[8.646615067858539,49.84215432666875],[8.646535428515701,49.84216109801092],[8.646502149554841,49.84216396405737],[8.64627860970439,49.84218279588819],[8.646106134676636,49.84219737686943],[8.64609626427592,49.84219842583573],[8.646019839784087,49.84220466708862],[8.646014675877645,49.84220510094484],[8.64591334795566,49.84221369405278],[8.645906118483966,49.842214301444756],[8.64583278966147,49.84222064195532],[8.645896565816313,49.84309823473979],[8.646159831639919,49.84662490549552],[8.646184140509158,49.84701858100869],[8.646276606153362,49.848555859435294],[8.646388477082029,49.85021684324323],[8.646463738966107,49.851268024457795],[8.646480417529126,49.851591894649744],[8.646476348087827,49.851913903055355],[8.646544437422174,49.85317845360471],[8.646604030140976,49.85326478324546],[8.646656811466022,49.85334138021491],[8.64797882778813,49.85335853108582],[8.648345873043477,49.853361983084945],[8.648609683392937,49.853364941206586],[8.648807994792907,49.85336788017648],[8.649110336988183,49.85337230275094],[8.649329523174364,49.85337557378381],[8.649565341258167,49.85337898460347],[8.649715021556467,49.85338114553474],[8.650671023581317,49.85339527078091],[8.650884475933921,49.8533983417462],[8.651400618315103,49.853405380342274],[8.651925479890531,49.85341226296999],[8.652371657690988,49.853418187907444],[8.652747755337236,49.85342309190976],[8.653108138183878,49.853427947670184],[8.653503392735178,49.85343281661694],[8.653558334262225,49.853433430439836],[8.654852726860772,49.85344826216925],[8.655062169477437,49.853450684030456],[8.655735780006795,49.853461858664694],[8.655888720982524,49.853473373485095],[8.655966452959388,49.853479179525564],[8.656089185171599,49.85349635961622],[8.656231329703763,49.853526006762685],[8.656845980627793,49.8537477837891],[8.65689477065478,49.85369379347873],[8.657091093926514,49.85347540749916],[8.657466100556823,49.85305054240088],[8.657611220877277,49.8528862288723],[8.65777958588861,49.85269509626407],[8.658219343190389,49.85219551244555],[8.65831458672045,49.85209264945148],[8.65842252330997,49.85199530919098],[8.658531674981429,49.851920813309],[8.658677556766353,49.8518428284795],[8.658914481969777,49.85175315137],[8.658961969586036,49.85173692476307],[8.661266219668159,49.851336770727215],[8.662356799955225,49.85116019248991],[8.662586181594165,49.85113109522813],[8.662850370997534,49.851110911379685],[8.663051497020714,49.851103762598534],[8.66323354125353,49.851102493075956],[8.663421028091088,49.85111032147545],[8.663599101951148,49.85111920135523],[8.66381162191786,49.8511396013103],[8.66399979096869,49.85116487616533],[8.666252140500688,49.851578831662856],[8.66973854679881,49.85222710245219],[8.670242800965646,49.85231090898963],[8.670769774240018,49.85236015681277],[8.670848272005113,49.85227009523208],[8.670984489130571,49.85214296856245],[8.671191771399414,49.85200660121123],[8.671479496583748,49.851898877708365],[8.672350881628375,49.851751529077866],[8.673685450106356,49.85156878927242],[8.673790761080467,49.85155002159725],[8.67390578930426,49.85151905138884],[8.67401638993872,49.851481234332134],[8.674116769341449,49.85142819114784],[8.674198119990004,49.85137329590422],[8.674269906160646,49.85130785252889],[8.674338322470506,49.8512147028054],[8.674382325123842,49.8511187867262],[8.674408039964366,49.851013197314415],[8.674413114471081,49.85090665068007],[8.674393548295122,49.85076289589509],[8.674241512982883,49.850173551217026],[8.674220546568698,49.85001639365208],[8.67421266066259,49.84987563915593],[8.674225351193797,49.84972819811943],[8.67425370467723,49.84957126905958],[8.674294285821702,49.84943811449703],[8.674615447407797,49.84873742287613],[8.674818037792575,49.848134146051024],[8.675816645626757,49.84491889168983],[8.67602557474837,49.84447794454847],[8.676292952281997,49.844094262540835],[8.676686286140407,49.84368818025791],[8.677125439446858,49.843358210796744],[8.677515525455675,49.843128099675326],[8.67810287896081,49.84286139618971],[8.678564503788472,49.84270279061746],[8.679077307172491,49.84257391019992],[8.68004539990905,49.84237578390255],[8.680487466780615,49.84227709660971],[8.680942876983265,49.84215461425166],[8.681268710071771,49.842047061137016],[8.683091354605798,49.84141646883041],[8.683691939763609,49.84124068727062],[8.67363721901398,49.83573359566008],[8.673991766050781,49.83641667469353],[8.67288241046155,49.837052196933705],[8.672222679914887,49.83790471085346],[8.6721094140956,49.838968473008954],[8.670707785942247,49.83933274271327],[8.66893514949779,49.84062171408301],[8.668056977859377,49.84098402832428],[8.666854836847033,49.84162749989212],[8.666695070828329,49.8417130088895],[8.666599492625377,49.84172001795903],[8.666424515249828,49.84173273354525],[8.66546196733499,49.841470076598135],[8.665270347915257,49.84141835614218],[8.664983729248974,49.841389561496975],[8.66401981381388,49.841293249781806],[8.662234004050017,49.84099679315152],[8.661207624066556,49.84102850902368],[8.660763423622832,49.84103476364466],[8.660710992522842,49.84103793742013],[8.660664278949865,49.84104346595827],[8.66064535582849,49.84104359041301],[8.660606565094179,49.84104770332188],[8.658585916901462,49.84120786109186],[8.65823076783335,49.84115663641731],[8.658199988102108,49.84124440236623],[8.657175549828173,49.84113014003074],[8.656895896597206,49.84107409871164],[8.656701076970377,49.841022354605784],[8.656421554274614,49.84094805775561],[8.655958989644795,49.84084336203057],[8.65592155241345,49.84080215519684]]]]}},{"type":"Feature","properties":{"plr_id":"0440","gid":"0440","kiez":"Lincoln-Siedlung","plr_name":"Lincoln-Siedlung","bez":"04 - Bessungen","bzr_name":null,"pgr_name":null,"st":"04"},"geometry":{"type":"MultiPolygon","coordinates":[[[[8.646276606153362,49.848555859435294],[8.646184140509158,49.84701858100869],[8.646159831639919,49.84662490549552],[8.645896565816313,49.84309823473979],[8.64583278966147,49.84222064195532],[8.645654806413786,49.84223565506109],[8.64560627872842,49.842269318505444],[8.645179944874112,49.84227700684057],[8.645135785570364,49.842277860841655],[8.6449909227942,49.842280294891125],[8.642264325328805,49.84232730644452],[8.642195048190752,49.84232844150879],[8.640413469967397,49.84235557155902],[8.639714996895094,49.842331551037525],[8.638674971894574,49.84229558127817],[8.638153419857415,49.84227650899323],[8.637973530323848,49.84227001228404],[8.637697792084273,49.84225997846973],[8.638911645983915,49.845302420421326],[8.638984266157829,49.845484384906655],[8.639628648423168,49.846403444327485],[8.639963219819956,49.84688054644142],[8.640022972742717,49.8470044686881],[8.640287174961156,49.84755266172558],[8.640738534422368,49.84829117579373],[8.641935952799074,49.85025065659954],[8.642501294901422,49.85170019144594],[8.643159367239809,49.853599902435136],[8.643911567725171,49.8534998808954],[8.644459380763125,49.85344293128369],[8.645132597009342,49.85339796331825],[8.64547789904682,49.853378696787374],[8.645788871242125,49.85336373065741],[8.646656811466022,49.85334138021491],[8.646604030140976,49.85326478324546],[8.646544437422174,49.85317845360471],[8.646476348087827,49.851913903055355],[8.646480417529126,49.851591894649744],[8.646463738966107,49.851268024457795],[8.646388477082029,49.85021684324323],[8.646276606153362,49.848555859435294]]]]}},{"type":"Feature","properties":{"plr_id":"0510","gid":"0510","kiez":"Am Südbahnhof","plr_name":"Am Südbahnhof","bez":"05 - West","bzr_name":null,"pgr_name":null,"st":"05"},"geometry":{"type":"MultiPolygon","coordinates":[[[[8.641533267768088,49.858511612553194],[8.642790969313172,49.85846387776093],[8.643173902389288,49.858449320179425],[8.643542720186206,49.858435347407244],[8.643919805465561,49.858420319758395],[8.644392239694488,49.85840315542333],[8.644389199157636,49.85837976566709],[8.644376381066902,49.85828179831644],[8.64436907617186,49.858089157129925],[8.644360039716473,49.857851098631954],[8.644344660994957,49.8574455807946],[8.644342348036147,49.857385593893866],[8.644306014691862,49.857224876826564],[8.644237899536376,49.85692422922918],[8.644195120078757,49.85673534588368],[8.644048434580512,49.856183566893904],[8.643986928592142,49.8559518217578],[8.643916715475402,49.85568740714314],[8.643788204150159,49.85527021101108],[8.643612730295345,49.85479702705206],[8.643430619772259,49.8543532277812],[8.643341643416178,49.85412958088681],[8.643247605594578,49.8538612257127],[8.643159367239809,49.853599902435136],[8.642501294901422,49.85170019144594],[8.641935952799074,49.85025065659954],[8.640738534422368,49.84829117579373],[8.640287174961156,49.84755266172558],[8.640022972742717,49.8470044686881],[8.639963219819956,49.84688054644142],[8.639628648423168,49.846403444327485],[8.638984266157829,49.845484384906655],[8.639142010099079,49.84604852554349],[8.639282851824811,49.846572596724755],[8.639323238172885,49.8471564250246],[8.639283033138483,49.84764252391198],[8.639285644702513,49.8481392771941],[8.639265742032444,49.84853263667739],[8.639221871556687,49.84897160338403],[8.639210131535418,49.84905411789069],[8.639171391541813,49.84932763873095],[8.639132070283745,49.84955592552392],[8.639013111928222,49.850096812962335],[8.638881107221591,49.85055636751779],[8.638716045394633,49.85104936084285],[8.63849854506157,49.851605857176445],[8.638388344835647,49.851862968311046],[8.638059409457565,49.852548607859795],[8.63797866082624,49.85271678493395],[8.637213541289661,49.85408286900921],[8.636754162121175,49.85493463706832],[8.636573011818593,49.855227673781634],[8.636470940095371,49.855392725446755],[8.63639055970689,49.85554102911801],[8.636281925649447,49.85580075082442],[8.635867443405996,49.85658143557562],[8.635749797522486,49.85680318018324],[8.635663752978523,49.85695659123371],[8.635445966587206,49.85734465135358],[8.635297128491594,49.85761009074366],[8.63491712462184,49.85828701725639],[8.634656229146016,49.85876126780384],[8.635607418735624,49.85874240969826],[8.636632415346392,49.85870273275571],[8.6378583457767,49.8586554015086],[8.639645312239525,49.85858615231637],[8.640376992904574,49.858557310327996],[8.641224691014482,49.8585237870312],[8.641533267768088,49.858511612553194]]]]}},{"type":"Feature","properties":{"plr_id":"0520","gid":"0520","kiez":"Heimstättensiedlung","plr_name":"Heimstättensiedlung","bez":"05 - West","bzr_name":null,"pgr_name":null,"st":"05"},"geometry":{"type":"MultiPolygon","coordinates":[[[[8.61965619699959,49.843674169716856],[8.619015725533908,49.84366739045059],[8.61891550051836,49.84366598191364],[8.618797273007937,49.843664154391554],[8.6173691478024,49.84365567246081],[8.617126390350478,49.843651363850825],[8.616952665343394,49.843648182109625],[8.616118439318166,49.843633192741564],[8.616105023482875,49.84363287853875],[8.616034156904421,49.84363165465662],[8.61602211584783,49.84363152484783],[8.615026205316983,49.843613653897435],[8.61498483442161,49.84382636899248],[8.614963304979382,49.84393789441611],[8.614905795339068,49.844233107016315],[8.613664596117868,49.8436488709082],[8.613637745822698,49.84363619191941],[8.61358400011667,49.84360211104653],[8.613304210154281,49.84342393585443],[8.613180289378692,49.843345197722016],[8.611765286364133,49.84244409471653],[8.610546503791923,49.84167798166732],[8.610422015675141,49.841599598348054],[8.610259186842406,49.841497345780425],[8.610182694632728,49.84151156651194],[8.609678717646046,49.84160528112906],[8.609511606021526,49.84163628201451],[8.607542420604998,49.84200264105592],[8.607501646759111,49.842010236560874],[8.607367494938847,49.842035231046616],[8.607584885316296,49.84216869652511],[8.609046818974806,49.84305616051637],[8.612090265336873,49.8449280122731],[8.614537621718933,49.846428660788305],[8.614985711704676,49.846705050487245],[8.615888525658884,49.84726207308899],[8.617253812822225,49.84809551697221],[8.617810262140292,49.84843780863172],[8.619281621491314,49.849341269861874],[8.620088215542573,49.849835805263616],[8.621013561493744,49.850401314318674],[8.621720998760221,49.850833645713045],[8.62245767287862,49.851283963016066],[8.622493976417498,49.851306112834905],[8.622768763816044,49.85147399781549],[8.624436249850085,49.85249295496946],[8.626064621094006,49.853491079021815],[8.626718816786711,49.85389245356643],[8.626981526320508,49.854053545207165],[8.630546127675588,49.85622648243322],[8.63085922810061,49.85641704125371],[8.631642901507872,49.85689424682167],[8.632593197705562,49.85747269094708],[8.632853002634192,49.85764374159034],[8.633414122674433,49.857989029816565],[8.633468587943593,49.85802292380873],[8.633854530029248,49.85826289356949],[8.634656229146016,49.85876126780384],[8.63491712462184,49.85828701725639],[8.635297128491594,49.85761009074366],[8.635445966587206,49.85734465135358],[8.635663752978523,49.85695659123371],[8.635749797522486,49.85680318018324],[8.635867443405996,49.85658143557562],[8.636281925649447,49.85580075082442],[8.63639055970689,49.85554102911801],[8.636470940095371,49.855392725446755],[8.636573011818593,49.855227673781634],[8.636754162121175,49.85493463706832],[8.637213541289661,49.85408286900921],[8.63797866082624,49.85271678493395],[8.638059409457565,49.852548607859795],[8.638388344835647,49.851862968311046],[8.63849854506157,49.851605857176445],[8.638716045394633,49.85104936084285],[8.638881107221591,49.85055636751779],[8.639013111928222,49.850096812962335],[8.639132070283745,49.84955592552392],[8.639171391541813,49.84932763873095],[8.639210131535418,49.84905411789069],[8.639221871556687,49.84897160338403],[8.639265742032444,49.84853263667739],[8.639285644702513,49.8481392771941],[8.639283033138483,49.84764252391198],[8.639323238172885,49.8471564250246],[8.639282851824811,49.846572596724755],[8.639142010099079,49.84604852554349],[8.638984266157829,49.845484384906655],[8.638911645983915,49.845302420421326],[8.637697792084273,49.84225997846973],[8.637215794844012,49.842242464383226],[8.636232999251183,49.842206651799515],[8.635822886748363,49.84219214514997],[8.635649417255857,49.84218602470232],[8.635580855305163,49.84218356106175],[8.635523644010853,49.84218149276946],[8.633714544854014,49.84211733930414],[8.633540961232185,49.84211121534006],[8.633511610592263,49.84211013337617],[8.63341106058582,49.84210657814173],[8.633285975169796,49.84210213588074],[8.63290771559331,49.84209167637706],[8.632734122634991,49.84208681012506],[8.631526997806938,49.84205312429282],[8.631351165660577,49.842086377054116],[8.63118440668656,49.84211785991616],[8.629687698170585,49.84240075842402],[8.62936708596725,49.8424551275863],[8.629198971663058,49.84248354580902],[8.628965974976799,49.84252317661072],[8.628912002606645,49.84253244597266],[8.628664192297066,49.84257454664577],[8.628496077171944,49.84260296384665],[8.628238276456683,49.842646650241974],[8.62642941148072,49.842967802405305],[8.6259514550797,49.84303559333309],[8.625781763857344,49.84305977503753],[8.625085662843935,49.84315869142987],[8.624033778722687,49.843379197914665],[8.623889550309423,49.843387992329816],[8.623604535915726,49.843405322024395],[8.62351102241914,49.843411043326995],[8.623274199130819,49.84342538133805],[8.62297690691375,49.84344347891352],[8.622781879007695,49.84346613502047],[8.622712775331433,49.843474183232516],[8.622349235216657,49.843516433240374],[8.621874578524077,49.84357144876241],[8.621749512847517,49.84359352199521],[8.621581955183112,49.8436230100897],[8.62107101319991,49.843712794765715],[8.620820191474934,49.84375702702957],[8.620719553206696,49.8437497735761],[8.62011766822635,49.843706976792305],[8.619944931469663,49.84369472034946],[8.61965619699959,49.843674169716856]]]]}},{"type":"Feature","properties":{"plr_id":"0530","gid":"0530","kiez":"Verlegerviertel","plr_name":"Verlegerviertel","bez":"05 - West","bzr_name":null,"pgr_name":null,"st":"05"},"geometry":{"type":"MultiPolygon","coordinates":[[[[8.644392239694488,49.85840315542333],[8.643919800178876,49.858421039139984],[8.643542720186206,49.858435347407244],[8.643173902389288,49.858449320179425],[8.642790969313172,49.85846387776093],[8.641533267768088,49.858511612553194],[8.641224691014482,49.8585237870312],[8.640376992904574,49.858557310327996],[8.639645312239525,49.85858615231637],[8.6378583457767,49.8586554015086],[8.636632415346392,49.85870273275571],[8.635607418735624,49.85874240969826],[8.634656229146016,49.85876126780384],[8.633965878529045,49.860000141454044],[8.63334173854138,49.86109623989667],[8.633195134697013,49.861351432086956],[8.63253138994572,49.86250639122637],[8.632007650557641,49.86348706720253],[8.632002413220139,49.86349685236787],[8.631705144205808,49.86405452045189],[8.63148709211483,49.86463501063649],[8.631040448506255,49.86607795973053],[8.6308823166468,49.866562509838815],[8.630560988819836,49.86754741989035],[8.630421556227509,49.86815153863603],[8.630396724958898,49.86832303561701],[8.630294263065284,49.86902888677015],[8.630300801516372,49.86964552048838],[8.630235481161963,49.86994988672445],[8.630769890300316,49.87002200079259],[8.630881655438063,49.87003710429909],[8.63156439718213,49.87012956017828],[8.632538880533183,49.87026133482623],[8.632998893279906,49.870324300264784],[8.63309220259056,49.87033709510268],[8.63335550951613,49.87037317849152],[8.633958836079124,49.8704527796546],[8.637042405557413,49.87088044314987],[8.638392796531422,49.87106469163774],[8.639171515076157,49.871170441034465],[8.639710751930892,49.871245046762795],[8.63986332998589,49.87126611351621],[8.640731915249969,49.8713860698323],[8.641549148169787,49.87149893669509],[8.64164384200662,49.87132522544466],[8.641849465711537,49.87072165783663],[8.64187609464084,49.87064314604097],[8.642052167515248,49.87014011229988],[8.642094892820026,49.87001066291865],[8.642344435898359,49.86925408834319],[8.642419674030485,49.8690258220913],[8.642497142015886,49.86879072839058],[8.642637164418929,49.86836644629952],[8.642829663990382,49.8677809110552],[8.642917461121653,49.86751383569249],[8.642930842475948,49.867473051140664],[8.643260449963298,49.86646700021324],[8.643291247832673,49.86638265576706],[8.643361391206042,49.86619061274172],[8.643377552650454,49.86614614977238],[8.643394582761394,49.86609278693576],[8.643554794836604,49.865588982362844],[8.643678707871722,49.86519962994639],[8.643704784199018,49.86511742905309],[8.643746159153913,49.86499876576445],[8.64392501347694,49.864486475033246],[8.644157772858613,49.86382021860455],[8.644172893775362,49.86376100467172],[8.644333673944939,49.863130766511404],[8.644466913789758,49.86195343184105],[8.644594514297665,49.860777608216],[8.644633273613392,49.860420366289446],[8.644636223526833,49.86039357777149],[8.644624567206034,49.86015272369421],[8.644599289598606,49.859626137051734],[8.644592238656596,49.859476930339916],[8.644581491888292,49.8592528949301],[8.644440956112451,49.85864313409266],[8.644419613655971,49.85854990661804],[8.644392239694488,49.85840315542333]]]]}},{"type":"Feature","properties":{"plr_id":"0540","gid":"0540","kiez":"Am Kavalleriesand","plr_name":"Am Kavalleriesand","bez":"05 - West","bzr_name":null,"pgr_name":null,"st":"05"},"geometry":{"type":"MultiPolygon","coordinates":[[[[8.633414122674433,49.857989029816565],[8.632853002634192,49.85764374159034],[8.632593197705562,49.85747269094708],[8.631642901507872,49.85689424682167],[8.63085922810061,49.85641704125371],[8.630546127675588,49.85622648243322],[8.626981526320508,49.854053545207165],[8.626718816786711,49.85389245356643],[8.626064621094006,49.853491079021815],[8.624436249850085,49.85249295496946],[8.622768763816044,49.85147399781549],[8.622493976417498,49.851306112834905],[8.62245767287862,49.851283963016066],[8.621720998760221,49.850833645713045],[8.621013561493744,49.850401314318674],[8.620088215542573,49.849835805263616],[8.619281621491314,49.849341269861874],[8.617810262140292,49.84843780863172],[8.617253812822225,49.84809551697221],[8.615888525658884,49.84726207308899],[8.614985711704676,49.846705050487245],[8.614537621718933,49.846428660788305],[8.612090265336873,49.8449280122731],[8.609046818974806,49.84305616051637],[8.607584885316296,49.84216869652511],[8.607367494938847,49.842035231046616],[8.605507004439566,49.840892621467084],[8.603923555410335,49.839917469909906],[8.601582669444056,49.83847622162272],[8.599898997697903,49.83745058171441],[8.598707642071407,49.836719688543646],[8.598601575874984,49.83670538290915],[8.598523116162704,49.8366945899506],[8.598233324903077,49.83665545764213],[8.598127955474514,49.83711056324244],[8.598081690550798,49.837310576198654],[8.598045774879868,49.837465572524486],[8.59803554960011,49.83750942053303],[8.597996897086947,49.8376763673908],[8.596842592311225,49.837636388471374],[8.596826914671862,49.837701439741636],[8.59677869591703,49.8379012655174],[8.596763851453309,49.837962632744194],[8.595968897852291,49.83789853573504],[8.59565857259018,49.837873443676074],[8.595071269336067,49.83782607131293],[8.595081581995794,49.837785820876206],[8.595132786011485,49.83758636592276],[8.595143098568013,49.837546115478645],[8.594545680755248,49.83751579089553],[8.594233790501633,49.83749995183295],[8.594077100106635,49.8374920293771],[8.594053716728181,49.83749086838888],[8.593967518255997,49.83748669970755],[8.593804750510865,49.83747875559581],[8.593655738534896,49.837471399027216],[8.593562089687795,49.837466844226626],[8.593546270694429,49.83746615928412],[8.593503628291192,49.83746430117762],[8.593362530048886,49.837456792133004],[8.592158716511804,49.837318934163406],[8.591196983336447,49.83720799596483],[8.59020661732155,49.837093441479645],[8.590081364357898,49.837110803797245],[8.590020543107684,49.837061939190214],[8.590163018247313,49.83691991163662],[8.590374103341746,49.83602680161471],[8.590320384075508,49.83596537272727],[8.58977085906243,49.835820268385326],[8.586596249605924,49.83560773741684],[8.586527479500209,49.835604164903586],[8.585000547725887,49.83552586890341],[8.584675117791315,49.835512923156095],[8.584596479943519,49.83551012346738],[8.584037667954354,49.83548779644367],[8.584090320363526,49.83519132215659],[8.58265321349178,49.834990299794796],[8.582716573924156,49.834636312518235],[8.582640540910736,49.83465078651757],[8.582498256113984,49.83459577945215],[8.580059522668618,49.8343480387521],[8.579991478645985,49.83434032842842],[8.576218392082543,49.833912669796874],[8.57616532259444,49.83391040748454],[8.576083524761971,49.83387593678044],[8.575949853919733,49.83382041360987],[8.57526107405337,49.8335320194861],[8.5750936646555,49.833479878776615],[8.575056844549806,49.83346832329476],[8.574196706357663,49.83320024707476],[8.573264116752016,49.833022812174384],[8.573063909547336,49.83298466604061],[8.572634991529442,49.832903141908005],[8.572183701083688,49.83273232776068],[8.570934412935411,49.8322593793881],[8.569949174975305,49.832009962494006],[8.569567988175372,49.831965023797636],[8.56894273985212,49.83183743441689],[8.56858145969086,49.83172035649918],[8.568135044706052,49.831494150697644],[8.568080370429879,49.83146642984468],[8.567940409566825,49.83142373327553],[8.565597812188827,49.83070960370272],[8.56557151305449,49.83070159171295],[8.566097557791474,49.82959909941922],[8.566066462806134,49.82960177069982],[8.565601073495545,49.82964139316189],[8.565539782891552,49.829648717176454],[8.565232182292835,49.8296854223841],[8.565170891578706,49.829692746203236],[8.564602005796925,49.82976650767837],[8.564290817292871,49.82980679392419],[8.563753949141374,49.83025943701688],[8.563686129963639,49.830342362668226],[8.563601000569003,49.830641583402354],[8.56356045725545,49.83183428983287],[8.563539205102732,49.832463057322855],[8.563500416721505,49.83291262756711],[8.563453334099089,49.833149852972326],[8.56344912761113,49.83317132926933],[8.563444443060018,49.833194961972076],[8.563439403197266,49.833219852290114],[8.563424382045758,49.83329632211832],[8.56333811943469,49.833656957199764],[8.56322279482518,49.834048686755445],[8.562702555277198,49.83549928776884],[8.562148072619976,49.83704318907215],[8.56200831562055,49.837433745817115],[8.561931730778568,49.83764774817815],[8.561696211078452,49.838305470024444],[8.561683623540544,49.83834058317851],[8.561509151931245,49.83882821709793],[8.561069436847548,49.84007516399697],[8.560610069118411,49.84134955158889],[8.560594304647001,49.84139337530511],[8.56040170196297,49.841930397422615],[8.560001816730136,49.84300303596666],[8.560002619498663,49.843003039013695],[8.559970399430506,49.84309077355749],[8.559137238146088,49.84539553577328],[8.559089583578407,49.8455279940329],[8.558161538910461,49.848103511463286],[8.558218073671048,49.84810471610235],[8.558289177757032,49.84810561652824],[8.558342784511277,49.84815123292284],[8.560380604812627,49.84819000293641],[8.560592070277064,49.84819404197872],[8.562575306755011,49.848231847096876],[8.562681164832442,49.848194567896115],[8.562740901643908,49.84823498972447],[8.563074396794947,49.847883741007365],[8.563229136772236,49.847856717137226],[8.564823280577778,49.848038336031365],[8.566669514113379,49.84824866240762],[8.56848104511618,49.848455053333225],[8.571420642867375,49.84877916718895],[8.571437503855268,49.84883102632887],[8.571626439945883,49.84881499859536],[8.571752644838968,49.84879792950732],[8.572537660555525,49.84888706489898],[8.572804527615375,49.84891736418356],[8.572985227194026,49.84893790336049],[8.57413336731824,49.84906829164491],[8.573703960668018,49.85038222607552],[8.57369221554428,49.8504265159003],[8.57326493620216,49.85175664273793],[8.573250783964975,49.85180065387267],[8.572808130740336,49.85174893534609],[8.572539659211024,49.85256203634849],[8.573478108593891,49.852702538493176],[8.574351602496915,49.85283407183725],[8.574813154469414,49.85290338912735],[8.57611877154908,49.8530996205218],[8.576785732558491,49.8531998056755],[8.577941621371433,49.85344106175113],[8.580041492226465,49.853878708606324],[8.580934003478905,49.85397779828148],[8.581600516601842,49.85405268517762],[8.581620915938533,49.854054916996574],[8.58179281840049,49.854073971855534],[8.581689985541956,49.85441216811834],[8.58266831785169,49.854537542350855],[8.582561979090586,49.854883819974525],[8.582500963603596,49.855082154418746],[8.58247877518356,49.85515437412171],[8.58241917738202,49.85534785767619],[8.58239403647477,49.855429868537584],[8.58231059272522,49.855701410850244],[8.58232835287188,49.85570381288426],[8.582826587907753,49.855767295307544],[8.582561682864702,49.85656946080378],[8.585030323070944,49.856913023776116],[8.585148686895037,49.85692936409117],[8.588631721887031,49.85620376221226],[8.58908871013774,49.85643864796714],[8.589537876800412,49.85608062962697],[8.589605163028054,49.85611387026342],[8.589783488265198,49.85597170071423],[8.590651092297449,49.85641881639614],[8.591499255886546,49.85683330424034],[8.591502011306703,49.85683304417486],[8.591500585458913,49.85683888426578],[8.591469681308567,49.85703472160522],[8.591130070222963,49.85751588120295],[8.590981668411835,49.85757848495907],[8.590954489867503,49.857930624641284],[8.591045793668732,49.85816331251168],[8.591138268761998,49.858366059464494],[8.59115620245088,49.858619980482274],[8.59107214912322,49.85926795202452],[8.591036793350998,49.85955585646932],[8.591185864452939,49.85956420568975],[8.591200431390671,49.85946938638574],[8.591205910194354,49.85943190706025],[8.591870418491336,49.859510414595476],[8.591937532074775,49.85946955520528],[8.592327607196587,49.85983611215447],[8.593610801167268,49.86001444193822],[8.593850412703222,49.86004774446398],[8.594156258645723,49.860090270855345],[8.594617721163617,49.86015447300812],[8.594589983758286,49.86026102681594],[8.595724175801635,49.86034214289185],[8.596794392948727,49.86041861907281],[8.597248897712987,49.860451133021],[8.597560080583625,49.860473345964095],[8.598025479128335,49.86050661407943],[8.598078423526106,49.86080417887176],[8.59810599443221,49.861090235222555],[8.598109275198023,49.86109582193115],[8.59821922075332,49.861285134943444],[8.598234603380021,49.86131171605777],[8.598283372557463,49.86154577936293],[8.598304282738425,49.86172210434439],[8.598326650268433,49.86201326827762],[8.598367411848848,49.862549091228054],[8.598382832036922,49.86275111562154],[8.598387906574581,49.8628171379608],[8.598369964385013,49.862919320236074],[8.598308568098618,49.86301793481661],[8.598215395370584,49.86310214121089],[8.597846046851283,49.863312363599235],[8.597840264077226,49.86331791887363],[8.5977525693742,49.86340547111015],[8.597677533438132,49.863529846423816],[8.597655486527652,49.863642535526864],[8.597651820535877,49.8637800177147],[8.597546577830853,49.86480578341036],[8.597525303910626,49.864894375325584],[8.59749909934701,49.86498259041914],[8.597457314026805,49.8650679637432],[8.59738199514476,49.865143149036236],[8.597276299478375,49.865201053147146],[8.597273426635123,49.865201582716175],[8.597142181687696,49.8652273847571],[8.59731147428816,49.8652622342012],[8.597609627621614,49.86532351895184],[8.597825885225278,49.865367792882026],[8.59858171942853,49.86547193730429],[8.598887950254683,49.86551418269318],[8.599037512802422,49.86553484317322],[8.599047068161866,49.865572554667644],[8.599060740726872,49.86562574744712],[8.599244221477827,49.865651830508526],[8.601851148316817,49.86602096078502],[8.601943753288323,49.86603368837366],[8.602359675326502,49.86609068908734],[8.60237607691248,49.86603553158395],[8.602389014560336,49.865996998264855],[8.602403129072401,49.86595487199262],[8.602469464512305,49.865757175228275],[8.602541443192834,49.865542861698216],[8.602420283228424,49.86552841802199],[8.602455461749498,49.865380252833965],[8.602499963809118,49.86520046610526],[8.602561234326643,49.86493467890044],[8.603263679305549,49.865001650719364],[8.60338761317556,49.86501349518961],[8.60338119887885,49.865040180881934],[8.603684323148217,49.86506963366898],[8.604285642172364,49.86512816033999],[8.605093234941249,49.86520393282659],[8.605552637524307,49.86524704194035],[8.60584866479646,49.86527475634994],[8.605847434040166,49.86528500358035],[8.605842344325685,49.86533237658787],[8.605828701311303,49.86545795499311],[8.605822999102434,49.865510091924385],[8.60580711512619,49.865657244628395],[8.60578738810775,49.865839544809866],[8.605784763190442,49.865894210090296],[8.605783102417476,49.86592909521903],[8.605776585745849,49.86606719736668],[8.605772708624169,49.86614883578976],[8.605766865837413,49.86627462054275],[8.605760068362473,49.86641901645353],[8.605758416333913,49.866452822512464],[8.605756047900917,49.86650416144588],[8.605753267185131,49.866563861971144],[8.607216920760024,49.86680200451066],[8.609817950468162,49.86717767982277],[8.610360991527,49.86725324431836],[8.611923651450883,49.86747025799114],[8.612761747498684,49.867583397803706],[8.61306181760564,49.867624416116186],[8.613355983455877,49.86765768044248],[8.613653253461901,49.867675847026646],[8.61377039408859,49.86767740633713],[8.614032898642426,49.86768097826144],[8.614342154857765,49.86767814061569],[8.614642521383407,49.86766771892857],[8.614904488718983,49.86766670093738],[8.615201965562738,49.86767335388358],[8.615519759937177,49.86769347221609],[8.615769797757586,49.8677209188171],[8.615893682528672,49.867740213485135],[8.61598146687653,49.867753992975345],[8.616249069190523,49.867794895488366],[8.616481272693118,49.86784314403637],[8.618086265653575,49.86818341134003],[8.618662198447582,49.86831084184103],[8.619062019222739,49.86839209918646],[8.619190616419802,49.86841077633739],[8.620016417051739,49.86853038776822],[8.621625230526455,49.868754885547155],[8.622217364084843,49.86883747885246],[8.622587706502344,49.86888913269565],[8.623730946603953,49.869048687896814],[8.624878904379802,49.86920752768049],[8.62712979361884,49.86951909329418],[8.628363982320726,49.869688607077904],[8.628918554090466,49.86976430137394],[8.629608389353663,49.86985850005328],[8.629915212018537,49.86990552122151],[8.630235481161963,49.86994988672445],[8.630300801516372,49.86964552048838],[8.630294263065284,49.86902888677015],[8.630396724958898,49.86832303561701],[8.630421556227509,49.86815153863603],[8.630560988819836,49.86754741989035],[8.6308823166468,49.866562509838815],[8.631040448506255,49.86607795973053],[8.63148709211483,49.86463501063649],[8.631705144205808,49.86405452045189],[8.632002413220139,49.86349685236787],[8.632007650557641,49.86348706720253],[8.63253138994572,49.86250639122637],[8.633195134697013,49.861351432086956],[8.63334173854138,49.86109623989667],[8.633965878529045,49.860000141454044],[8.634656229146016,49.85876126780384],[8.633854530029248,49.85826289356949],[8.633468587943593,49.85802292380873],[8.633414122674433,49.857989029816565]]]]}},{"type":"Feature","properties":{"plr_id":"0610","gid":"0610","kiez":"Alt-Arheilgen","plr_name":"Alt-Arheilgen","bez":"06 - Arheilgen","bzr_name":null,"pgr_name":null,"st":"06"},"geometry":{"type":"MultiPolygon","coordinates":[[[[8.6547817822412,49.92243793871308],[8.654879793808801,49.9225310316856],[8.654899115257207,49.92252785192534],[8.65509336148323,49.922480230639735],[8.655139303993012,49.922448983880585],[8.655505107344553,49.92220062261645],[8.656322839623332,49.92183553041542],[8.656490907941478,49.92180167746514],[8.656835518781778,49.921656661503455],[8.656913794975042,49.921536485214325],[8.657159388065407,49.92152048565327],[8.657233817021952,49.921489142418416],[8.657288775090178,49.921465924660936],[8.657452138765963,49.92147971599156],[8.65820121488361,49.92167436278408],[8.659285695183462,49.92174256862885],[8.659860485582385,49.92168112933709],[8.659888539582155,49.92167752473744],[8.65991544362172,49.92167409660644],[8.660177161731017,49.921651933201176],[8.660503975824703,49.92156944111014],[8.66130588648269,49.9217013658029],[8.661537809052657,49.92183306171667],[8.661583003103575,49.92185882185782],[8.661639119885734,49.921883175068736],[8.66222376570224,49.9221372951301],[8.662586975309216,49.92213979115234],[8.662750526979439,49.92220950810915],[8.662776440349658,49.92228224181515],[8.662783356589442,49.922311756900946],[8.662977902951255,49.92231870697851],[8.66305484811897,49.922321538335005],[8.66357041245838,49.92233598403599],[8.663624519924806,49.9224016953587],[8.66393806845117,49.92264099206026],[8.66410553593051,49.92254444952121],[8.664161753966901,49.9225875958537],[8.664424149218007,49.92243521530569],[8.664518746517063,49.92237739826465],[8.66454862222737,49.92235958986242],[8.664381013248748,49.92224508169931],[8.66440719985317,49.922096783358235],[8.664541787736733,49.92210292783746],[8.664736320429885,49.92211176332438],[8.665801887712899,49.92216016025044],[8.665996306006619,49.922168993293845],[8.66615317294167,49.92217609929839],[8.666295966110328,49.92217516138762],[8.66649091413913,49.92217383374737],[8.666599703810531,49.92217306744815],[8.666654773834843,49.922166391541595],[8.66697806117793,49.92212784377542],[8.667281072723089,49.92218113896768],[8.667469120761208,49.92221432058989],[8.667716142678392,49.92225783226247],[8.667751701879608,49.92226530787899],[8.667937068398457,49.92230432610006],[8.667999469742828,49.92231736383572],[8.668227163514825,49.92236531527291],[8.668417692594764,49.922405426576915],[8.668542264864742,49.922431680685364],[8.66861177806286,49.92244626711869],[8.668797030488541,49.92248537356058],[8.668808387328896,49.922487654084314],[8.669020941255242,49.92253241339647],[8.66906256133798,49.92254395247294],[8.669098791722309,49.922554127301716],[8.669441497029476,49.922649434525916],[8.669886362843455,49.922773087752255],[8.670024523758443,49.92281151864026],[8.670134479761714,49.92284204578606],[8.670317471428511,49.922893013291024],[8.670906809181965,49.92305699929527],[8.671055635296263,49.923098336771744],[8.67184788678671,49.92320579177972],[8.671902408069725,49.923212330610546],[8.6730755917205,49.923353496524186],[8.674615167643527,49.92353893235085],[8.674811858633062,49.92353543744162],[8.674813696612087,49.923535442594996],[8.674847832847563,49.92353275066803],[8.674975099939267,49.91998112134848],[8.6750110793664,49.91898612614937],[8.675024644688705,49.91860848443946],[8.675137287269854,49.91616961789325],[8.675140288057746,49.916030694051024],[8.675241915501989,49.9138620165549],[8.675227229956473,49.91370577775323],[8.672741747575502,49.91330942053537],[8.672558174895466,49.91328138568045],[8.671858221600338,49.911206572622696],[8.671851790176884,49.91118964873787],[8.67157819495779,49.91048387109905],[8.671284531304176,49.910129818083654],[8.67142359009727,49.91008165326288],[8.67155473187292,49.91003238676663],[8.671685047433954,49.90996944935225],[8.671832307645293,49.90988030196675],[8.671960141317076,49.909776801545654],[8.672055220656679,49.90969371100939],[8.672231428157772,49.90951858780525],[8.672340028405717,49.90940595028558],[8.67239958949372,49.909344340838885],[8.672426306930527,49.9093164499783],[8.673008644594391,49.90870885900593],[8.673221221320885,49.9084868965375],[8.67312172798291,49.908442103807474],[8.67308899034217,49.908307395435656],[8.673046203641869,49.90797743390528],[8.673019449175516,49.90777314125916],[8.672992566177054,49.907553920866185],[8.672985806876724,49.907500576920675],[8.67297664462763,49.907428971641735],[8.672945862244376,49.90726000770316],[8.672819452325088,49.906797801830095],[8.672782314131698,49.90680462118881],[8.671861529218766,49.906995086106846],[8.670982833655037,49.907006984282866],[8.670475967113212,49.90690258221925],[8.670462653092597,49.90690155522325],[8.670417316893946,49.90689800927627],[8.670400904192862,49.90689670369481],[8.670360698631987,49.90693228921943],[8.670301244369545,49.90696143540778],[8.670226853370398,49.90702542957786],[8.670049759485583,49.907162419541265],[8.670010742282603,49.90719207334493],[8.669991665701469,49.90721090308611],[8.669592655640502,49.90725418936546],[8.669529671404975,49.907262013128374],[8.669498129203863,49.90727325365462],[8.669475393646115,49.907289734860726],[8.669454060596022,49.907319438877664],[8.669440651147209,49.90734916547652],[8.669427875997533,49.90738689711145],[8.669416827751578,49.907407188425395],[8.669398350845135,49.90742224297299],[8.669377162747642,49.90743072534133],[8.669333093506564,49.90744336889035],[8.66930382202891,49.907458392643136],[8.669286834854804,49.90747390104066],[8.669278628520342,49.90749842687021],[8.66927926759233,49.90752252830525],[8.669287099502679,49.90755276507966],[8.669305935980036,49.90758591080006],[8.6693195858134,49.907621829369425],[8.669326750880472,49.90764882697782],[8.669327951248022,49.907674818414854],[8.669324089610718,49.90770214427681],[8.669310823705839,49.907727644843725],[8.669290910816922,49.90775114812754],[8.669270238325298,49.907768174719095],[8.669234290142821,49.90778551743423],[8.669205703754637,49.90780108265911],[8.669182174449952,49.90781603283568],[8.669158605151168,49.90783682794832],[8.669140857426855,49.90786276532885],[8.669131174070737,49.907884948910464],[8.669109187205637,49.90790943540847],[8.66907087752974,49.90793621334636],[8.668984350952014,49.907977511252376],[8.668961483433897,49.90799641992531],[8.66894896228444,49.908013739498955],[8.668943645685854,49.90803548591037],[8.668932603242455,49.908054877953575],[8.668917800717663,49.90806994291281],[8.66889290853925,49.90808264104128],[8.668865765164735,49.9080886783664],[8.66882326257072,49.9080904454],[8.668745721774842,49.90809400074208],[8.668668148320467,49.90810232190674],[8.66861181968098,49.908110703729925],[8.66854766361976,49.908121760871865],[8.668486556974152,49.90814029038084],[8.668311109956903,49.9082032749938],[8.668271446845653,49.90822636191514],[8.668199293060868,49.90829836440251],[8.668048464057238,49.90832158275466],[8.667821325945418,49.908369581206394],[8.667611963229964,49.90840441134645],[8.667400407342905,49.90842412760069],[8.66729009467283,49.908467154498204],[8.667239084181748,49.9084869712493],[8.667002455944253,49.90864545735627],[8.666824608167468,49.90877299819316],[8.666692848864217,49.90889500602098],[8.666636235543463,49.908927845369675],[8.666573865781949,49.908946100467006],[8.666492708264126,49.908957647132695],[8.66616561908488,49.90907720405809],[8.665513308562371,49.90927801294139],[8.665152158750086,49.90934027715714],[8.664970601128859,49.90937230524336],[8.664855601058958,49.90939508340136],[8.664758895974652,49.90941278867071],[8.664403856896127,49.909454745418415],[8.664236065444973,49.90948879051679],[8.664071926163333,49.909526083212185],[8.663809182332972,49.9095733411921],[8.663779516004094,49.9095786506212],[8.663600954515127,49.9097245289105],[8.663289681271085,49.909896459305436],[8.663131344892873,49.91004014748875],[8.663027614707994,49.91014280898992],[8.662739032748359,49.91030446258199],[8.662469009452979,49.91009397446823],[8.662358535150888,49.91001092289322],[8.662212073396876,49.909900969073185],[8.662119763574086,49.90983172853096],[8.662092517488777,49.90981932957114],[8.662078894137228,49.909813175049884],[8.662032978644065,49.909793617685935],[8.661435522706897,49.909569852877304],[8.661372728697918,49.90954988627831],[8.661085207935653,49.90944509433231],[8.660706488014132,49.90937528505729],[8.660627808173365,49.909360756933985],[8.660361259450658,49.90931168746048],[8.660017189044952,49.909246833295],[8.659873581266922,49.90922204281598],[8.659576846510555,49.909170724826545],[8.65948393802781,49.90915462545104],[8.659270927780101,49.90911901939815],[8.6592388095315,49.90911370943995],[8.65903463148559,49.90907965761105],[8.658987515642567,49.90906773904115],[8.658951175042942,49.90905863978247],[8.658912656319103,49.90904899456262],[8.658659680396658,49.90904618198698],[8.65839257993537,49.909043237330145],[8.65833206291979,49.909042609431474],[8.658101594255776,49.909040041794746],[8.658023802828636,49.90906247325351],[8.657705265570803,49.90904157038633],[8.657584507717969,49.90903375020918],[8.65724807253124,49.909010455216226],[8.657092124382705,49.909009544580485],[8.657190948437613,49.90945469037996],[8.657261685042425,49.90977970463308],[8.657315742377087,49.91002760475119],[8.657333209913494,49.910107059174734],[8.657467796202303,49.910724784349036],[8.657479281138935,49.91077337717416],[8.65749621914691,49.91086281155068],[8.657497118596087,49.910946623275436],[8.657484858776101,49.911023651842456],[8.657457899962253,49.911084270843766],[8.657398627676523,49.91113454305871],[8.657326060743637,49.91118090923315],[8.657262409963788,49.91121696046567],[8.65720628515632,49.91124440121583],[8.657117578367302,49.91128316594436],[8.656976150809735,49.91132276383979],[8.6568371022162,49.911366954720414],[8.656723217118731,49.91140942144373],[8.656647858446835,49.91144444851921],[8.656581336333007,49.911480400952],[8.656498283238314,49.9115476878194],[8.656422708263031,49.911613108380166],[8.656360319846996,49.911681445529865],[8.656171721687842,49.9118940061313],[8.65603943064257,49.91205349849974],[8.655816198218771,49.91235543003925],[8.655643531752416,49.91260409651448],[8.655579593067573,49.91269625845643],[8.65516630649066,49.913461091705145],[8.655114397403135,49.91355715587284],[8.655071373807042,49.91361511872934],[8.655007678365918,49.91365674385952],[8.654932166089228,49.91369653531791],[8.654909018336669,49.913705278978824],[8.654797769518888,49.91374748187332],[8.654703860976467,49.913790006062655],[8.654626834528505,49.91384876674621],[8.654579161344657,49.913930455467735],[8.65456076712224,49.91402940683858],[8.654554339310627,49.91410924006995],[8.654558422599829,49.91466309318605],[8.65455909975736,49.91471300293371],[8.654563414142808,49.915025501115316],[8.65456576951886,49.91519420524066],[8.654577887701103,49.91607036915504],[8.654581480892185,49.91632306577877],[8.654597651782245,49.91743592102682],[8.654599042965321,49.91751451856749],[8.654610045624365,49.91812891067045],[8.654614455314986,49.91837990108277],[8.654617566186042,49.91855544156614],[8.65462479955868,49.91895787200356],[8.654641555182424,49.91990868586943],[8.654645867629585,49.920157247972206],[8.65466978590934,49.921150706816945],[8.65466756424497,49.92125267372031],[8.654652290736053,49.92133248051919],[8.654607250586817,49.92144654953765],[8.654548156690703,49.921533959252194],[8.654462568996983,49.92161553488595],[8.654063517951341,49.92190282062034],[8.654266189025472,49.9220261708502],[8.654420531842424,49.922128964044354],[8.654574140336116,49.92225423577403],[8.654685587784456,49.92234781854892],[8.6547817822412,49.92243793871308]]]]}},{"type":"Feature","properties":{"plr_id":"0620","gid":"0620","kiez":"Arheilgen-Süd","plr_name":"Arheilgen-Süd","bez":"06 - Arheilgen","bzr_name":null,"pgr_name":null,"st":"06"},"geometry":{"type":"MultiPolygon","coordinates":[[[[8.663120566853951,49.897703713285104],[8.662750902986291,49.89771459868773],[8.662201286162883,49.89771452764852],[8.661560322613663,49.897757171155014],[8.660774960015404,49.89782699549024],[8.660616875867614,49.89784110063695],[8.660404372376984,49.89785477644026],[8.660120758877452,49.89785772233592],[8.659801072333988,49.89784734287352],[8.65911696652517,49.89782024505284],[8.658988868794165,49.897815192369485],[8.65813263795965,49.89779072978255],[8.658111517568102,49.897789948122465],[8.658034149926062,49.89778747189127],[8.656914850687189,49.89775089379644],[8.65632585251495,49.89773458197457],[8.656040939122363,49.89772663322287],[8.65580033500609,49.89771998431303],[8.655672456011256,49.89771654724854],[8.655522631910504,49.8977152929569],[8.655387487121828,49.89771642012312],[8.655274209305722,49.897726334777204],[8.65513270183159,49.89775028345327],[8.654912375942391,49.89781419350175],[8.654616919632257,49.89789991078915],[8.65490729899487,49.89931483158912],[8.654986324015676,49.89969706420016],[8.655112830623414,49.90028032831442],[8.655149511820603,49.90045003418091],[8.655175980395732,49.900554424797726],[8.655377488239266,49.90144149510772],[8.655585761594343,49.90239539857241],[8.655791008637555,49.90337231306345],[8.655792011996292,49.90337654247021],[8.655833815779157,49.90355318737892],[8.656121879871549,49.90483500932154],[8.656147591692827,49.904949558800254],[8.656192450363967,49.90514914320351],[8.656452743675182,49.906188356682755],[8.656619794805852,49.90688863971802],[8.656810234363773,49.90774069333493],[8.65682915612888,49.907825367759365],[8.656863883311049,49.90798076916364],[8.657092124382705,49.909009544580485],[8.65724807253124,49.909010455216226],[8.657584507717969,49.90903375020918],[8.657705265570803,49.90904157038633],[8.658023802828636,49.90906247325351],[8.658101594255776,49.909040041794746],[8.65833206291979,49.909042609431474],[8.65839257993537,49.909043237330145],[8.658659680396658,49.90904618198698],[8.658912656319103,49.90904899456262],[8.658951175042942,49.90905863978247],[8.658987515642567,49.90906773904115],[8.65903463148559,49.90907965761105],[8.6592388095315,49.90911370943995],[8.659270927780101,49.90911901939815],[8.65948393802781,49.90915462545104],[8.659576846510555,49.909170724826545],[8.659873581266922,49.90922204281598],[8.660017189044952,49.909246833295],[8.660361259450658,49.90931168746048],[8.660627808173365,49.909360756933985],[8.660706488014132,49.90937528505729],[8.661085207935653,49.90944509433231],[8.661372728697918,49.90954988627831],[8.661435522706897,49.909569852877304],[8.662032978644065,49.909793617685935],[8.662078894137228,49.909813175049884],[8.662092517488777,49.90981932957114],[8.662119763574086,49.90983172853096],[8.662212073396876,49.909900969073185],[8.662358535150888,49.91001092289322],[8.662469009452979,49.91009397446823],[8.662739032748359,49.91030446258199],[8.663027614707994,49.91014280898992],[8.663131344892873,49.91004014748875],[8.663289681271085,49.909896459305436],[8.663600954515127,49.9097245289105],[8.663779516004094,49.9095786506212],[8.663809182332972,49.9095733411921],[8.664071926163333,49.909526083212185],[8.664236065444973,49.90948879051679],[8.664403856896127,49.909454745418415],[8.664758895974652,49.90941278867071],[8.664855601058958,49.90939508340136],[8.664970601128859,49.90937230524336],[8.665152158750086,49.90934027715714],[8.665513308562371,49.90927801294139],[8.66616561908488,49.90907720405809],[8.666492708264126,49.908957647132695],[8.666573865781949,49.908946100467006],[8.666636235543463,49.908927845369675],[8.666692848864217,49.90889500602098],[8.666824608167468,49.90877299819316],[8.667002455944253,49.90864545735627],[8.667239084181748,49.9084869712493],[8.66729009467283,49.908467154498204],[8.667400407342905,49.90842412760069],[8.667611963229964,49.90840441134645],[8.667821325945418,49.908369581206394],[8.668048464057238,49.90832158275466],[8.668199293060868,49.90829836440251],[8.668271446845653,49.90822636191514],[8.668311109956903,49.9082032749938],[8.668486556974152,49.90814029038084],[8.66854766361976,49.908121760871865],[8.66861181968098,49.908110703729925],[8.668668148320467,49.90810232190674],[8.668745721774842,49.90809400074208],[8.66882326257072,49.9080904454],[8.668865765164735,49.9080886783664],[8.66889290853925,49.90808264104128],[8.668917800717663,49.90806994291281],[8.668932603242455,49.908054877953575],[8.668943645685854,49.90803548591037],[8.66894896228444,49.908013739498955],[8.668961483433897,49.90799641992531],[8.668984350952014,49.907977511252376],[8.66907087752974,49.90793621334636],[8.669109187205637,49.90790943540847],[8.669131174070737,49.907884948910464],[8.669140857426855,49.90786276532885],[8.669158605151168,49.90783682794832],[8.669182174449952,49.90781603283568],[8.669205703754637,49.90780108265911],[8.669234290142821,49.90778551743423],[8.669270238325298,49.907768174719095],[8.669290910816922,49.90775114812754],[8.669310823705839,49.907727644843725],[8.669324089610718,49.90770214427681],[8.669327951248022,49.907674818414854],[8.669326750880472,49.90764882697782],[8.6693195858134,49.907621829369425],[8.669305935980036,49.90758591080006],[8.669287099502679,49.90755276507966],[8.66927926759233,49.90752252830525],[8.669278628520342,49.90749842687021],[8.669286834854804,49.90747390104066],[8.66930382202891,49.907458392643136],[8.669333093506564,49.90744336889035],[8.669377162747642,49.90743072534133],[8.669398350845135,49.90742224297299],[8.669416827751578,49.907407188425395],[8.669427875997533,49.90738689711145],[8.669440651147209,49.90734916547652],[8.669454060596022,49.907319438877664],[8.669475393646115,49.907289734860726],[8.669498129203863,49.90727325365462],[8.669529671404975,49.907262013128374],[8.669592655640502,49.90725418936546],[8.669991665701469,49.90721090308611],[8.670010742282603,49.90719207334493],[8.670049759485583,49.907162419541265],[8.670226853370398,49.90702542957786],[8.670301244369545,49.90696143540778],[8.670360698631987,49.90693228921943],[8.670400904192862,49.90689670369481],[8.67038575344241,49.906895581545776],[8.670340532089245,49.906892035895176],[8.670329972867249,49.90689119656277],[8.670256516434007,49.906885502359586],[8.669749869723374,49.90651384379285],[8.66931738689517,49.9061965287024],[8.669015623131457,49.905975174300394],[8.668992084671425,49.90595802156552],[8.669112882204491,49.905858460786725],[8.669262349255824,49.90573092537577],[8.669460535507664,49.905531679402266],[8.669585303489097,49.90538851632217],[8.669695159384272,49.90524288268516],[8.669788640601015,49.90509036809439],[8.669852364567394,49.90497373829844],[8.667450467048047,49.90506830964185],[8.667462664072328,49.90516492295883],[8.667476195836915,49.90526783477766],[8.664773021184612,49.905369849329425],[8.664681935098454,49.90537327287218],[8.66436317968951,49.903649137491854],[8.664262128901154,49.90310336599785],[8.664189664312344,49.90310459496243],[8.664133621801888,49.90280786328938],[8.664025400706402,49.902270073976126],[8.664002995231103,49.90215643502578],[8.663889211611458,49.9015768147325],[8.663769414759082,49.90097064924128],[8.663711510749353,49.90067813828326],[8.663577830641923,49.900005118663586],[8.663120566853951,49.897703713285104]]]]}},{"type":"Feature","properties":{"plr_id":"0630","gid":"0630","kiez":"Arheilgen-West","plr_name":"Arheilgen-West","bez":"06 - Arheilgen","bzr_name":null,"pgr_name":null,"st":"06"},"geometry":{"type":"MultiPolygon","coordinates":[[[[8.628377928771748,49.9229300539058],[8.629567887046548,49.922753653486474],[8.629737634032619,49.92272847733389],[8.631305023978292,49.922496161846766],[8.631414738138975,49.9224797847564],[8.6314159291113,49.9225194449178],[8.631416921880957,49.92255496795629],[8.631429421539101,49.922964610370435],[8.631432700643245,49.92307693555233],[8.631451610733203,49.92370052687352],[8.631452710195628,49.923737129328295],[8.63152446880091,49.92372719595058],[8.631672942615937,49.923705096709845],[8.631818540349014,49.9236835276913],[8.632159304032648,49.923632902809516],[8.632342739121054,49.92360560808895],[8.632650724579431,49.92355991358061],[8.633009772520976,49.923506556476156],[8.633873806571614,49.923378268410204],[8.634572220470027,49.92327579984565],[8.634731042283295,49.92325211066754],[8.634918844402783,49.92322419616074],[8.63556528215717,49.9231281224272],[8.635942149892534,49.923072024603286],[8.636274049715666,49.92302270866622],[8.636316600388696,49.92301645751755],[8.636468750496565,49.92299373420025],[8.636967403156111,49.92291967026808],[8.63743580934761,49.9228500058292],[8.637558862200082,49.92283168630393],[8.637561460276418,49.92286820346158],[8.637568256026608,49.92291174778832],[8.637581083907554,49.922993438629085],[8.637623762424479,49.923261274947365],[8.63764141909029,49.92337310531404],[8.637702522929203,49.92375763022417],[8.637709208770827,49.923800544726326],[8.637776457825789,49.92379437019121],[8.638191224235507,49.92375537900471],[8.63962301628506,49.923620454997945],[8.639678080891835,49.92361523066067],[8.639776253852068,49.92360600370529],[8.640965594743163,49.9234938698549],[8.641095724655251,49.92348168330007],[8.641423809440857,49.923450775188925],[8.641519338327312,49.923441718431036],[8.641758447571164,49.923419077078776],[8.642139756301424,49.92338311575464],[8.642782361180384,49.92332215015756],[8.643751665831163,49.92323053181887],[8.644087795611632,49.92319865172354],[8.64416297651739,49.92319150866575],[8.644591069158881,49.92315100677912],[8.644720853298491,49.92313872517436],[8.645084340572394,49.923104318204444],[8.645437480919393,49.9230709575489],[8.646495866535732,49.92297068612859],[8.646748731493973,49.92295140359451],[8.646895937742899,49.92395081441833],[8.647037234163264,49.92494229360738],[8.647106214511497,49.92543861250093],[8.647114722028583,49.92550068572807],[8.647265032225395,49.925447098832926],[8.647503642730586,49.925352055554654],[8.649005397799428,49.92480852519182],[8.64938399838269,49.9246715475526],[8.649736440985759,49.924529543878094],[8.649781701817682,49.924513853988046],[8.649879593671095,49.92447997854081],[8.64994731245561,49.924456443094726],[8.6499977764844,49.924404349727936],[8.650434478916825,49.92395245133669],[8.650570476173995,49.92381177086583],[8.651226955657929,49.92313266471754],[8.651234480105595,49.92312468413436],[8.651293871555836,49.923076753530566],[8.651372169463224,49.92303544416065],[8.652115425328235,49.92282563584994],[8.652188173713467,49.92280508166076],[8.65295812685874,49.9225877944149],[8.65298229886307,49.92258103253927],[8.653409689703096,49.922460373974445],[8.653811916962306,49.922404473727994],[8.653856321080406,49.9224117102364],[8.653901642890672,49.922419129313774],[8.653922066717234,49.922422427513695],[8.653955226401841,49.922427831956114],[8.65400869763586,49.92243617454387],[8.654300757898723,49.922557363393544],[8.65443545269179,49.922580695348984],[8.654574318458405,49.922582997420875],[8.654660231941097,49.922568595703616],[8.654707501790352,49.922560643310625],[8.654879793808801,49.9225310316856],[8.6547817822412,49.92243793871308],[8.654685587784456,49.92234781854892],[8.654574140336116,49.92225423577403],[8.654420531842424,49.922128964044354],[8.654266189025472,49.9220261708502],[8.654063517951341,49.92190282062034],[8.654462568996983,49.92161553488595],[8.654548156690703,49.921533959252194],[8.654607250586817,49.92144654953765],[8.654652290736053,49.92133248051919],[8.65466756424497,49.92125267372031],[8.65466978590934,49.921150706816945],[8.654645867629585,49.920157247972206],[8.654641555182424,49.91990868586943],[8.65462479955868,49.91895787200356],[8.654617566186042,49.91855544156614],[8.654614455314986,49.91837990108277],[8.654610045624365,49.91812891067045],[8.654599042965321,49.91751451856749],[8.654597651782245,49.91743592102682],[8.654581480892185,49.91632306577877],[8.654577887701103,49.91607036915504],[8.65456576951886,49.91519420524066],[8.654563414142808,49.915025501115316],[8.65455909975736,49.91471300293371],[8.654558422599829,49.91466309318605],[8.654554339310627,49.91410924006995],[8.65456076712224,49.91402940683858],[8.654579161344657,49.913930455467735],[8.654626834528505,49.91384876674621],[8.654703860976467,49.913790006062655],[8.654797769518888,49.91374748187332],[8.654909018336669,49.913705278978824],[8.654932166089228,49.91369653531791],[8.655007678365918,49.91365674385952],[8.655071373807042,49.91361511872934],[8.655114397403135,49.91355715587284],[8.65516630649066,49.913461091705145],[8.655579593067573,49.91269625845643],[8.655643531752416,49.91260409651448],[8.655816198218771,49.91235543003925],[8.65603943064257,49.91205349849974],[8.656171721687842,49.9118940061313],[8.656360319846996,49.911681445529865],[8.656422708263031,49.911613108380166],[8.656498283238314,49.9115476878194],[8.656581336333007,49.911480400952],[8.656647858446835,49.91144444851921],[8.656723217118731,49.91140942144373],[8.6568371022162,49.911366954720414],[8.656976150809735,49.91132276383979],[8.657117578367302,49.91128316594436],[8.65720628515632,49.91124440121583],[8.657262409963788,49.91121696046567],[8.657326060743637,49.91118090923315],[8.657398627676523,49.91113454305871],[8.657457899962253,49.911084270843766],[8.657484858776101,49.911023651842456],[8.657497118596087,49.910946623275436],[8.65749621914691,49.91086281155068],[8.657479281138935,49.91077337717416],[8.657467796202303,49.910724784349036],[8.657333209913494,49.910107059174734],[8.657315742377087,49.91002760475119],[8.657261685042425,49.90977970463308],[8.657190948437613,49.90945469037996],[8.657092124382705,49.909009544580485],[8.656863883311049,49.90798076916364],[8.65682915612888,49.907825367759365],[8.656810234363773,49.90774069333493],[8.656619794805852,49.90688863971802],[8.656452743675182,49.906188356682755],[8.656192450363967,49.90514914320351],[8.656147591692827,49.904949558800254],[8.656121879871549,49.90483500932154],[8.655833815779157,49.90355318737892],[8.655792011996292,49.90337654247021],[8.655791008637555,49.90337231306345],[8.655585761594343,49.90239539857241],[8.655377488239266,49.90144149510772],[8.655175980395732,49.900554424797726],[8.655149511820603,49.90045003418091],[8.655112830623414,49.90028032831442],[8.654986324015676,49.89969706420016],[8.65490729899487,49.89931483158912],[8.654848817909953,49.899320232833055],[8.654836524263555,49.89932136525449],[8.654801366843518,49.89932458779346],[8.654765174791859,49.89932798708968],[8.652288158206535,49.89955708656331],[8.652115929332979,49.89957311603978],[8.651822027432948,49.899600200358286],[8.651778367361938,49.89960420576804],[8.650942730933016,49.89968145609727],[8.649433910363756,49.89982141259581],[8.649261565459827,49.89983734755893],[8.64917734583502,49.899845185966264],[8.649163213547318,49.89984649207205],[8.649049580480511,49.899857029041],[8.648946747356673,49.899866609428884],[8.648942726145611,49.89986695695174],[8.648912392877481,49.89986983261351],[8.648535644093206,49.8999049307635],[8.648489225253643,49.89990928627001],[8.648458662298061,49.8999121611169],[8.648031357246344,49.89995205018058],[8.6478377544974,49.899970076682386],[8.647665407240545,49.8999861891148],[8.646380272535394,49.90010565314988],[8.646322385345657,49.90010808441114],[8.646039959463408,49.900135099154475],[8.645867378107035,49.90015165782094],[8.645313439980526,49.90020472862037],[8.6443734654639,49.90029015523014],[8.644237655225165,49.90030268772516],[8.644065307596627,49.900318525034635],[8.643563199694974,49.90036482239626],[8.643517043288147,49.900037356857055],[8.643501219668298,49.89992535272596],[8.643432260971872,49.899435863733856],[8.643334208319054,49.89871904696742],[8.643312308612082,49.8985591844706],[8.643239472943748,49.89801986535938],[8.643224339476706,49.89790786327359],[8.643190588416228,49.897658130070056],[8.642922661236478,49.89636005981832],[8.642786900866476,49.8963517283657],[8.642602652827401,49.89633290604522],[8.642006046052087,49.89627720116223],[8.641672256644949,49.896266188620736],[8.641498589962652,49.89626043624324],[8.641411469616203,49.89625755906942],[8.641224537216393,49.89624475117497],[8.641049885419372,49.896232520538796],[8.640548072548514,49.89619805387019],[8.640280354987876,49.8961796884828],[8.640222060442222,49.896175730818186],[8.640210470820405,49.89617488554224],[8.640152061478137,49.89617092748623],[8.639975687434061,49.89615877981114],[8.639906835933102,49.896154069817804],[8.639753616785564,49.89616231656408],[8.639508627578607,49.896175403529966],[8.639323018947598,49.89618534749482],[8.63919598730546,49.89619214624342],[8.63906573965306,49.89619911469112],[8.638813858222639,49.89621262835738],[8.638612399036763,49.896223421054906],[8.638428742460103,49.89623327974797],[8.638268285182782,49.89624213143179],[8.638094965937468,49.896251392373586],[8.637557090273274,49.896280106807964],[8.63750574930672,49.896282823898886],[8.637332429775748,49.896292083700246],[8.637079284502914,49.89630558964662],[8.63657761287627,49.89643602713347],[8.63650652115917,49.89645441860759],[8.636345239395514,49.89649644705856],[8.63577523306773,49.89664447173527],[8.635718059081972,49.89665939939803],[8.635556661145667,49.896701426387025],[8.635053714363108,49.89683239281676],[8.6346237004637,49.89694425319793],[8.634431124578137,49.89699445339963],[8.63425396346066,49.897040655314974],[8.633783917621942,49.89716218804327],[8.63496730027153,49.898120733731346],[8.634713708646595,49.89863304223448],[8.634271294137593,49.898788295575784],[8.634207976922019,49.89881048696971],[8.633415584569562,49.899088368125746],[8.632502740988029,49.899577543560085],[8.63245920267008,49.89965599924602],[8.632440458993552,49.89968993114983],[8.632318921745709,49.89990914052558],[8.632265718353565,49.90000528053808],[8.63222753332254,49.900074221152956],[8.632160243147617,49.900195764958646],[8.632130439570066,49.900249624876786],[8.631994463663766,49.900494866077274],[8.631784219830932,49.90072197641667],[8.631623410715141,49.90089555873372],[8.631404251007536,49.90113199215379],[8.631051354287756,49.90130370401157],[8.63080126016068,49.90142529472439],[8.630294728921008,49.90167160164861],[8.629832751998038,49.90172183424212],[8.629523733003364,49.901755378260354],[8.629245053333708,49.90178551141977],[8.629161506431918,49.90179459638133],[8.628972807465022,49.901815124950296],[8.628776178749597,49.901836527068646],[8.62816703798333,49.90209013972282],[8.62790393478909,49.902199722565015],[8.627226013810239,49.902481885256115],[8.627212399465062,49.90280323012325],[8.627210445464756,49.90284818587616],[8.627203607126235,49.90300544108645],[8.627192222586427,49.903275806147796],[8.6274226228779,49.90389477450675],[8.627495861948846,49.90409149383823],[8.627672268711645,49.90456524068064],[8.627885474061346,49.90513712249405],[8.627958947220893,49.9053337523145],[8.628147517263777,49.90583973014456],[8.628178458520617,49.90592273930111],[8.628158542061806,49.90601889414134],[8.628152104057603,49.906049717436],[8.628125979118211,49.90617669629826],[8.628084245462698,49.90637718293703],[8.628068026029146,49.90645545473294],[8.628306205752684,49.9066632234512],[8.6284925984154,49.90682586377806],[8.628683327713421,49.9069922045692],[8.628893666617602,49.9071922393701],[8.629069578163042,49.907359431333845],[8.629232608298746,49.90751435217869],[8.629271027898893,49.90755098414654],[8.62928140277655,49.90756081902782],[8.629374318901514,49.90764915160568],[8.6295503472239,49.90781652304507],[8.629617841127457,49.90788058465905],[8.629768608559589,49.908227723041165],[8.6297990817829,49.908297421483965],[8.63009836777239,49.90898638481609],[8.6304566965148,49.909809971758015],[8.63047193341705,49.90984491080457],[8.630633099891238,49.9102154612955],[8.62830335064376,49.910875253271904],[8.6281185054522,49.910927625878735],[8.62809606193866,49.91093393850689],[8.627990392400072,49.910950325441526],[8.627287264060717,49.91105993319919],[8.62698278541709,49.911107333328104],[8.626050946569462,49.91125261691809],[8.626031580591645,49.91127674401035],[8.625766705194122,49.91160824844171],[8.625623017558741,49.91178799224167],[8.62539756935595,49.912069895145414],[8.625368572962783,49.91222519002586],[8.625330954915848,49.912425958546606],[8.625257747627069,49.91281752053244],[8.625189197196548,49.91320082449753],[8.625153184116048,49.91340177796311],[8.625082945325744,49.913795237772085],[8.624945123055975,49.91376547694424],[8.624647922876065,49.91370129891287],[8.624538192528709,49.91367765342005],[8.624526652054842,49.91369955748981],[8.624318586258914,49.914092660433504],[8.624217406118362,49.914284050376246],[8.624183254377659,49.91434832521975],[8.62417381235357,49.91436618947704],[8.6240264766483,49.914333788938386],[8.623742477884663,49.9142701909355],[8.623446441533689,49.91420385543436],[8.623219541180017,49.91415312079772],[8.622834879646314,49.914066892356125],[8.622538730243944,49.91400064408943],[8.622378904054758,49.91396487361496],[8.622381532578324,49.9139518432076],[8.622406741957237,49.91382693106072],[8.622447243796746,49.91362626283692],[8.622505779611718,49.9133369883168],[8.622511154877332,49.913310478258765],[8.6219106462621,49.91320115289282],[8.621609131053944,49.91314630508015],[8.621072737841825,49.913048514959385],[8.620639802748434,49.912968506067514],[8.620338642052065,49.912912756867094],[8.620084731467108,49.91286579437805],[8.619542707035,49.912725444704144],[8.61925192416122,49.912650213228964],[8.61897432338219,49.91257835151902],[8.618971351673524,49.91260567863059],[8.618945947404306,49.91284173540024],[8.618903454439888,49.91323501294206],[8.618901342571354,49.91325523888455],[8.61889502467116,49.9133136686716],[8.618895021883686,49.91332859603321],[8.618895210667867,49.91339208294097],[8.61889992421581,49.915766988652436],[8.620827182401218,49.91602248484443],[8.622908285555463,49.916318465430216],[8.625397429821577,49.91671374434501],[8.62546115672195,49.91668670323965],[8.62544413532319,49.916748875576396],[8.625427232220295,49.916810598672775],[8.625282698320621,49.91736415261375],[8.625230727500476,49.91756370554309],[8.62522078591888,49.917601531354755],[8.625111519336336,49.91802058299183],[8.625087725466237,49.918111688845705],[8.625094263063279,49.918142553854885],[8.625122967480365,49.918277352544784],[8.625129502333003,49.91830857723752],[8.625156657449988,49.91843581730547],[8.625157541481041,49.91844031635423],[8.625183692967216,49.91856368644441],[8.625209729026542,49.91868714607675],[8.6252352090298,49.918808265884195],[8.625255594377675,49.918904999865724],[8.625298024139383,49.919106746164466],[8.625312652201305,49.91917567506987],[8.625343342439571,49.91932118102978],[8.625360407039144,49.919401807893486],[8.625374921110337,49.91947064649531],[8.625402394928999,49.9196013945371],[8.625416801917952,49.91966924362343],[8.625430761333766,49.91973556255683],[8.625467015370072,49.919845026991766],[8.625474425056572,49.91986717217686],[8.625576941368358,49.920305072417854],[8.625623637632522,49.92050503384437],[8.62575818025325,49.921079721410464],[8.625791655585466,49.92122190900847],[8.625937420550693,49.921846180501255],[8.62598411906452,49.922046231657674],[8.626252871461238,49.92319668342802],[8.626269753323356,49.92324187955365],[8.62631863456541,49.92323421369132],[8.626372802700688,49.92322620514523],[8.626522195578332,49.923204205380344],[8.626584183297833,49.923195142830984],[8.626841107165568,49.92315721262166],[8.627010856274234,49.92313213038979],[8.628214391061237,49.92295425881222],[8.628377928771748,49.9229300539058]]]]}},{"type":"Feature","properties":{"plr_id":"0640","gid":"0640","kiez":"Arheilgen-Ost","plr_name":"Arheilgen-Ost","bez":"06 - Arheilgen","bzr_name":null,"pgr_name":null,"st":"06"},"geometry":{"type":"MultiPolygon","coordinates":[[[[8.663889211611458,49.9015768147325],[8.664002995231103,49.90215643502578],[8.664025400706402,49.902270073976126],[8.664133621801888,49.90280786328938],[8.664189664312344,49.90310459496243],[8.664262128901154,49.90310336599785],[8.66436317968951,49.903649137491854],[8.664681935098454,49.90537327287218],[8.664773021184612,49.905369849329425],[8.667476195836915,49.90526783477766],[8.667462664072328,49.90516492295883],[8.667450467048047,49.90506830964185],[8.669852364567394,49.90497373829844],[8.669788640601015,49.90509036809439],[8.669695159384272,49.90524288268516],[8.669585303489097,49.90538851632217],[8.669460535507664,49.905531679402266],[8.669262349255824,49.90573092537577],[8.669112882204491,49.905858460786725],[8.668992084671425,49.90595802156552],[8.669015623131457,49.905975174300394],[8.66931738689517,49.9061965287024],[8.669749869723374,49.90651384379285],[8.670256516434007,49.906885502359586],[8.670329972867249,49.90689119656277],[8.670340532089245,49.906892035895176],[8.67038575344241,49.906895581545776],[8.670400904192862,49.90689670369481],[8.670417316893946,49.90689800927627],[8.670462653092597,49.90690155522325],[8.670475967113212,49.90690258221925],[8.670982833655037,49.907006984282866],[8.671861529218766,49.906995086106846],[8.672782314131698,49.90680462118881],[8.672819452325088,49.906797801830095],[8.672945862244376,49.90726000770316],[8.67297664462763,49.907428971641735],[8.672985806876724,49.907500576920675],[8.672992566177054,49.907553920866185],[8.673019449175516,49.90777314125916],[8.673046203641869,49.90797743390528],[8.67308899034217,49.908307395435656],[8.67312172798291,49.908442103807474],[8.673221221320885,49.9084868965375],[8.673008644594391,49.90870885900593],[8.672426306930527,49.9093164499783],[8.67239958949372,49.909344340838885],[8.672340028405717,49.90940595028558],[8.672231428157772,49.90951858780525],[8.672055220656679,49.90969371100939],[8.671960141317076,49.909776801545654],[8.671832307645293,49.90988030196675],[8.671685047433954,49.90996944935225],[8.67155473187292,49.91003238676663],[8.67142359009727,49.91008165326288],[8.671284531304176,49.910129818083654],[8.67157819495779,49.91048387109905],[8.671851790176884,49.91118964873787],[8.671858221600338,49.911206572622696],[8.672558174895466,49.91328138568045],[8.672741747575502,49.91330942053537],[8.675227229956473,49.91370577775323],[8.675241915501989,49.9138620165549],[8.675140288057746,49.916030694051024],[8.675137287269854,49.91616961789325],[8.675024644688705,49.91860848443946],[8.6750110793664,49.91898612614937],[8.674975099939267,49.91998112134848],[8.674847832847563,49.92353275066803],[8.674875417046247,49.92353066982968],[8.675398604029006,49.92349014093943],[8.675754673610863,49.923462631148944],[8.675948339787555,49.92344761562635],[8.67622246002904,49.923426439829356],[8.676594625970175,49.92341389972434],[8.676952079819829,49.92335096019254],[8.677238682640741,49.92330104118786],[8.677487544123483,49.923260368592906],[8.67784488141372,49.923197336061804],[8.678113276226263,49.92315581714346],[8.678365466346474,49.92311533175035],[8.67839203604639,49.92311027978121],[8.67880797817862,49.92304407960197],[8.679022112708386,49.9230082533388],[8.679594271598473,49.92289167569633],[8.679831116871778,49.922843501211396],[8.68017551571233,49.922773141963994],[8.680619066692708,49.92268282195243],[8.680956560275664,49.92261405999596],[8.681135544209376,49.922577593588734],[8.68143726275835,49.92251610561197],[8.682423392816045,49.922315132922364],[8.682724312478703,49.922234845360826],[8.682887883180827,49.92221856691075],[8.684480365686857,49.92183102278666],[8.684768333274677,49.92174538918584],[8.686633947927435,49.921286888362864],[8.687256202895362,49.921109080307204],[8.688267981743948,49.92110856697956],[8.688325881049945,49.92110782335299],[8.6894944710073,49.921105202762995],[8.690385716052944,49.921128088048086],[8.690714176018787,49.92104902228132],[8.69196650199034,49.92056002298641],[8.693457404619059,49.92032117923196],[8.69352604760798,49.92031065972384],[8.694321002095302,49.920245584690385],[8.69590306360434,49.92022978063859],[8.696444058100665,49.9203266069161],[8.696551218497385,49.92034676047966],[8.69715411579048,49.92042746920242],[8.69872910721789,49.92066222543553],[8.699364752432695,49.92072403382349],[8.699473017781548,49.92056676813021],[8.699474865153523,49.92052828558191],[8.699481391021033,49.920402409337235],[8.699482040252168,49.920390361246014],[8.69951996873716,49.92029442102483],[8.699539224000125,49.92024582219717],[8.699455327022292,49.920178881441785],[8.69916009250306,49.91994278570112],[8.699037678420966,49.919844990818675],[8.698850115552775,49.91969505076077],[8.698787366246105,49.91964489023255],[8.69874359046051,49.919609886137025],[8.698360161314453,49.919371311115206],[8.698219766432716,49.91928389973994],[8.697882568538132,49.91907403914828],[8.69771539073566,49.91897163004903],[8.697573960477223,49.918884844651515],[8.696959841040087,49.9185083496599],[8.6968176540059,49.918414457379974],[8.696119424655267,49.917953299611675],[8.695983189880984,49.91786319868973],[8.695683838415334,49.917665660470014],[8.695591581201752,49.917596356928016],[8.695464455739568,49.91750097379878],[8.695439419870338,49.91748211399508],[8.695371627689964,49.91743121896174],[8.695077106136296,49.917106090057736],[8.695058366294875,49.917090663825725],[8.694937581413907,49.91699196960191],[8.69492581170879,49.91698231680173],[8.694533379677486,49.91653876908476],[8.694436555131855,49.91642943650816],[8.694148936185234,49.91610450321517],[8.694042283477648,49.91600575538394],[8.694012115128288,49.91598139637655],[8.6938899540335,49.915883147026754],[8.693557987271333,49.91561573630314],[8.693204553063602,49.91532911406348],[8.692935909386895,49.9151112371767],[8.692632280185155,49.914868537900915],[8.69257233899052,49.9147941919041],[8.69254586084377,49.914695475324486],[8.692174051232973,49.914591076684786],[8.6922390517819,49.91439368664075],[8.692120869448447,49.91430308947509],[8.69115965472,49.914051714583906],[8.690545569664588,49.91384873824972],[8.690142237886914,49.91370045606582],[8.689633677566833,49.91346682298997],[8.689010566657903,49.91313360466471],[8.68855078215534,49.91280028215915],[8.688064162148548,49.912479654811534],[8.687936192575199,49.91239487206463],[8.687512145577582,49.912114067138965],[8.68683075475432,49.91170514392563],[8.68581331552145,49.91101618312359],[8.685542200690522,49.91083389205302],[8.684790958843246,49.910328458858864],[8.683669154383182,49.909574000513416],[8.682225970455242,49.90862342624218],[8.682064995642714,49.90851381742914],[8.68193100383712,49.90842244702628],[8.681088761766143,49.90784857763658],[8.679869149537549,49.90707178174546],[8.67747120974924,49.90528572257634],[8.677423324888911,49.90525123843932],[8.677373154887745,49.905215039369814],[8.676510675237118,49.904592970700534],[8.675512404150552,49.903863775892006],[8.674660496534795,49.90324765784262],[8.674288452917711,49.902940961844045],[8.674008688302258,49.90270925091626],[8.673986311223967,49.902690124122486],[8.67396449979965,49.902672257850575],[8.673934807348777,49.90264816465951],[8.673669111544392,49.902459116431096],[8.673648884820322,49.90244467167035],[8.673632656913693,49.902433205652216],[8.673470725774933,49.90231809670417],[8.67329816848309,49.90219531405063],[8.67327794137271,49.90218095914723],[8.673187434708478,49.902116588300125],[8.672388564759686,49.9015957423933],[8.672199759349503,49.90146535856427],[8.671821400150117,49.90117994867282],[8.671636221401386,49.90104013215519],[8.670458877816897,49.90017370153344],[8.669729380029429,49.89964188362014],[8.669430959598156,49.899424226424266],[8.668389621235267,49.89866067554948],[8.668316440875147,49.89849932232701],[8.668288616416346,49.898438004446575],[8.668190755909631,49.898426663812394],[8.668135687751672,49.89842030146822],[8.668028876765153,49.89840821568953],[8.66800169732823,49.89840355175044],[8.667663856341651,49.89834422329747],[8.667533362609404,49.898319929437065],[8.66736606080374,49.89828869562255],[8.667173302765844,49.89825271245413],[8.667027396009496,49.89819914846043],[8.666876106352477,49.89814368041335],[8.666698591106206,49.898078514916],[8.666349030774493,49.89803758337728],[8.666285933215677,49.89803020788587],[8.666029069813922,49.898000063225446],[8.665888765963706,49.89798338280453],[8.665873966896436,49.897981631606584],[8.665702802101833,49.89796144491999],[8.665673777438393,49.89795803405215],[8.665603567285684,49.89794982836603],[8.665489648912748,49.89793637088916],[8.665374752636767,49.89791490723507],[8.66520768326438,49.89788367097275],[8.664982018343917,49.897841654156835],[8.664927093492917,49.89783133404169],[8.664615659683722,49.89777315208587],[8.664419100179888,49.897756127320164],[8.663120566853951,49.897703713285104],[8.663577830641923,49.900005118663586],[8.663711510749353,49.90067813828326],[8.663769414759082,49.90097064924128],[8.663889211611458,49.9015768147325]]]]}},{"type":"Feature","properties":{"plr_id":"0710","gid":"0710","kiez":"Alt-Eberstadt","plr_name":"Alt-Eberstadt","bez":"07 - Eberstadt","bzr_name":null,"pgr_name":null,"st":"07"},"geometry":{"type":"MultiPolygon","coordinates":[[[[8.67443129179321,49.826578575197246],[8.67449672938221,49.82636024079319],[8.673860486898864,49.82585972725777],[8.673197995322907,49.82546264007363],[8.672359246101086,49.825159742215604],[8.672137238473228,49.82496496594132],[8.672019032965101,49.82481373702672],[8.672021025270505,49.824790362109916],[8.672058234909079,49.8245262671227],[8.672061651981627,49.82446171048721],[8.67206909940999,49.82432666388464],[8.672100314412546,49.823762111734595],[8.672157668500033,49.82345167223697],[8.669889610013373,49.823424821927304],[8.669621656106377,49.823397530535765],[8.669199148868302,49.823390120638926],[8.668905855540313,49.82334674857904],[8.668100589828283,49.823051738878945],[8.667973660461287,49.823038695893075],[8.66764499362429,49.82298856483457],[8.667354410078504,49.82283476841118],[8.666860302194994,49.82257076758901],[8.666428782227447,49.82214130245854],[8.66604849072659,49.8219646732851],[8.665758775941743,49.82180287197942],[8.66492481245442,49.820739885403036],[8.664272062128465,49.82054600604484],[8.664012007975042,49.820473222341555],[8.663880614676103,49.82044379551848],[8.663769414320457,49.82042836554499],[8.663675111840728,49.820422696429596],[8.663580986890604,49.8204244915518],[8.663412024474734,49.82044036741792],[8.663289735428107,49.82045359094992],[8.662895427730087,49.82049947573698],[8.662492740078173,49.82054695343689],[8.662302876754666,49.820568162340834],[8.662193457535075,49.820576836022504],[8.66209152364662,49.820580585532554],[8.661994113546111,49.82057670449566],[8.661887358981485,49.82056488269289],[8.66178693479387,49.82054939232691],[8.661663099415843,49.82052124399711],[8.661548130790646,49.82048736620768],[8.661452351222346,49.820446979807755],[8.661360953455114,49.82040291919342],[8.661225399720395,49.82032932388347],[8.66078758069307,49.82008938164891],[8.66051520552352,49.819943714534276],[8.660415691110474,49.819896751785905],[8.66030456736923,49.81985434111825],[8.660217081087987,49.81982494888383],[8.66013128472402,49.819799788027765],[8.660044752169501,49.81978154919725],[8.659953737858334,49.81976491580898],[8.659850790991486,49.81974986598685],[8.659741373334793,49.819742170952566],[8.659576906088196,49.81973836078292],[8.659303034917988,49.819741243021156],[8.657908036915767,49.819750622934805],[8.656759657127274,49.8197529830713],[8.656460969494038,49.819747601897596],[8.656347172984265,49.81974321791637],[8.656228471084834,49.81973549203785],[8.656055612242042,49.81971888258755],[8.655987568779645,49.81971229595546],[8.655795492883973,49.819689963783965],[8.65563872750093,49.819667016805674],[8.655478899893772,49.81963947432196],[8.655214150360315,49.819584731884156],[8.65454350571801,49.81944847647573],[8.654289620278204,49.81939763109114],[8.654042490006656,49.81934797434184],[8.653607407430199,49.81926079620058],[8.653530714988467,49.81924554944531],[8.65333360405071,49.819206382102955],[8.653038051905238,49.81914776568988],[8.652426919235028,49.81902642390084],[8.651700061385142,49.81888269947752],[8.651284551957865,49.81880060723757],[8.651054133355807,49.81875513094944],[8.650538469827783,49.81865322066451],[8.64981333999018,49.81850984930166],[8.649410323887889,49.818428777256315],[8.649056660774933,49.81835495735363],[8.648595099762545,49.81823854437845],[8.64840572951247,49.81819210815679],[8.648597072259928,49.81782372471773],[8.648732263925895,49.81756371068754],[8.64878654675374,49.817427997971485],[8.648825321676696,49.81732856808713],[8.648854300157392,49.817220655525084],[8.648879758983009,49.81709222930843],[8.648944447372276,49.816468702896735],[8.648978823294263,49.8161374319987],[8.648994084311036,49.815818243112034],[8.649009851816691,49.81571424719161],[8.649006780110643,49.81566351997178],[8.64899285601196,49.81559189719606],[8.64899718554618,49.81553210992472],[8.648998455952198,49.81551493802281],[8.64902861951448,49.81527465879735],[8.649034336887384,49.81522899401071],[8.649073026220563,49.81495088198655],[8.64907772022147,49.8148248207903],[8.649068607490959,49.81469017487455],[8.649048253092365,49.814525100129266],[8.649036882803095,49.81446490560388],[8.649015810149946,49.814351625705925],[8.648908984387539,49.81378162467724],[8.64886208051345,49.81353175970065],[8.64886131205676,49.813527081250676],[8.648844202944064,49.81343638459122],[8.648830681547446,49.81337258649958],[8.648786127547137,49.81316238570661],[8.648726238536772,49.81305986907516],[8.648712810040944,49.81304660933748],[8.648623707815661,49.81295812239661],[8.648404598584484,49.81279541229291],[8.64837290676051,49.81277184561108],[8.64810654196879,49.81259838035961],[8.647850890651464,49.812465053786525],[8.647568717856787,49.8123540374364],[8.647558432343269,49.81234995951497],[8.646887627593227,49.81211060448644],[8.646775878027324,49.812079509464915],[8.64668494629777,49.81206988005516],[8.64656334516527,49.8120695992242],[8.646499822134757,49.812073452139686],[8.646202960960405,49.812091430668445],[8.645942906898018,49.812107092895296],[8.645713582437844,49.812120870117575],[8.645254358772005,49.812148601292826],[8.64513726819752,49.812158404421574],[8.645090784276091,49.81216743448419],[8.645020198790036,49.8121809769104],[8.644927147949446,49.812210367275085],[8.644869938785213,49.81222844686094],[8.644790872124748,49.81225761018774],[8.644731686183256,49.812279550441055],[8.644553492423007,49.8123539119865],[8.644477421748602,49.812286953986074],[8.644425892874171,49.81223364997215],[8.644358311668197,49.812134344775046],[8.64431018207126,49.812023858552394],[8.644256079925475,49.811899505455855],[8.64404571423427,49.811453638635825],[8.643920583891074,49.81148158078606],[8.643611149381293,49.81154213871383],[8.64353115068563,49.81155780949955],[8.643444715387627,49.81157597834152],[8.643362751064467,49.81159398102588],[8.643160238163922,49.81143751687288],[8.643039652841052,49.811486334772844],[8.642880195174039,49.81152217343664],[8.642772627479172,49.811546301667],[8.64268384473414,49.81155636941503],[8.642510451390729,49.81157022279378],[8.642291426690441,49.811586273149906],[8.642295854605738,49.81160750922459],[8.641986093657264,49.8116342498343],[8.641941251325099,49.81163824787965],[8.641591423024455,49.811689683072075],[8.641301141577394,49.81173239889449],[8.641219091901156,49.811730796048806],[8.640996909371484,49.811724262893115],[8.640915897849071,49.81172176379386],[8.64043807603577,49.81170742307354],[8.640263218313851,49.81170220434998],[8.64006888121306,49.81169638531776],[8.639926451727305,49.8116920761173],[8.639823074143676,49.81176909080036],[8.639739289846585,49.81183132859419],[8.639383543092778,49.812231469653426],[8.639278366792752,49.812349754032034],[8.6391897176166,49.8124494751963],[8.639050040462088,49.81259876616049],[8.638759274639943,49.8124899497228],[8.638312359126088,49.812403036804795],[8.636393617598564,49.811884368114114],[8.635660186190266,49.8117666005491],[8.635387325315591,49.811747577528166],[8.635091131568617,49.81176795768537],[8.633766898096825,49.81178527299662],[8.633264552179797,49.811785932683414],[8.633137134053662,49.81205494614266],[8.632538263375006,49.81192184771326],[8.632002665444462,49.811818442654676],[8.630637743300541,49.81159468266095],[8.628926285045955,49.811561518729135],[8.628202741143616,49.811547419684935],[8.628080125223828,49.81154513784393],[8.627245192082441,49.811514578661026],[8.626607818503865,49.81154750801891],[8.625223102176877,49.81163530219577],[8.624729838239531,49.81164737479294],[8.624123545455456,49.81166231609921],[8.623233838310396,49.81133524586466],[8.623225033096277,49.81133269932654],[8.622953150147094,49.81123298703099],[8.622054768325228,49.81090336157119],[8.622042208301892,49.81100035023185],[8.622041115220435,49.81100826011154],[8.622037332730313,49.81103774334151],[8.622035504388997,49.81105176575754],[8.622032573158277,49.81107495697803],[8.622004144183428,49.81129644069711],[8.621966799717255,49.8115736491286],[8.621964233257073,49.81159414377029],[8.621954574756117,49.811671717967656],[8.621947720322341,49.8117277191916],[8.621923251277755,49.811926284783546],[8.621879987870384,49.81228638514632],[8.621855494432435,49.81248800809209],[8.621848505535263,49.812546526777226],[8.621848016265751,49.81255048190199],[8.621844946418122,49.812576730125954],[8.621842864917532,49.812593809175596],[8.621836024437396,49.81260385851017],[8.621833707007548,49.81260708826602],[8.621822464385282,49.812623148243276],[8.621819449481753,49.812627634679714],[8.621804725093503,49.81264925867393],[8.621788724560552,49.81267285686236],[8.621772960240962,49.81269555656458],[8.621755686346388,49.81272076925143],[8.621747688511052,49.81273225361119],[8.621731110664474,49.81275638946014],[8.621727517083944,49.81276159340929],[8.621712561990636,49.81278339648935],[8.621691574927507,49.81281444220286],[8.62145241783168,49.81316176284029],[8.621448822788222,49.81316714662662],[8.621390626940848,49.81325166632854],[8.62138726391354,49.813256691168945],[8.621381467379095,49.8132651252275],[8.621321995829323,49.813351529161174],[8.621318634191264,49.81335637415312],[8.621273303703672,49.81342250110693],[8.621207688527617,49.81351769760018],[8.621123289622584,49.813640529696364],[8.620996226741825,49.81382545064321],[8.620849456579169,49.81403872342375],[8.620846441497159,49.81404320983338],[8.620745231294675,49.81419035644696],[8.620794967522887,49.81420598636188],[8.621034729601446,49.81428149861464],[8.62105395108365,49.81428587788342],[8.62134879342331,49.81435329641698],[8.621367901049753,49.814357585336204],[8.621716591716988,49.814413218748136],[8.621741806144014,49.81435457972085],[8.622229910301634,49.81442001874121],[8.623498439961901,49.814589789105],[8.623652208863861,49.81461079151377],[8.624270837492976,49.81469499047575],[8.625389366998734,49.81484716792535],[8.625869589954608,49.81491031799357],[8.626280997875051,49.814964431509054],[8.626370654188586,49.8149761410947],[8.626622098904447,49.81500968425015],[8.627836734572108,49.8151714998677],[8.628077612705003,49.81522308094368],[8.628417588936278,49.81529593189179],[8.630116429919985,49.81552797796085],[8.630543175129905,49.81558626184653],[8.63076839837404,49.815617104572944],[8.631042515063744,49.815654487220066],[8.63395286191093,49.8160467075849],[8.634060039081843,49.81606107438664],[8.634347675694535,49.81609984077583],[8.63450809729561,49.8161214792332],[8.635384817427692,49.81624608950093],[8.635464966986463,49.8162574923614],[8.635643357132935,49.81628287269983],[8.636196658102028,49.81635646113983],[8.636393611947595,49.816382617992645],[8.63655477768054,49.81639697199188],[8.637084893318763,49.81644449504318],[8.637798413051842,49.81653710202435],[8.638062018888307,49.81657128781845],[8.637963327020776,49.81689417143031],[8.63789142310886,49.81712928153825],[8.637789436304999,49.81746330542555],[8.637736835962672,49.817661246634906],[8.637644149707421,49.818330541199046],[8.637606059692814,49.81861134894006],[8.637593667469245,49.818659060558886],[8.637574555340311,49.818700995940745],[8.637571643373414,49.81870719168494],[8.637535715351488,49.81875986551947],[8.637351436111611,49.81895361778017],[8.637547486521658,49.81904082913851],[8.637729649779638,49.819130424743385],[8.637908087293788,49.819227831926085],[8.638203323571114,49.81940329897454],[8.638731006691533,49.81973596010804],[8.638879233620642,49.81982697684028],[8.639417945005727,49.820157690815904],[8.639547423531177,49.82024217373349],[8.639918406977037,49.820484326726394],[8.64014711377935,49.82065211826727],[8.640419147602536,49.82085160756067],[8.64073135266367,49.82110661472426],[8.641006315848559,49.821360156811494],[8.641081802766251,49.82142981292853],[8.641383489388838,49.82174404650764],[8.641408060500753,49.821769751239515],[8.64163515842525,49.82204823286373],[8.641678101107832,49.82210097192634],[8.641855982653604,49.822322827854684],[8.641953670863959,49.822444618732206],[8.64211621793419,49.82264763249032],[8.642460631162166,49.82307718939107],[8.642785808043703,49.82348888074458],[8.64305385920504,49.823828185254094],[8.643147380650143,49.823940610028956],[8.64319851770905,49.824001916636405],[8.643288774587853,49.82409068089931],[8.643374274240069,49.82415604988501],[8.643467277800184,49.82421433779299],[8.643677736385541,49.82426408415868],[8.64381134142125,49.82428868469897],[8.643840879110295,49.82429408105483],[8.644076385148367,49.82432070294002],[8.644296665741638,49.82432875301995],[8.644424510449046,49.8243259978965],[8.644419398434348,49.82413192350157],[8.644413771979735,49.82391419717685],[8.64567394567956,49.82390699548901],[8.645932009909297,49.82390562588101],[8.64639345373943,49.823903077827374],[8.646494913612633,49.823902577982025],[8.646876937993744,49.82389645852414],[8.64816425930773,49.823876363227626],[8.64875297354037,49.82387095472443],[8.64900496826059,49.82386866062917],[8.649352119643074,49.82386557479012],[8.649351656300327,49.823850376019735],[8.649459989078423,49.82385061377282],[8.649546196883257,49.82385078453128],[8.649547286056812,49.82389044486322],[8.650985564739438,49.823873382389316],[8.651431436172112,49.823868159555495],[8.651426606176303,49.82388622000657],[8.651499178334722,49.82390145574787],[8.657371048541474,49.82394728828002],[8.659380980225373,49.82348083493059],[8.660114497431337,49.823717962850814],[8.661256691476705,49.82415519581204],[8.661569476074702,49.82428011639659],[8.662807017506388,49.82479207045507],[8.66339295572259,49.82505590554376],[8.663840504630752,49.82524011226916],[8.664863576612301,49.825688384480024],[8.665132838179069,49.825810022169435],[8.665961228573789,49.826230474693276],[8.666529057204736,49.826598734714345],[8.667089582097576,49.8270802766752],[8.667124978755718,49.82711796705843],[8.667285512427787,49.82731455478309],[8.667553042503108,49.827691029772716],[8.667826939328176,49.82820987389597],[8.668484669718525,49.82915165461644],[8.668865947913732,49.82973069334453],[8.66903758254272,49.83021821805291],[8.669437354745654,49.83109720785156],[8.669524383265165,49.83128171256285],[8.670132558956613,49.832170196347484],[8.670472817916695,49.83246440988],[8.670768557386591,49.83278070745277],[8.671534080342377,49.833400035048946],[8.672207909924055,49.83393187093582],[8.672351965087293,49.83406204008021],[8.672488954986848,49.834202800237286],[8.672506919699805,49.834140443000216],[8.67253146147098,49.83405499359897],[8.672568106259614,49.833977132085195],[8.672615248449228,49.83383896048746],[8.672644142131029,49.83375424274986],[8.672711865278565,49.833556688756246],[8.672749998208152,49.83344510947814],[8.672842988040564,49.83317334861405],[8.673107760830561,49.83293237698672],[8.673119231040491,49.832846710730585],[8.673145928769188,49.83264526390256],[8.673158738862176,49.832547911155274],[8.673169745890073,49.83244587721655],[8.67318088570734,49.832341145896706],[8.673189323652718,49.83226302478333],[8.6731967867488,49.83219344380364],[8.673202694720935,49.83216747210837],[8.673215106349431,49.83211220316747],[8.673231415529512,49.832040039294405],[8.673246306977672,49.831974076253346],[8.673274077591278,49.83185149670147],[8.673284715904712,49.83180413616046],[8.673295710280518,49.83175497811967],[8.673309893627243,49.83169198059982],[8.673319228256238,49.83165091113716],[8.673336247651509,49.83159241786085],[8.673344231995419,49.83156456358014],[8.673379078479643,49.83127654174207],[8.67340348295957,49.831074818564375],[8.673410400956328,49.83101800538682],[8.673740065397263,49.83106515525805],[8.673702030145842,49.83075381738483],[8.673450883972745,49.83067604431251],[8.6734152601874,49.83063691644858],[8.673381572244901,49.83059977238071],[8.673158271123258,49.830354456706154],[8.672851357513654,49.830215825608214],[8.672785403222552,49.83018596415255],[8.672208844858543,49.82992562055082],[8.672304105930415,49.82980925700713],[8.672329423593826,49.82977839433441],[8.67254156354073,49.829519110196856],[8.672567716155882,49.828990873885736],[8.672831838154684,49.82852023206537],[8.672928391440474,49.8282456033624],[8.672846410054069,49.82797460735984],[8.673028447454222,49.82762126549741],[8.673098014404921,49.82747182624184],[8.673200791930848,49.827412945297304],[8.673434200045545,49.82727898515397],[8.67421408964153,49.82730483008792],[8.67422147960635,49.82727994158703],[8.67443129179321,49.826578575197246]]]]}},{"type":"Feature","properties":{"plr_id":"0720","gid":"0720","kiez":"Am Lämmchesberg","plr_name":"Am Lämmchesberg","bez":"07 - Eberstadt","bzr_name":null,"pgr_name":null,"st":"07"},"geometry":{"type":"MultiPolygon","coordinates":[[[[8.642460631162166,49.82307718939107],[8.64211621793419,49.82264763249032],[8.641953670863959,49.822444618732206],[8.641855982653604,49.822322827854684],[8.641678101107832,49.82210097192634],[8.64163515842525,49.82204823286373],[8.641408060500753,49.821769751239515],[8.641383489388838,49.82174404650764],[8.641081802766251,49.82142981292853],[8.641006315848559,49.821360156811494],[8.64073135266367,49.82110661472426],[8.640419147602536,49.82085160756067],[8.64014711377935,49.82065211826727],[8.639918406977037,49.820484326726394],[8.639547423531177,49.82024217373349],[8.639417945005727,49.820157690815904],[8.638879233620642,49.81982697684028],[8.638731006691533,49.81973596010804],[8.638203323571114,49.81940329897454],[8.637908087293788,49.819227831926085],[8.637729649779638,49.819130424743385],[8.637547486521658,49.81904082913851],[8.637351436111611,49.81895361778017],[8.637535715351488,49.81875986551947],[8.637571643373414,49.81870719168494],[8.637574555340311,49.818700995940745],[8.637593667469245,49.818659060558886],[8.637606059692814,49.81861134894006],[8.637644149707421,49.818330541199046],[8.637736835962672,49.817661246634906],[8.637789436304999,49.81746330542555],[8.63789142310886,49.81712928153825],[8.637963327020776,49.81689417143031],[8.638062018888307,49.81657128781845],[8.637798413051842,49.81653710202435],[8.637084893318763,49.81644449504318],[8.63655477768054,49.81639697199188],[8.636393611947595,49.816382617992645],[8.636196658102028,49.81635646113983],[8.635643357132935,49.81628287269983],[8.635464966986463,49.8162574923614],[8.635384817427692,49.81624608950093],[8.63450809729561,49.8161214792332],[8.634347675694535,49.81609984077583],[8.634060039081843,49.81606107438664],[8.63395286191093,49.8160467075849],[8.631042515063744,49.815654487220066],[8.63076839837404,49.815617104572944],[8.630543175129905,49.81558626184653],[8.630116429919985,49.81552797796085],[8.628417588936278,49.81529593189179],[8.628077612705003,49.81522308094368],[8.627836734572108,49.8151714998677],[8.626622098904447,49.81500968425015],[8.626370654188586,49.8149761410947],[8.626280997875051,49.814964431509054],[8.625869589954608,49.81491031799357],[8.625389366998734,49.81484716792535],[8.624270837492976,49.81469499047575],[8.623652208863861,49.81461079151377],[8.623498439961901,49.814589789105],[8.622229910301634,49.81442001874121],[8.621741806144014,49.81435457972085],[8.621716591716988,49.814413218748136],[8.62163163794949,49.81460718041483],[8.62161424900903,49.81464705054541],[8.62153533928291,49.81483015088738],[8.621503237191707,49.81490477410192],[8.621493434831786,49.81492713352591],[8.621476281206117,49.81496619507329],[8.62133637221763,49.815284164048336],[8.621250723474596,49.81547866269155],[8.621179423300239,49.815641014858805],[8.62113974922252,49.81573108038876],[8.621053984275322,49.81592557849319],[8.620839617760073,49.81641290270587],[8.620591198300561,49.81687160866197],[8.620487805647848,49.817062451591305],[8.619989203247366,49.81798318279836],[8.619852542377267,49.81823533509434],[8.619655277274244,49.818585396962334],[8.61954821490251,49.818775507558485],[8.619334438563182,49.81915483032814],[8.61931072473546,49.81919683752136],[8.618978952540852,49.81978538804366],[8.618249760536688,49.8212315063918],[8.618184138687708,49.82134000999015],[8.618151373998378,49.821395655769955],[8.617191300769116,49.82308272553156],[8.617182351832472,49.823098163131434],[8.617171155994496,49.82312231606576],[8.61667523646289,49.824195374505244],[8.616186294525178,49.82507925093212],[8.615700567455304,49.825960258228235],[8.615165935108877,49.82694847178273],[8.615158372665631,49.82696238509103],[8.615135683169363,49.82700439478133],[8.614937879201186,49.82737018328764],[8.614772414474318,49.82770568418234],[8.614754936209783,49.82774105664367],[8.614719165653174,49.827813237656116],[8.61455802199567,49.82813841118096],[8.614267537768603,49.82872465672633],[8.613648099534515,49.83000285924552],[8.613607883643231,49.83008572617446],[8.613442934916712,49.83042608271328],[8.61344106966307,49.83042994327719],[8.613417403917957,49.83047896352011],[8.613412741131437,49.83048856996727],[8.613371943283038,49.83057242404465],[8.61329564108818,49.83078079600893],[8.613280402783596,49.83082256039401],[8.612881282998893,49.831756450259334],[8.612813633330596,49.83191458258025],[8.61239047116377,49.83262645493488],[8.612005513346075,49.83326237685597],[8.611718679050062,49.83385762028734],[8.611406706945823,49.83451248899062],[8.611362623207958,49.8346048741833],[8.611350379016484,49.83463037187515],[8.611331385666155,49.83466816668202],[8.611544828625632,49.83461888377677],[8.61754798361266,49.83335741249236],[8.623533739849256,49.83209611336696],[8.623732632740506,49.83204226450417],[8.62454602452186,49.83186451208498],[8.627757190581791,49.831187660591105],[8.629702959904158,49.83077708964244],[8.632074918953126,49.83026928159627],[8.632230640885245,49.83023632360541],[8.632592045565158,49.83015896501744],[8.634744935122448,49.829699596823865],[8.635703139727392,49.82949515486076],[8.636345766740298,49.82935796856304],[8.640781994753537,49.82840213813085],[8.641702854249722,49.82820211701362],[8.641555606901678,49.82798988790293],[8.639251330363138,49.82573065185665],[8.639277151445462,49.82572713520724],[8.639301136923232,49.82572379269039],[8.639314450043619,49.825721855763106],[8.639491412974376,49.825697407077406],[8.639566582609778,49.82568693974455],[8.639860833573406,49.82564603913278],[8.640124902054094,49.82560927055474],[8.640639380217724,49.825537757528735],[8.640835622811721,49.825510488955196],[8.641153907220774,49.8254904322621],[8.641272045248886,49.825482974449336],[8.641465654845929,49.82547062425141],[8.641667177887744,49.82545784856838],[8.641798046871683,49.82544962024913],[8.6424599370113,49.825302387920516],[8.642460069564901,49.82528440327992],[8.64246289844281,49.82469836913824],[8.642465811536589,49.8246297651528],[8.643467277800184,49.82421433779299],[8.643374274240069,49.82415604988501],[8.643288774587853,49.82409068089931],[8.64319851770905,49.824001916636405],[8.643147380650143,49.823940610028956],[8.64305385920504,49.823828185254094],[8.642785808043703,49.82348888074458],[8.642460631162166,49.82307718939107]]]]}},{"type":"Feature","properties":{"plr_id":"0730","gid":"0730","kiez":"Villenkolonie","plr_name":"Villenkolonie","bez":"07 - Eberstadt","bzr_name":null,"pgr_name":null,"st":"07"},"geometry":{"type":"MultiPolygon","coordinates":[[[[8.673292112046946,49.83521663362088],[8.673022337444008,49.83466715030438],[8.67285419404836,49.83452072751895],[8.672488954986848,49.834202800237286],[8.672351965087293,49.83406204008021],[8.672207909924055,49.83393187093582],[8.671534080342377,49.833400035048946],[8.670768557386591,49.83278070745277],[8.670472817916695,49.83246440988],[8.670132558956613,49.832170196347484],[8.669524383265165,49.83128171256285],[8.669437354745654,49.83109720785156],[8.66903758254272,49.83021821805291],[8.668865947913732,49.82973069334453],[8.668484669718525,49.82915165461644],[8.667826939328176,49.82820987389597],[8.667553042503108,49.827691029772716],[8.667285512427787,49.82731455478309],[8.667124978755718,49.82711796705843],[8.667089582097576,49.8270802766752],[8.666529057204736,49.826598734714345],[8.665961228573789,49.826230474693276],[8.665132838179069,49.825810022169435],[8.664863576612301,49.825688384480024],[8.663840504630752,49.82524011226916],[8.66339295572259,49.82505590554376],[8.662807017506388,49.82479207045507],[8.661569476074702,49.82428011639659],[8.661256691476705,49.82415519581204],[8.660114497431337,49.823717962850814],[8.659380980225373,49.82348083493059],[8.657371048541474,49.82394728828002],[8.651499178334722,49.82390145574787],[8.651426606176303,49.82388622000657],[8.651431436172112,49.823868159555495],[8.650985564739438,49.823873382389316],[8.649547286056812,49.82389044486322],[8.649546196883257,49.82385078453128],[8.649459989078423,49.82385061377282],[8.649351656300327,49.823850376019735],[8.649352119643074,49.82386557479012],[8.64900496826059,49.82386866062917],[8.64875297354037,49.82387095472443],[8.64816425930773,49.823876363227626],[8.646876937993744,49.82389645852414],[8.646494913612633,49.823902577982025],[8.64639345373943,49.823903077827374],[8.645932009909297,49.82390562588101],[8.64567394567956,49.82390699548901],[8.644413771979735,49.82391419717685],[8.644419398434348,49.82413192350157],[8.644424510449046,49.8243259978965],[8.644296665741638,49.82432875301995],[8.644076385148367,49.82432070294002],[8.643840879110295,49.82429408105483],[8.64381134142125,49.82428868469897],[8.643677736385541,49.82426408415868],[8.643467277800184,49.82421433779299],[8.642465811536589,49.8246297651528],[8.64246289844281,49.82469836913824],[8.642460069564901,49.82528440327992],[8.6424599370113,49.825302387920516],[8.641798046871683,49.82544962024913],[8.641667177887744,49.82545784856838],[8.641465654845929,49.82547062425141],[8.641272045248886,49.825482974449336],[8.641153907220774,49.8254904322621],[8.640835622811721,49.825510488955196],[8.640639380217724,49.825537757528735],[8.640124902054094,49.82560927055474],[8.639860833573406,49.82564603913278],[8.639566582609778,49.82568693974455],[8.639491412974376,49.825697407077406],[8.639314450043619,49.825721855763106],[8.639301136923232,49.82572379269039],[8.639277151445462,49.82572713520724],[8.639251330363138,49.82573065185665],[8.641555606901678,49.82798988790293],[8.641702854249722,49.82820211701362],[8.640781994753537,49.82840213813085],[8.636345766740298,49.82935796856304],[8.635703139727392,49.82949515486076],[8.634744935122448,49.829699596823865],[8.632592045565158,49.83015896501744],[8.632230640885245,49.83023632360541],[8.632074918953126,49.83026928159627],[8.629702959904158,49.83077708964244],[8.627757190581791,49.831187660591105],[8.62454602452186,49.83186451208498],[8.623732632740506,49.83204226450417],[8.623533739849256,49.83209611336696],[8.61754798361266,49.83335741249236],[8.611544828625632,49.83461888377677],[8.611331385666155,49.83466816668202],[8.611265678160265,49.8347974385668],[8.609893962411453,49.83516440102374],[8.608946820477735,49.835419924292346],[8.608913839390057,49.83542880553835],[8.608604137637345,49.83551228987398],[8.608119073255201,49.83564266114162],[8.607830285024523,49.83572036897542],[8.606803836151013,49.83599610932472],[8.60651504299379,49.83607390378947],[8.606381967637626,49.83610951196562],[8.60638173757652,49.83610960110954],[8.60635829396831,49.83611590618506],[8.606326575448685,49.83612452120686],[8.606150173707364,49.83617194200909],[8.604857303154446,49.83652112768666],[8.604763295570395,49.83654661570721],[8.604749274727574,49.83655043468124],[8.60472870322521,49.836556029819164],[8.604631707574013,49.83658231687006],[8.60365634050182,49.83684705284224],[8.60333626614548,49.836920685794354],[8.60311568435666,49.83697127801772],[8.603007575288558,49.83699617678119],[8.601011723987384,49.836982849642226],[8.600632987347792,49.83698028646156],[8.600615118463512,49.83697788684358],[8.600546278075369,49.83696856720028],[8.60043906707146,49.83695389960323],[8.600430131897857,49.83695278970225],[8.600195319312464,49.83692095588895],[8.600136329360815,49.836913018853174],[8.600055691026618,49.83690212949262],[8.599991432357033,49.8368934548034],[8.599013240307135,49.83676103254982],[8.598952419049647,49.83675272887541],[8.598881288198138,49.83674313054235],[8.598707642071407,49.836719688543646],[8.599898997697903,49.83745058171441],[8.601582669444056,49.83847622162272],[8.603923555410335,49.839917469909906],[8.605507004439566,49.840892621467084],[8.607367494938847,49.842035231046616],[8.607501646759111,49.842010236560874],[8.607542420604998,49.84200264105592],[8.609511606021526,49.84163628201451],[8.609678717646046,49.84160528112906],[8.610182694632728,49.84151156651194],[8.610259186842406,49.841497345780425],[8.610422015675141,49.841599598348054],[8.610546503791923,49.84167798166732],[8.611765286364133,49.84244409471653],[8.613180289378692,49.843345197722016],[8.613304210154281,49.84342393585443],[8.61358400011667,49.84360211104653],[8.613637745822698,49.84363619191941],[8.613664596117868,49.8436488709082],[8.614905795339068,49.844233107016315],[8.614963304979382,49.84393789441611],[8.61498483442161,49.84382636899248],[8.615026205316983,49.843613653897435],[8.61602211584783,49.84363152484783],[8.616034156904421,49.84363165465662],[8.616105023482875,49.84363287853875],[8.616118439318166,49.843633192741564],[8.616952665343394,49.843648182109625],[8.617126390350478,49.843651363850825],[8.6173691478024,49.84365567246081],[8.618797273007937,49.843664154391554],[8.61891550051836,49.84366598191364],[8.619015725533908,49.84366739045059],[8.61965619699959,49.843674169716856],[8.619944931469663,49.84369472034946],[8.62011766822635,49.843706976792305],[8.620719553206696,49.8437497735761],[8.620820191474934,49.84375702702957],[8.62107101319991,49.843712794765715],[8.621581955183112,49.8436230100897],[8.621749512847517,49.84359352199521],[8.621874578524077,49.84357144876241],[8.622349235216657,49.843516433240374],[8.622712775331433,49.843474183232516],[8.622781879007695,49.84346613502047],[8.62297690691375,49.84344347891352],[8.623274199130819,49.84342538133805],[8.62351102241914,49.843411043326995],[8.623604535915726,49.843405322024395],[8.623889550309423,49.843387992329816],[8.624033778722687,49.843379197914665],[8.625085662843935,49.84315869142987],[8.625781763857344,49.84305977503753],[8.6259514550797,49.84303559333309],[8.62642941148072,49.842967802405305],[8.628238276456683,49.842646650241974],[8.628496077171944,49.84260296384665],[8.628664192297066,49.84257454664577],[8.628912002606645,49.84253244597266],[8.628965974976799,49.84252317661072],[8.629198971663058,49.84248354580902],[8.62936708596725,49.8424551275863],[8.629687698170585,49.84240075842402],[8.63118440668656,49.84211785991616],[8.631351165660577,49.842086377054116],[8.631526997806938,49.84205312429282],[8.632734122634991,49.84208681012506],[8.63290771559331,49.84209167637706],[8.633285975169796,49.84210213588074],[8.63341106058582,49.84210657814173],[8.633511610592263,49.84211013337617],[8.633540961232185,49.84211121534006],[8.633714544854014,49.84211733930414],[8.635523644010853,49.84218149276946],[8.635580855305163,49.84218356106175],[8.635649417255857,49.84218602470232],[8.635822886748363,49.84219214514997],[8.636232999251183,49.842206651799515],[8.637215794844012,49.842242464383226],[8.637697792084273,49.84225997846973],[8.637973530323848,49.84227001228404],[8.638153419857415,49.84227650899323],[8.638674971894574,49.84229558127817],[8.639714996895094,49.842331551037525],[8.640413469967397,49.84235557155902],[8.642195048190752,49.84232844150879],[8.642264325328805,49.84232730644452],[8.6449909227942,49.842280294891125],[8.645135785570364,49.842277860841655],[8.645179944874112,49.84227700684057],[8.64560627872842,49.842269318505444],[8.645654806413786,49.84223565506109],[8.64583278966147,49.84222064195532],[8.645906118483966,49.842214301444756],[8.64591334795566,49.84221369405278],[8.646014675877645,49.84220510094484],[8.646019839784087,49.84220466708862],[8.64609626427592,49.84219842583573],[8.646106134676636,49.84219737686943],[8.64627860970439,49.84218279588819],[8.646502149554841,49.84216396405737],[8.646535428515701,49.84216109801092],[8.646615067858539,49.84215432666875],[8.646999834203683,49.84212213681506],[8.647025307642744,49.84212023603344],[8.647030258317027,49.84208607961589],[8.647045959537758,49.841977228272825],[8.647067587660928,49.841826130228846],[8.647749591450019,49.84182766508817],[8.647830900631497,49.841827732283654],[8.647867368761881,49.84182784306794],[8.648406596440214,49.841828940265536],[8.648734926284469,49.84182966585964],[8.64882860589791,49.84183183811402],[8.650056646223307,49.84186037111433],[8.65043847277913,49.841869436539184],[8.65044806007837,49.84182809995977],[8.650517858834245,49.84154765454978],[8.650711529674089,49.84153537899857],[8.650800103313307,49.841529890651614],[8.65087997492889,49.84152248760484],[8.651715377286349,49.84144991321485],[8.652135830795803,49.841413497134525],[8.652401137578556,49.84139064271093],[8.653089537038086,49.84133092642418],[8.654119647295643,49.84090659115322],[8.654741461983889,49.84061394049834],[8.655876966514366,49.84070175648857],[8.655941946122983,49.840724070915726],[8.65592155241345,49.84080215519684],[8.655958989644795,49.84084336203057],[8.656421554274614,49.84094805775561],[8.656701076970377,49.841022354605784],[8.656895896597206,49.84107409871164],[8.657175549828173,49.84113014003074],[8.658199988102108,49.84124440236623],[8.65823076783335,49.84115663641731],[8.658585916901462,49.84120786109186],[8.660606565094179,49.84104770332188],[8.66064535582849,49.84104359041301],[8.660664278949865,49.84104346595827],[8.660710992522842,49.84103793742013],[8.660763423622832,49.84103476364466],[8.661207624066556,49.84102850902368],[8.662234004050017,49.84099679315152],[8.66401981381388,49.841293249781806],[8.664983729248974,49.841389561496975],[8.665270347915257,49.84141835614218],[8.66546196733499,49.841470076598135],[8.666424515249828,49.84173273354525],[8.666599492625377,49.84172001795903],[8.666695070828329,49.8417130088895],[8.666854836847033,49.84162749989212],[8.668056977859377,49.84098402832428],[8.66893514949779,49.84062171408301],[8.670707785942247,49.83933274271327],[8.6721094140956,49.838968473008954],[8.672222679914887,49.83790471085346],[8.67288241046155,49.837052196933705],[8.673991766050781,49.83641667469353],[8.67363721901398,49.83573359566008],[8.673292112046946,49.83521663362088]]]]}},{"type":"Feature","properties":{"plr_id":"0740","gid":"0740","kiez":"Am Frankenstein","plr_name":"Am Frankenstein","bez":"07 - Eberstadt","bzr_name":null,"pgr_name":null,"st":"07"},"geometry":{"type":"MultiPolygon","coordinates":[[[[8.6742404519209,49.821535392539296],[8.674499346460228,49.82147658935702],[8.675781027204163,49.82100258854156],[8.67647848898839,49.8208425820068],[8.676598061667356,49.82084093734247],[8.676910923317797,49.820836504271334],[8.67757986509341,49.82082730619884],[8.677837063958183,49.82086731870642],[8.678141098827949,49.820914744655695],[8.679174595687792,49.82107551868635],[8.679271630262154,49.82111922113112],[8.679528217926801,49.82123485532876],[8.679601707945292,49.821268061065574],[8.679586338972864,49.821217210812755],[8.679512869360153,49.820972680771526],[8.679453196405895,49.82077414063729],[8.679402046253276,49.82060431019849],[8.679393027025892,49.81990484651169],[8.679402921343467,49.81988203286015],[8.679427354446315,49.81984478145056],[8.67956294625846,49.81963886780587],[8.679568272574596,49.81963078925599],[8.679674799711004,49.81946903835657],[8.679797304859225,49.81928305167095],[8.6798560115639,49.81919364825709],[8.679941572347321,49.81906475184349],[8.67969557129964,49.81903133947884],[8.679509009250191,49.81900600438697],[8.679439836289323,49.81899655079152],[8.679133939477204,49.81895496821414],[8.679056292076577,49.81894432190041],[8.679025828347918,49.8189401909041],[8.67900040340527,49.81893679325705],[8.67897555159572,49.81893339719186],[8.678909929865725,49.81892431281685],[8.678869272791834,49.81891889458651],[8.678429110064336,49.818865697408334],[8.678275766770975,49.81882678384323],[8.678216131493345,49.818813848904114],[8.677880684381265,49.81869997096159],[8.677707227252313,49.81861756682314],[8.67757588337942,49.81854571091577],[8.677379474179554,49.81841576187545],[8.677413612917848,49.8183842931146],[8.676584479859503,49.81753012006755],[8.67627070807185,49.8172274547405],[8.676209776609939,49.817168653229494],[8.67598598124138,49.81695292644621],[8.675902729486507,49.816872390367614],[8.675595083750695,49.816563355601616],[8.675570558230053,49.816545661589274],[8.67414574029556,49.815513638081654],[8.673937457885508,49.815362787060046],[8.673847916553585,49.815298058646526],[8.673820252089447,49.81530418564467],[8.67361141876027,49.815133279125206],[8.673579044796375,49.8151068398244],[8.673561409245144,49.815087456203706],[8.673186854201782,49.81467607124735],[8.673208571688798,49.814667949274366],[8.673111706835671,49.81451669143084],[8.672991929690795,49.81432984833814],[8.672888488241037,49.81416823032479],[8.672846108648523,49.814129982350735],[8.67277501970639,49.814065934652724],[8.672537499697253,49.81398612949234],[8.672430605975869,49.81397971250687],[8.672316493415773,49.8139730052375],[8.672234244648514,49.81398320401485],[8.672119071814278,49.81399771594162],[8.671908472774948,49.8140727472187],[8.671844810739088,49.81408012072079],[8.671537053930102,49.814115668734544],[8.671497938754309,49.814120233996434],[8.67140601309618,49.81412069281791],[8.671216430444106,49.81412168390938],[8.671178376619322,49.81412184573079],[8.671073498914154,49.81412235746744],[8.6709476125664,49.81419546917025],[8.670799057055763,49.81428173538002],[8.670559203808036,49.81432646618358],[8.670397805427074,49.81441341477573],[8.670313448927548,49.81439626888279],[8.670137754983731,49.81436042831329],[8.669993781848744,49.81431190839606],[8.669947379695268,49.81429244231135],[8.669852747781757,49.81425260562618],[8.669718456125393,49.81419628943499],[8.6696085120257,49.814132848464915],[8.669419791843408,49.81402404018788],[8.669351185028114,49.81398328813818],[8.669282919718876,49.813942896723454],[8.66914718989893,49.813862385834355],[8.669092149791055,49.813765109289626],[8.669071537847463,49.81372872058375],[8.668963948659966,49.81353876069915],[8.668944016611222,49.813503542940985],[8.668915124542117,49.813471267122175],[8.669028430348403,49.813411160873926],[8.669269996505712,49.81328280750758],[8.669386177767354,49.81322109045646],[8.669648392979248,49.81260144282326],[8.66990488871189,49.812366748919416],[8.670020464393382,49.81203965962089],[8.670088808947805,49.81206809076226],[8.670529702757916,49.811884997834525],[8.67059551436131,49.811763156113074],[8.670698813394312,49.81157226822393],[8.670788414643095,49.81140688014873],[8.670989435288654,49.811357002807554],[8.671041613681947,49.81142009870971],[8.671065827131121,49.811449393192746],[8.671081287079286,49.8114681415551],[8.671275471394072,49.81141230923945],[8.671561064509897,49.81132993789424],[8.671708625747153,49.811287461535215],[8.67222405719965,49.81119809569202],[8.672235626216226,49.81116512578039],[8.672249652980877,49.81112460908226],[8.672425673736994,49.81109354288914],[8.672710909511967,49.81092762698128],[8.672940838878255,49.81092413947914],[8.673227960999819,49.81083511385737],[8.673234255396407,49.81073432520245],[8.673246847135058,49.81053229826757],[8.673252252036356,49.810444456360685],[8.673378806819466,49.810201924486854],[8.6732948389043,49.8101109530595],[8.673319654649946,49.80976139290616],[8.673322448293849,49.809720934331985],[8.673825525695213,49.80953989250978],[8.674098604572618,49.809441472948684],[8.674197632962233,49.80940596104153],[8.674147160597713,49.809378661663786],[8.67429029862097,49.809259732944426],[8.674338323585927,49.809105196127696],[8.674532885925057,49.808939740279726],[8.674881000547702,49.808879298250275],[8.675135269135493,49.80881652387665],[8.675164403651065,49.80879565290677],[8.675373757895459,49.80864552442615],[8.67539667365591,49.808629132251575],[8.675496071257252,49.80846943321054],[8.675577162943751,49.808339358241525],[8.675585969369452,49.80832490489318],[8.675634540456768,49.808310832617046],[8.675707458688555,49.80827191909589],[8.675779507327373,49.80824307474766],[8.675849594460043,49.80821620322867],[8.67593114216505,49.80818927378784],[8.676000302729223,49.808163838394144],[8.676066814789841,49.80815745975451],[8.676338765639446,49.80812323852859],[8.676645699141273,49.808084617998006],[8.676766935206434,49.8080693990769],[8.676810866476401,49.80801196929446],[8.676949824687906,49.80783070726782],[8.677005776194687,49.807757933658934],[8.677555220589218,49.8075097405724],[8.677393223424447,49.807261005531494],[8.677303245151977,49.807211835579444],[8.67718260881878,49.80713722118285],[8.677145750954049,49.80711346811394],[8.677056549404227,49.80693040109538],[8.676962600673667,49.80673751889266],[8.676940556465475,49.80669204507848],[8.676805280356158,49.80638960821545],[8.676746023923961,49.806253295764876],[8.676727401243733,49.806210349362864],[8.676716792126332,49.806185860036635],[8.676572153665285,49.805741044694685],[8.676557328533672,49.8056957707959],[8.676492754417302,49.8054978443888],[8.676485116628818,49.80547462228915],[8.675932409283003,49.805218588953544],[8.675916871995144,49.80521144139219],[8.67586135069327,49.805185657353505],[8.67542128490154,49.80498281274572],[8.675344171023843,49.804947256028214],[8.675150544902126,49.80495849370933],[8.67483929821037,49.80497659516828],[8.67477704896513,49.804980197374924],[8.673811151156674,49.805249507556624],[8.673751831968593,49.8052604014257],[8.67365706041751,49.80527758015344],[8.67282466460891,49.80544348391384],[8.67164378145946,49.8056761987213],[8.671416233166134,49.80572096619168],[8.67130628032626,49.80581363737971],[8.67106989303688,49.80601269126534],[8.671058828516697,49.80602201211445],[8.670738070177507,49.806292316594664],[8.670676212480302,49.80633926180199],[8.670557308211887,49.80639962358235],[8.670318463145145,49.80652097330589],[8.66946668589588,49.806953426889024],[8.668769359684765,49.80664919646681],[8.66827024232703,49.80645361977722],[8.667791586883087,49.806266102952236],[8.667513983107572,49.80615586755247],[8.666638551589664,49.80580812876471],[8.664928825987928,49.80516823424775],[8.6649017369125,49.805158084267546],[8.664744393542131,49.80509225336541],[8.664481811348484,49.804982593674715],[8.66446295761136,49.80497471557069],[8.66348418307251,49.80453097283748],[8.66336533999536,49.804416602120035],[8.663191062783335,49.80424856449441],[8.663072221086276,49.80413419347366],[8.66278992293574,49.80386170736441],[8.662518422685027,49.80360238112637],[8.662343001675973,49.8034348784196],[8.66223269493803,49.803329613866026],[8.662147205039826,49.80324798204964],[8.662114192746294,49.80321650178826],[8.662058829514297,49.80320231197853],[8.661713612795099,49.80311353748697],[8.66142330181639,49.80303895076847],[8.66121649287437,49.80298582987821],[8.660933275943188,49.80291297125219],[8.660648935222811,49.80277149543343],[8.660401023044574,49.802648200702514],[8.660311838080704,49.80260396572949],[8.659931122936026,49.802414634994136],[8.65988670816237,49.80237538703354],[8.659701643911019,49.80221234826045],[8.659639234594117,49.802157400313845],[8.659376276137312,49.80192560893064],[8.659156575238564,49.801734860310404],[8.658969790789168,49.80157271454328],[8.658943596128854,49.80154988628513],[8.65886671842603,49.80148320500878],[8.65883243765625,49.80145333872704],[8.658750663474208,49.80138232652947],[8.658761289724014,49.801354031256224],[8.658770863216601,49.80132879035241],[8.658775419211022,49.80131639403476],[8.658843492399454,49.80113575407043],[8.658810154685215,49.80106956061476],[8.658712962414345,49.800877283284436],[8.65860503478527,49.80066375179937],[8.658339147820353,49.80031261808167],[8.658245446430294,49.800178352643044],[8.65811692121904,49.799993985757766],[8.658063037990788,49.799916760536114],[8.65789251446377,49.79962741619585],[8.657818906618413,49.799455081243075],[8.657735834369733,49.79926005702894],[8.657630214155931,49.7990128991981],[8.657702399483913,49.798996745962285],[8.657714908200607,49.79899399521279],[8.658010531307374,49.7989283229891],[8.65802292604404,49.79892548194437],[8.657852782637663,49.79876158487712],[8.657678429533757,49.79859362846616],[8.657118275714891,49.79805421717511],[8.65705781583507,49.797983986199384],[8.656906332384699,49.79780710370772],[8.656833262626485,49.79772163784385],[8.656802807421698,49.79768602702516],[8.656740304533631,49.797613181984424],[8.65669006968722,49.79762022723391],[8.656559554495177,49.79763800550953],[8.656547397421875,49.79763967806899],[8.656455531575116,49.79765226514831],[8.6563555219164,49.79766608696586],[8.65623188737477,49.7976829860186],[8.656203185136125,49.797561681091565],[8.656150006293817,49.79733724872921],[8.655588379598402,49.79739762971263],[8.655280046700685,49.79743070487612],[8.654773457335297,49.797485130663354],[8.654648093495403,49.797229638045636],[8.654616130097626,49.797164706386496],[8.654521372077504,49.79697189309118],[8.654492119754867,49.7969124549424],[8.654420748086112,49.796927259723965],[8.654392865085812,49.79693302174322],[8.654369572067031,49.79693780826266],[8.654041527334817,49.79700400391339],[8.65374308540474,49.79706417214115],[8.653216650037034,49.797170418937306],[8.653123768299485,49.79703651142296],[8.653020903549164,49.79688872538809],[8.652925307193511,49.79675004351882],[8.652797959519715,49.79656531442449],[8.652714610281901,49.79644456427412],[8.652708597748893,49.79643618316809],[8.6526166308828,49.79630290744929],[8.652526212929505,49.79633752754747],[8.652214174290624,49.79645673224694],[8.651945102300205,49.79655960875661],[8.651690849724616,49.79665686386398],[8.65165718694873,49.79666971198262],[8.65132423216297,49.796717360497894],[8.651019031887124,49.79676113490778],[8.650864997762008,49.796783242305466],[8.650842456828016,49.79673119735399],[8.650758039769208,49.79653652366952],[8.65074981242532,49.796517524556855],[8.650713972740132,49.7964347748417],[8.650680385809526,49.796357427445564],[8.650634628989252,49.7962517167605],[8.65060250715786,49.79617779093197],[8.650566554694167,49.79609486097454],[8.650517981324057,49.79598257717029],[8.650433567500478,49.79578781330609],[8.65042162041932,49.79576034993203],[8.650382174498638,49.795669405986004],[8.650199533914487,49.79568683998593],[8.649890317655764,49.79571630111895],[8.648758814470423,49.79582411532918],[8.648449595832066,49.79585366253724],[8.648154364923132,49.79588181257757],[8.647989379101531,49.7958975881061],[8.64796729393912,49.79598861574957],[8.647918983606864,49.79618855365476],[8.647805958711709,49.7966542051339],[8.647548829507885,49.79769907918428],[8.647358787272498,49.79849785027458],[8.647265887271939,49.79888883407124],[8.64713050562262,49.79946493525092],[8.64699476456137,49.80004274371012],[8.64676190790341,49.80102240336582],[8.64667474628415,49.801395059191776],[8.646468666876086,49.80228352519142],[8.646266011082966,49.8031414264454],[8.646184071778976,49.80348828907046],[8.646141739989837,49.80366774120855],[8.645916488997651,49.80462107361371],[8.645747513447791,49.805336454601786],[8.645654711543699,49.805726088084064],[8.645606363411844,49.80592854250499],[8.645542167961189,49.80619821273628],[8.645438721305128,49.80663268627502],[8.645431760090835,49.8066757393084],[8.645408699990144,49.80682044886191],[8.645394371706221,49.80700915870678],[8.64539812176261,49.80707625462318],[8.64540479774385,49.8071977644329],[8.645429206157289,49.807386233078674],[8.64545358131595,49.807516519800934],[8.645485902989321,49.80768855626214],[8.645531461982234,49.80793113479756],[8.645704422323455,49.80890106059788],[8.64577158433444,49.80927742422985],[8.6458407137843,49.80966701285584],[8.645938500782904,49.81021306936815],[8.645597794162606,49.81021013960586],[8.645268880720288,49.810208773670844],[8.644818030330311,49.81020667347988],[8.644779536250343,49.810204756996],[8.644746103217145,49.81020033809915],[8.644717866244493,49.81019062951771],[8.644695065080471,49.81017419318281],[8.644678150906657,49.810152019661096],[8.644675321935727,49.81013141805332],[8.644616537621447,49.810130158711345],[8.644611919892064,49.8101503777847],[8.64459996020863,49.81017156352453],[8.644578933561599,49.8101945199679],[8.644552766795654,49.81021512258102],[8.644514017831204,49.810232359354124],[8.64446486152276,49.810246596648135],[8.644397205715306,49.810251694689306],[8.643468762367592,49.810252709112845],[8.643887109724949,49.81112339474726],[8.644016815876721,49.81139338974621],[8.64404571423427,49.811453638635825],[8.644256079925475,49.811899505455855],[8.64431018207126,49.812023858552394],[8.644358311668197,49.812134344775046],[8.644425892874171,49.81223364997215],[8.644477421748602,49.812286953986074],[8.644553492423007,49.8123539119865],[8.644731686183256,49.812279550441055],[8.644790872124748,49.81225761018774],[8.644869938785213,49.81222844686094],[8.644927147949446,49.812210367275085],[8.645020198790036,49.8121809769104],[8.645090784276091,49.81216743448419],[8.64513726819752,49.812158404421574],[8.645254358772005,49.812148601292826],[8.645713582437844,49.812120870117575],[8.645942906898018,49.812107092895296],[8.646202960960405,49.812091430668445],[8.646499822134757,49.812073452139686],[8.64656334516527,49.8120695992242],[8.64668494629777,49.81206988005516],[8.646775878027324,49.812079509464915],[8.646887627593227,49.81211060448644],[8.647558432343269,49.81234995951497],[8.647568717856787,49.8123540374364],[8.647850890651464,49.812465053786525],[8.64810654196879,49.81259838035961],[8.64837290676051,49.81277184561108],[8.648404598584484,49.81279541229291],[8.648623707815661,49.81295812239661],[8.648712810040944,49.81304660933748],[8.648726238536772,49.81305986907516],[8.648786127547137,49.81316238570661],[8.648830681547446,49.81337258649958],[8.648844202944064,49.81343638459122],[8.64886131205676,49.813527081250676],[8.64886208051345,49.81353175970065],[8.648908984387539,49.81378162467724],[8.649015810149946,49.814351625705925],[8.649036882803095,49.81446490560388],[8.649048253092365,49.814525100129266],[8.649068607490959,49.81469017487455],[8.64907772022147,49.8148248207903],[8.649073026220563,49.81495088198655],[8.649034336887384,49.81522899401071],[8.64902861951448,49.81527465879735],[8.648998455952198,49.81551493802281],[8.64899718554618,49.81553210992472],[8.64899285601196,49.81559189719606],[8.649006780110643,49.81566351997178],[8.649009851816691,49.81571424719161],[8.648994084311036,49.815818243112034],[8.648978823294263,49.8161374319987],[8.648944447372276,49.816468702896735],[8.648879758983009,49.81709222930843],[8.648854300157392,49.817220655525084],[8.648825321676696,49.81732856808713],[8.64878654675374,49.817427997971485],[8.648732263925895,49.81756371068754],[8.648597072259928,49.81782372471773],[8.64840572951247,49.81819210815679],[8.648595099762545,49.81823854437845],[8.649056660774933,49.81835495735363],[8.649410323887889,49.818428777256315],[8.64981333999018,49.81850984930166],[8.650538469827783,49.81865322066451],[8.651054133355807,49.81875513094944],[8.651284551957865,49.81880060723757],[8.651700061385142,49.81888269947752],[8.652426919235028,49.81902642390084],[8.653038051905238,49.81914776568988],[8.65333360405071,49.819206382102955],[8.653530714988467,49.81924554944531],[8.653607407430199,49.81926079620058],[8.654042490006656,49.81934797434184],[8.654289620278204,49.81939763109114],[8.65454350571801,49.81944847647573],[8.655214150360315,49.819584731884156],[8.655478899893772,49.81963947432196],[8.65563872750093,49.819667016805674],[8.655795492883973,49.819689963783965],[8.655987568779645,49.81971229595546],[8.656055612242042,49.81971888258755],[8.656228471084834,49.81973549203785],[8.656347172984265,49.81974321791637],[8.656460969494038,49.819747601897596],[8.656759657127274,49.8197529830713],[8.657908036915767,49.819750622934805],[8.659303034917988,49.819741243021156],[8.659576906088196,49.81973836078292],[8.659741373334793,49.819742170952566],[8.659850790991486,49.81974986598685],[8.659953737858334,49.81976491580898],[8.660044752169501,49.81978154919725],[8.66013128472402,49.819799788027765],[8.660217081087987,49.81982494888383],[8.66030456736923,49.81985434111825],[8.660415691110474,49.819896751785905],[8.66051520552352,49.819943714534276],[8.66078758069307,49.82008938164891],[8.661225399720395,49.82032932388347],[8.661360953455114,49.82040291919342],[8.661452351222346,49.820446979807755],[8.661548130790646,49.82048736620768],[8.661663099415843,49.82052124399711],[8.66178693479387,49.82054939232691],[8.661887358981485,49.82056488269289],[8.661994113546111,49.82057670449566],[8.66209152364662,49.820580585532554],[8.662193457535075,49.820576836022504],[8.662302876754666,49.820568162340834],[8.662492740078173,49.82054695343689],[8.662895427730087,49.82049947573698],[8.663289735428107,49.82045359094992],[8.663412024474734,49.82044036741792],[8.663580986890604,49.8204244915518],[8.663675111840728,49.820422696429596],[8.663769414320457,49.82042836554499],[8.663880614676103,49.82044379551848],[8.664012007975042,49.820473222341555],[8.664272062128465,49.82054600604484],[8.66492481245442,49.820739885403036],[8.665758775941743,49.82180287197942],[8.66604849072659,49.8219646732851],[8.666428782227447,49.82214130245854],[8.666860302194994,49.82257076758901],[8.667354410078504,49.82283476841118],[8.66764499362429,49.82298856483457],[8.667973660461287,49.823038695893075],[8.668100589828283,49.823051738878945],[8.668905855540313,49.82334674857904],[8.669199148868302,49.823390120638926],[8.669621656106377,49.823397530535765],[8.669889610013373,49.823424821927304],[8.672157668500033,49.82345167223697],[8.672200862518993,49.823217808949124],[8.672197476902948,49.82315898827145],[8.672185773741841,49.82295689316845],[8.672160337519127,49.822513849490676],[8.672168310479192,49.82250451981605],[8.67230049618527,49.822350312114715],[8.6723386266027,49.82230581698977],[8.67243717679774,49.82226032358936],[8.67269188636384,49.822143061208166],[8.67280584527687,49.822090416984665],[8.673431616869939,49.82173625762853],[8.673482709158113,49.821707355711986],[8.67380658774551,49.82163380953001],[8.674101647406744,49.82156692581021],[8.6742404519209,49.821535392539296]]]]}},{"type":"Feature","properties":{"plr_id":"0750","gid":"0750","kiez":"Kirchtannensiedlung","plr_name":"Kirchtannensiedlung","bez":"07 - Eberstadt","bzr_name":null,"pgr_name":null,"st":"07"},"geometry":{"type":"MultiPolygon","coordinates":[[[[8.647272771274512,49.797799225820896],[8.647253039560551,49.79784988383924],[8.647099405189712,49.798241941627026],[8.647011964109032,49.798464960736965],[8.646676594276254,49.7989681519021],[8.64655484034856,49.799150779336216],[8.646028653626775,49.799610581863135],[8.645717207886173,49.79981618938305],[8.64549833093795,49.79996066004668],[8.645355214834847,49.80005500380148],[8.644963191280164,49.8002319461784],[8.644946061450673,49.800239717229864],[8.644734874754816,49.80033484083312],[8.644610828534868,49.80039084387719],[8.644216171640316,49.800519845286],[8.644162417427845,49.800537395600024],[8.643883536163099,49.80062871275467],[8.643829666468502,49.800646352485],[8.643750803267162,49.800665893727775],[8.643684451921454,49.8006824159143],[8.64357275729464,49.80071012924776],[8.643487350799331,49.800731268848494],[8.643443040066629,49.80074228330777],[8.643386790932418,49.8007562285608],[8.643347416453262,49.80076599921398],[8.642723735289076,49.800920908489246],[8.641941078549367,49.80109690550065],[8.641645872403622,49.80116343728378],[8.641494597706226,49.8011973210149],[8.641467384954382,49.8012048805093],[8.640403556194077,49.801500227503816],[8.640318083651026,49.80151444029076],[8.64029674365391,49.80151806100921],[8.639961161747467,49.80157403180524],[8.639834067373164,49.80153002297286],[8.640026388744852,49.80183313027776],[8.63969147811814,49.80192183530103],[8.639401803112696,49.80199854015596],[8.639611463491446,49.80243560130452],[8.639634935045208,49.80248450389479],[8.639693982922092,49.80260338928468],[8.639700979198157,49.80261797898329],[8.639795344770132,49.80281089295563],[8.639843429193657,49.80290942100107],[8.639855619209563,49.80293445819912],[8.639864988570428,49.802953551541236],[8.639678947120883,49.80297725318983],[8.63927308331285,49.80303687025834],[8.639188078785129,49.80304937508112],[8.637934936288733,49.803231073352386],[8.637341482339409,49.80332139156432],[8.63704997538462,49.803365621659935],[8.636645817748205,49.80341075685144],[8.63647458929668,49.8034299135927],[8.636436503395075,49.80343545943531],[8.636316164346496,49.803453156911715],[8.636199611360777,49.8034702366688],[8.635967193353112,49.80350430806674],[8.635740970251062,49.80353740928795],[8.635662388361,49.80354894252996],[8.635318808446268,49.80359920942479],[8.635233458162656,49.803611710259524],[8.635141109782763,49.80362526810745],[8.634985437089266,49.80364806864435],[8.634828960772492,49.803671046291264],[8.63468062962847,49.80369279044383],[8.634538034593524,49.803713653238994],[8.634462320258374,49.803724745081986],[8.633401512473442,49.803880202989184],[8.631952485131126,49.804092420977966],[8.629522458964233,49.80444833757632],[8.627789915364735,49.80470222160919],[8.628345236794214,49.80542116029337],[8.628886277265392,49.806121525816984],[8.629020632845275,49.80629533245309],[8.629732931072027,49.807217638666835],[8.630022646960985,49.80759274408299],[8.630042052780023,49.80761780533112],[8.629096619764855,49.80825901010532],[8.628788919911969,49.8084676413944],[8.628676718354425,49.808543179116505],[8.628490783674492,49.808669198401056],[8.628443665417368,49.80870124069403],[8.628285726418564,49.80880792548099],[8.628157614589176,49.80889564153981],[8.627996307457328,49.80900798043178],[8.627783495915628,49.809156213833504],[8.627379646234123,49.80943746212333],[8.627224207843165,49.80956114941677],[8.626901788819486,49.80981882765069],[8.626854624152415,49.80985662437672],[8.626658237850453,49.810014080980295],[8.62661118809976,49.810051788050984],[8.626366830480986,49.810247307940266],[8.62611981741513,49.81040046383018],[8.625480106641458,49.810797487804784],[8.625417575060423,49.81083622346408],[8.625191860283374,49.810976227150995],[8.625129442848621,49.81101496302318],[8.625047102498177,49.81106604412836],[8.625034205416329,49.81107391584743],[8.624810907688044,49.81121230794956],[8.624670370880603,49.81130447618086],[8.624648254327775,49.81131888256122],[8.624428579367805,49.81146277111051],[8.624406577278698,49.8114771778154],[8.624375014719973,49.81149775839054],[8.62415499431619,49.81164164529874],[8.624123545455456,49.81166231609921],[8.624729838239531,49.81164737479294],[8.625223102176877,49.81163530219577],[8.626607818503865,49.81154750801891],[8.627245192082441,49.811514578661026],[8.628080125223828,49.81154513784393],[8.628202741143616,49.811547419684935],[8.628926285045955,49.811561518729135],[8.630637743300541,49.81159468266095],[8.632002665444462,49.811818442654676],[8.632538263375006,49.81192184771326],[8.633137134053662,49.81205494614266],[8.633264552179797,49.811785932683414],[8.633766898096825,49.81178527299662],[8.635091131568617,49.81176795768537],[8.635387325315591,49.811747577528166],[8.635660186190266,49.8117666005491],[8.636393617598564,49.811884368114114],[8.638312359126088,49.812403036804795],[8.638759274639943,49.8124899497228],[8.639050040462088,49.81259876616049],[8.6391897176166,49.8124494751963],[8.639278366792752,49.812349754032034],[8.639383543092778,49.812231469653426],[8.639739289846585,49.81183132859419],[8.639823074143676,49.81176909080036],[8.639926451727305,49.8116920761173],[8.64006888121306,49.81169638531776],[8.640263218313851,49.81170220434998],[8.64043807603577,49.81170742307354],[8.640915897849071,49.81172176379386],[8.640996909371484,49.811724262893115],[8.641219091901156,49.811730796048806],[8.641301141577394,49.81173239889449],[8.641591423024455,49.811689683072075],[8.641941251325099,49.81163824787965],[8.641986093657264,49.8116342498343],[8.642295854605738,49.81160750922459],[8.642291426690441,49.811586273149906],[8.642510451390729,49.81157022279378],[8.64268384473414,49.81155636941503],[8.642772627479172,49.811546301667],[8.642880195174039,49.81152217343664],[8.643039652841052,49.811486334772844],[8.643160238163922,49.81143751687288],[8.643362751064467,49.81159398102588],[8.643444715387627,49.81157597834152],[8.64353115068563,49.81155780949955],[8.643611149381293,49.81154213871383],[8.643920583891074,49.81148158078606],[8.64404571423427,49.811453638635825],[8.644016815876721,49.81139338974621],[8.643887109724949,49.81112339474726],[8.643468762367592,49.810252709112845],[8.644397205715306,49.810251694689306],[8.64446486152276,49.810246596648135],[8.644514017831204,49.810232359354124],[8.644552766795654,49.81021512258102],[8.644578933561599,49.8101945199679],[8.64459996020863,49.81017156352453],[8.644611919892064,49.8101503777847],[8.644616537621447,49.810130158711345],[8.644675321935727,49.81013141805332],[8.644678150906657,49.810152019661096],[8.644695065080471,49.81017419318281],[8.644717866244493,49.81019062951771],[8.644746103217145,49.81020033809915],[8.644779536250343,49.810204756996],[8.644818030330311,49.81020667347988],[8.645268880720288,49.810208773670844],[8.645597794162606,49.81021013960586],[8.645938500782904,49.81021306936815],[8.6458407137843,49.80966701285584],[8.64577158433444,49.80927742422985],[8.645704422323455,49.80890106059788],[8.645531461982234,49.80793113479756],[8.645485902989321,49.80768855626214],[8.64545358131595,49.807516519800934],[8.645429206157289,49.807386233078674],[8.64540479774385,49.8071977644329],[8.64539812176261,49.80707625462318],[8.645394371706221,49.80700915870678],[8.645408699990144,49.80682044886191],[8.645431760090835,49.8066757393084],[8.645438721305128,49.80663268627502],[8.645542167961189,49.80619821273628],[8.645606363411844,49.80592854250499],[8.645654711543699,49.805726088084064],[8.645747513447791,49.805336454601786],[8.645916488997651,49.80462107361371],[8.646141739989837,49.80366774120855],[8.646184071778976,49.80348828907046],[8.646266011082966,49.8031414264454],[8.646468666876086,49.80228352519142],[8.64667474628415,49.801395059191776],[8.64676190790341,49.80102240336582],[8.64699476456137,49.80004274371012],[8.64713050562262,49.79946493525092],[8.647265887271939,49.79888883407124],[8.647358787272498,49.79849785027458],[8.647548829507885,49.79769907918428],[8.647805958711709,49.7966542051339],[8.647918983606864,49.79618855365476],[8.64796729393912,49.79598861574957],[8.647989379101531,49.7958975881061],[8.647777226160711,49.79587662029617],[8.647596511184334,49.79663891053859],[8.647520524011046,49.79700521652666],[8.647445883828492,49.797312085670114],[8.647434912397618,49.79735557631912],[8.647410058094167,49.79744902340369],[8.647272771274512,49.797799225820896]]]]}},{"type":"Feature","properties":{"plr_id":"0810","gid":"0810","kiez":"Wixhausen-West","plr_name":"Wixhausen-West","bez":"08 - Wixhausen","bzr_name":null,"pgr_name":null,"st":"08"},"geometry":{"type":"MultiPolygon","coordinates":[[[[8.648152431277982,49.93244567270745],[8.648122256078109,49.93225044700783],[8.648043110435417,49.9317115646185],[8.647979117564665,49.93123783279542],[8.647734262037492,49.92947458669506],[8.647665278555515,49.92900857278488],[8.647568158958565,49.928352104963864],[8.647561809062065,49.92830910216938],[8.647520003990717,49.92803938405283],[8.647452309460013,49.92760196953485],[8.64741533017938,49.9273638292178],[8.647409916748144,49.927334227878745],[8.64737345405551,49.927135565593154],[8.647286077921377,49.92665627656267],[8.647141681676862,49.9256946432103],[8.647114722028583,49.92550068572807],[8.647106214511497,49.92543861250093],[8.647037234163264,49.92494229360738],[8.646895937742899,49.92395081441833],[8.646748731493973,49.92295140359451],[8.646495866535732,49.92297068612859],[8.645437480919393,49.9230709575489],[8.645084340572394,49.923104318204444],[8.644720853298491,49.92313872517436],[8.644591069158881,49.92315100677912],[8.64416297651739,49.92319150866575],[8.644087795611632,49.92319865172354],[8.643751665831163,49.92323053181887],[8.642782361180384,49.92332215015756],[8.642139756301424,49.92338311575464],[8.641758447571164,49.923419077078776],[8.641519338327312,49.923441718431036],[8.641423809440857,49.923450775188925],[8.641095724655251,49.92348168330007],[8.640965594743163,49.9234938698549],[8.639776253852068,49.92360600370529],[8.639678080891835,49.92361523066067],[8.63962301628506,49.923620454997945],[8.638191224235507,49.92375537900471],[8.637776457825789,49.92379437019121],[8.637709208770827,49.923800544726326],[8.637702522929203,49.92375763022417],[8.63764141909029,49.92337310531404],[8.637623762424479,49.923261274947365],[8.637581083907554,49.922993438629085],[8.637568256026608,49.92291174778832],[8.637561460276418,49.92286820346158],[8.637558862200082,49.92283168630393],[8.63743580934761,49.9228500058292],[8.636967403156111,49.92291967026808],[8.636468750496565,49.92299373420025],[8.636316600388696,49.92301645751755],[8.636274049715666,49.92302270866622],[8.635942149892534,49.923072024603286],[8.63556528215717,49.9231281224272],[8.634918844402783,49.92322419616074],[8.634731042283295,49.92325211066754],[8.634572220470027,49.92327579984565],[8.633873806571614,49.923378268410204],[8.633009772520976,49.923506556476156],[8.632650724579431,49.92355991358061],[8.632342739121054,49.92360560808895],[8.632159304032648,49.923632902809516],[8.631818540349014,49.9236835276913],[8.631672942615937,49.923705096709845],[8.63152446880091,49.92372719595058],[8.631452710195628,49.923737129328295],[8.631451610733203,49.92370052687352],[8.631432700643245,49.92307693555233],[8.631429421539101,49.922964610370435],[8.631416921880957,49.92255496795629],[8.6314159291113,49.9225194449178],[8.631414738138975,49.9224797847564],[8.631305023978292,49.922496161846766],[8.629737634032619,49.92272847733389],[8.629567887046548,49.922753653486474],[8.628377928771748,49.9229300539058],[8.628214391061237,49.92295425881222],[8.627010856274234,49.92313213038979],[8.626841107165568,49.92315721262166],[8.626584183297833,49.923195142830984],[8.626522195578332,49.923204205380344],[8.626372802700688,49.92322620514523],[8.62631863456541,49.92323421369132],[8.626269753323356,49.92324187955365],[8.626298564931009,49.92331903704855],[8.626371333579549,49.92347573882316],[8.626461161602297,49.923669633999836],[8.626559464866784,49.92388181090922],[8.62657969179624,49.92392530920347],[8.62661630532823,49.92400384058521],[8.627191697530623,49.92524367156553],[8.627169520182022,49.92527417434148],[8.627146420318851,49.925305123765966],[8.626269907890151,49.925554718529575],[8.62610480574468,49.925601666118965],[8.626043669175832,49.92561909406134],[8.625916328046735,49.92565564205386],[8.62545981694075,49.92578572712567],[8.625389354542177,49.92580573239425],[8.625018159714024,49.925911092468596],[8.624641435815114,49.926018142011],[8.624495098417707,49.92605966268983],[8.62429499128467,49.92611656581902],[8.624114918138554,49.92616768849173],[8.624067276974642,49.92617796523164],[8.624081923038089,49.92625939366188],[8.62438699997751,49.92744863385568],[8.624374997137968,49.927500031334645],[8.624362887077188,49.92755043930412],[8.624179653491595,49.9277857155468],[8.623999788219223,49.92801605660922],[8.624034810826092,49.92872728658633],[8.624063343861978,49.92931287207418],[8.62406544243908,49.929353254600855],[8.624120824591959,49.93049006907732],[8.623663007831945,49.93050099395534],[8.623665059851335,49.930532563812996],[8.623667026392157,49.930560356600026],[8.6236733505777,49.930648232519786],[8.62372862455318,49.93064688314832],[8.623730486046083,49.9306734166619],[8.62376205883735,49.931119090715555],[8.623771184316233,49.93124564287083],[8.623784004936727,49.93142885889605],[8.623805130162882,49.931726035085426],[8.623808551331603,49.93177361577986],[8.623856396581395,49.93244639963121],[8.623914594335865,49.93248300741676],[8.626744898042908,49.93253729183344],[8.626914576391545,49.93254053546114],[8.62898656005767,49.932580273679626],[8.629011443567368,49.93257172060789],[8.629014885795295,49.93261723296142],[8.629041495772622,49.93295255325417],[8.629122485878419,49.93328364116344],[8.6292070363931,49.93354019372395],[8.629280048221256,49.93374329472155],[8.629378102464388,49.93385736141783],[8.629433057511667,49.93400294343932],[8.629820517870709,49.934286001184375],[8.629852524885132,49.93430759506677],[8.630068913031254,49.934453961610174],[8.630100918891232,49.93447573526665],[8.630276616911912,49.93457916802411],[8.63052781049432,49.93472717334401],[8.630707936187795,49.93488295506106],[8.63079541120238,49.934968750848924],[8.630962334346027,49.935002913480886],[8.631035939087221,49.93506942131095],[8.631218413358452,49.93523402220304],[8.63131142026408,49.93531785686529],[8.631487763491997,49.9355182274106],[8.631613632138805,49.93570782640075],[8.631738023106482,49.93594067378184],[8.63180519135974,49.9361283776131],[8.63181690859391,49.936189113199575],[8.63185605587052,49.936389856879075],[8.631888334247929,49.936557127182915],[8.631936439370318,49.93692452755683],[8.631945585723866,49.937006027299006],[8.63195922183034,49.93713169373808],[8.631777186647456,49.93714946038609],[8.631615390480702,49.9371652227887],[8.631384900805921,49.938217405018214],[8.631359764674084,49.93833404585075],[8.63129033019708,49.93865395284147],[8.631246857926312,49.93885434405781],[8.63116384163077,49.93923715421389],[8.631162774485846,49.93924146714832],[8.631156100602178,49.9392727393027],[8.630390036413127,49.93917435235891],[8.63005941140108,49.93913193352435],[8.62975209167731,49.93909246569257],[8.629388176308982,49.93904571226899],[8.629328940005026,49.93903805933182],[8.62894780486546,49.938989181254236],[8.628191964246644,49.93889243110751],[8.627884302176636,49.93885304714853],[8.627228800832638,49.938769022024864],[8.62720252641808,49.93932970056731],[8.62719303708896,49.939531908020776],[8.62715235388467,49.94039603193875],[8.627072563238329,49.94212797127742],[8.627723054283372,49.94219696389535],[8.62803239619703,49.94222987913771],[8.628798749424533,49.942311286952695],[8.628806323612105,49.94235753184612],[8.628869993042024,49.942746025033635],[8.628886130378422,49.94284445291458],[8.628944424168743,49.94319983700276],[8.628950459509786,49.94323699468947],[8.628955072729596,49.94326479578893],[8.62896110808668,49.94330195347469],[8.629031254395551,49.94373030330588],[8.629047393069062,49.94382864122791],[8.629099546982642,49.94414578808479],[8.629129654461009,49.94417609862229],[8.630045879177022,49.943795411134836],[8.630174774259585,49.94374186810777],[8.630729896697664,49.94351118462053],[8.631331826689847,49.94353135378017],[8.631945091309971,49.9436627910614],[8.632090577635731,49.94369391649466],[8.632709239505658,49.94382644592817],[8.632801374449656,49.94384607116941],[8.632820419972987,49.94385026793712],[8.632860004325709,49.94385875611308],[8.632890383237415,49.94385363670486],[8.632968401807853,49.943840485009844],[8.633248839758917,49.944533782346305],[8.63329877168231,49.94452665641394],[8.633310507490128,49.94452489504632],[8.633353421580036,49.94451873606251],[8.633407956536912,49.94451081532208],[8.63371295850187,49.94446681715206],[8.634127603313015,49.94440706777954],[8.634520502906435,49.94435039573085],[8.634574806278849,49.944342653559076],[8.635978997595515,49.944140065090465],[8.636208752557664,49.94410688476922],[8.63671416477969,49.94403410212452],[8.63698315238085,49.94399501826835],[8.637308053652895,49.94394783567962],[8.637364427424293,49.94393973898221],[8.63743702336376,49.94392926503204],[8.638516176931367,49.94377391830143],[8.63882220529441,49.943729730051324],[8.639542862592473,49.94362604198814],[8.639598660343264,49.943618032338485],[8.639820550157122,49.94359093521887],[8.639879214812213,49.943583743647146],[8.640079683827713,49.94357807122183],[8.640384180994934,49.94356939384894],[8.640554618398689,49.94353772954879],[8.640725809237205,49.94369832358822],[8.640903275777632,49.9438651415133],[8.640981795178755,49.94393894191604],[8.641026990145535,49.94398134579316],[8.641227799084685,49.944069372622884],[8.642094779174235,49.94417959935672],[8.642565414881636,49.94423932093111],[8.643018598799362,49.9442969186482],[8.643092886001874,49.944306319435384],[8.643144209282692,49.944312861903605],[8.643456972701406,49.94435258067984],[8.64376456974974,49.94439165328169],[8.644011657216408,49.94442316566002],[8.644574841063305,49.94449467326288],[8.644687248320304,49.9445089557673],[8.64499496296,49.94454793554029],[8.645092098877718,49.944560372444826],[8.645146867761637,49.944567284262135],[8.645164355945285,49.94453334671939],[8.64519583236804,49.94447256486785],[8.645294698871554,49.9442806110243],[8.645342263359602,49.94418867490778],[8.646052184905175,49.944153255372086],[8.646122362176824,49.94422172134792],[8.646168577132352,49.94426673410554],[8.64621799288272,49.94428271135089],[8.64691807026797,49.94450929324993],[8.647198401472492,49.94459997968959],[8.648993349074072,49.94518057512575],[8.649273573164688,49.9452712562086],[8.649492570451008,49.94534214832192],[8.649589571503435,49.94537355487964],[8.649648621077963,49.945392617155456],[8.64997029261306,49.94539421774788],[8.649698790011426,49.94340330369458],[8.649650754588524,49.942975123213174],[8.649578866912043,49.942334021897274],[8.649493087095896,49.94177057232676],[8.649332931603826,49.94071987246017],[8.649281712519677,49.94031946834334],[8.649111710154433,49.93921766159663],[8.649052574059017,49.93884771737866],[8.648960897839176,49.938259250495854],[8.648900831991547,49.937843622191345],[8.64881070974817,49.937041861247565],[8.648743880064963,49.9365138079066],[8.648662710229889,49.93588796417657],[8.648508416666377,49.93485787231688],[8.648403490294914,49.93413420933155],[8.648248893686942,49.93306832630795],[8.64824419075396,49.93303566979155],[8.648205006451532,49.93278367504009],[8.648152431277982,49.93244567270745]]]]}},{"type":"Feature","properties":{"plr_id":"0820","gid":"0820","kiez":"Wixhausen-Ost","plr_name":"Wixhausen-Ost","bez":"08 - Wixhausen","bzr_name":null,"pgr_name":null,"st":"08"},"geometry":{"type":"MultiPolygon","coordinates":[[[[8.654707501790352,49.922560643310625],[8.654660231941097,49.922568595703616],[8.654574318458405,49.922582997420875],[8.65443545269179,49.922580695348984],[8.654300757898723,49.922557363393544],[8.65400869763586,49.92243617454387],[8.653955226401841,49.922427831956114],[8.653922066717234,49.922422427513695],[8.653901642890672,49.922419129313774],[8.653856321080406,49.9224117102364],[8.653811916962306,49.922404473727994],[8.653409689703096,49.922460373974445],[8.65298229886307,49.92258103253927],[8.65295812685874,49.9225877944149],[8.652188173713467,49.92280508166076],[8.652115425328235,49.92282563584994],[8.651372169463224,49.92303544416065],[8.651293871555836,49.923076753530566],[8.651234480105595,49.92312468413436],[8.651226955657929,49.92313266471754],[8.650570476173995,49.92381177086583],[8.650434478916825,49.92395245133669],[8.6499977764844,49.924404349727936],[8.64994731245561,49.924456443094726],[8.649879593671095,49.92447997854081],[8.649781701817682,49.924513853988046],[8.649736440985759,49.924529543878094],[8.64938399838269,49.9246715475526],[8.649005397799428,49.92480852519182],[8.647503642730586,49.925352055554654],[8.647265032225395,49.925447098832926],[8.647114722028583,49.92550068572807],[8.647141681676862,49.9256946432103],[8.647286077921377,49.92665627656267],[8.64737345405551,49.927135565593154],[8.647409916748144,49.927334227878745],[8.64741533017938,49.9273638292178],[8.647452309460013,49.92760196953485],[8.647520003990717,49.92803938405283],[8.647561809062065,49.92830910216938],[8.647568158958565,49.928352104963864],[8.647665278555515,49.92900857278488],[8.647734262037492,49.92947458669506],[8.647979117564665,49.93123783279542],[8.648043110435417,49.9317115646185],[8.648122256078109,49.93225044700783],[8.648152431277982,49.93244567270745],[8.648205006451532,49.93278367504009],[8.64824419075396,49.93303566979155],[8.648248893686942,49.93306832630795],[8.648403490294914,49.93413420933155],[8.648508416666377,49.93485787231688],[8.648662710229889,49.93588796417657],[8.648743880064963,49.9365138079066],[8.64881070974817,49.937041861247565],[8.648900831991547,49.937843622191345],[8.648960897839176,49.938259250495854],[8.649052574059017,49.93884771737866],[8.649111710154433,49.93921766159663],[8.649281712519677,49.94031946834334],[8.649332931603826,49.94071987246017],[8.649493087095896,49.94177057232676],[8.649578866912043,49.942334021897274],[8.649650754588524,49.942975123213174],[8.649698790011426,49.94340330369458],[8.64997029261306,49.94539421774788],[8.65029598591126,49.945395919496534],[8.650352068844878,49.945396178485886],[8.650735418937824,49.94533942274653],[8.651040994307067,49.945294121827665],[8.65143078573016,49.94523639401136],[8.651401087035698,49.944908534070315],[8.65138277634866,49.94470669098333],[8.651352537421138,49.9443741533597],[8.653755081160126,49.94459482795755],[8.654268999569192,49.94450275063463],[8.654571181052138,49.94444870773333],[8.654980495878828,49.94437528953705],[8.655019044534438,49.94436848009147],[8.655017101721155,49.94402901355412],[8.65539702652367,49.944095697025155],[8.655699476465658,49.94414857088083],[8.657525664573413,49.94446834920602],[8.65757192191492,49.94447648895172],[8.657639299666574,49.94448828795306],[8.659283235504235,49.94477611724865],[8.659585692739652,49.94482916082567],[8.659908468814477,49.944885590352946],[8.659998345029381,49.944901410572236],[8.66199722945085,49.945251389110254],[8.662086073969068,49.94526702485673],[8.663089545443215,49.9454426865529],[8.66339212662986,49.94549563062794],[8.664493637210862,49.94568847020901],[8.666963688729501,49.94612083575075],[8.667266278456227,49.94617376973084],[8.66814868162498,49.94632826796598],[8.668198653130824,49.94639855111175],[8.668877331239486,49.94735196906366],[8.669593133857994,49.94834280678313],[8.669614879313807,49.94837308294696],[8.669701410901201,49.94849283742832],[8.669815491200833,49.94865151712253],[8.669838944953705,49.94868413611059],[8.670351527350423,49.94939589791909],[8.670605601069525,49.94931937558403],[8.670658001941502,49.949304057568874],[8.6713906695167,49.950325955213366],[8.67216891359521,49.951411372723705],[8.672302251947265,49.95159690142899],[8.672421042630939,49.95177519503438],[8.67244890976982,49.95181852680241],[8.673422714729643,49.95159655429981],[8.674483359983752,49.951466808814956],[8.674791428168115,49.95142927567946],[8.675195322491904,49.95137987044619],[8.677174702636375,49.95117911201199],[8.67716798526781,49.951135120854474],[8.677118649245285,49.95086395489497],[8.677762028327466,49.95082123193544],[8.681459608795953,49.9502208658125],[8.68153255904492,49.950208926477366],[8.682225454005179,49.950097883108896],[8.682577180380544,49.94993851296759],[8.682796553665645,49.94998029790763],[8.682975789384315,49.94979815377933],[8.68310637783828,49.94984787846761],[8.683168741701206,49.94996027303408],[8.683336763749374,49.94994553480774],[8.683525679507117,49.9499872352188],[8.683897740767431,49.94998654115829],[8.683999781157093,49.94990256109691],[8.684088186971632,49.949917369461495],[8.68459379485211,49.949760030805045],[8.684854448871185,49.94948215701623],[8.684887324981236,49.9493406172064],[8.684898912468322,49.94929101104716],[8.684768645783437,49.949103886510535],[8.684888778477951,49.94902975645764],[8.685066146380517,49.949097051126095],[8.685131830974054,49.94882404257814],[8.685344754721536,49.948796834061035],[8.685108933651966,49.94865159752761],[8.685335291606718,49.94853809916127],[8.685426457962828,49.9486404992593],[8.685498993968078,49.948585752831825],[8.685719561991133,49.94856701713889],[8.685734781321031,49.94848900497833],[8.686130989208054,49.948484952095924],[8.686276003485311,49.94854325497026],[8.6864909458175,49.948488083673446],[8.68646666598285,49.948421654679535],[8.68667699387812,49.94833355864921],[8.686963361420036,49.94841220535572],[8.687204956910572,49.948358633355525],[8.687548603160574,49.9483244894367],[8.687537376557948,49.948389833410076],[8.687735450865796,49.94849009169259],[8.687982099175555,49.948615029352105],[8.688264835662643,49.94875822797131],[8.68852113576217,49.948759276166975],[8.688769193031534,49.948648257300874],[8.689036924947985,49.94881946983199],[8.689436483258076,49.94859860966601],[8.689820644529647,49.9485375905044],[8.689879428254722,49.94836842217837],[8.69009947320028,49.948430787541454],[8.690114897027632,49.948301878789934],[8.690268579380312,49.94835336565976],[8.690718873391285,49.94833865072182],[8.691031905717082,49.948328514290274],[8.691529332635218,49.9483122131968],[8.692034716275035,49.94827372004999],[8.692047581412378,49.94816674552476],[8.69220945132858,49.94817814578486],[8.692399583265965,49.948191419232415],[8.6930150871852,49.94827712802952],[8.69326018158352,49.94828676873263],[8.693519065147749,49.94842368675947],[8.693703326101508,49.94871048909217],[8.69391960227713,49.948842617689444],[8.694157896664485,49.94903721066759],[8.694602704899426,49.949072913126585],[8.695112366361307,49.94928620291145],[8.695276176749806,49.949282227112626],[8.695323072556427,49.949281990603886],[8.695360684139796,49.94927768314818],[8.695401516168348,49.94927302444389],[8.695710115417667,49.949237595314095],[8.695784763765552,49.949228978632014],[8.696036137150834,49.94933754549342],[8.696582396472028,49.94943492372552],[8.69682292334362,49.9494774568503],[8.697125333328273,49.94953094185831],[8.697365861724279,49.949573383936624],[8.698017706399142,49.94940269989555],[8.698103426328979,49.9494064300272],[8.698416200942184,49.94942001272877],[8.698529383786681,49.949424893021785],[8.698932786567621,49.94931866231375],[8.699223248728881,49.94924226169269],[8.699417695324723,49.949191149780994],[8.69960853802271,49.94938677756449],[8.699653023943267,49.949681661104265],[8.699586164022866,49.94993489161902],[8.69964898774247,49.949961042114346],[8.699912319845161,49.95007080051799],[8.699993487497224,49.95010446190717],[8.700462309147564,49.94999560744416],[8.700693126115222,49.95002947483212],[8.70080664573704,49.95024000817149],[8.700889400591354,49.950277359877774],[8.701146378384784,49.95039312394075],[8.701223631763805,49.950428033306636],[8.701248762128925,49.95032324756361],[8.701660643476195,49.95024022940992],[8.702015696324763,49.949978566235686],[8.702196054293454,49.9499568183735],[8.702504087741053,49.94991984102631],[8.702771517646042,49.94988770460539],[8.703489430565842,49.95012990667898],[8.703767353207896,49.95022359736016],[8.70401430657757,49.9503069571094],[8.704097336203175,49.950299885159474],[8.704387823940092,49.9502752674561],[8.704626324433832,49.95016230198843],[8.704879117220335,49.95004262815076],[8.70525063881591,49.94986669380425],[8.705600230168686,49.94979968954892],[8.705900685249807,49.949742001609835],[8.706072488795689,49.9497089856303],[8.706304746847945,49.949865410847046],[8.706571564224651,49.9501795584084],[8.706811741218184,49.95028177893143],[8.707128170426904,49.950300562916944],[8.707484998970509,49.950158395455695],[8.707614243660599,49.950035706348935],[8.707803897325457,49.95009193662294],[8.70808889532755,49.9501763726764],[8.708353586754397,49.950254732119625],[8.70842105007961,49.95027477474561],[8.708652125474277,49.950343157449936],[8.708937126448856,49.95042759142098],[8.709276971995088,49.95052825840984],[8.70944999468066,49.95048373031769],[8.710004064367086,49.95068438661246],[8.710277488996367,49.95078326597551],[8.710791193614227,49.95096934003784],[8.71082422012422,49.9510972931519],[8.711010498090094,49.95114271896912],[8.711303745528998,49.95121430863565],[8.711428275865712,49.95124465283979],[8.711704033063906,49.95110784595636],[8.711919712895579,49.95102241521923],[8.71205254785293,49.95100934647767],[8.712362494381427,49.95097909194681],[8.712813785932154,49.950934888821656],[8.712835370986099,49.950938898879194],[8.712900584323021,49.950951199931204],[8.71312607619132,49.95099366201057],[8.713331967869223,49.9508720553187],[8.713645116478547,49.95090241350423],[8.713746915103444,49.95092838278995],[8.7140384241979,49.951002838796065],[8.71456773405213,49.95113794813805],[8.714848571172595,49.951131984517545],[8.714876790601801,49.95110255907881],[8.715041368476635,49.95093031097195],[8.715058832537276,49.95091200954172],[8.715256228235518,49.9510023275187],[8.71548544810786,49.9511147543978],[8.715506791941293,49.951101228345465],[8.715521679544155,49.951091013613855],[8.715769416229778,49.95127983011929],[8.715857539052292,49.95132527736957],[8.716102427299369,49.9514515895691],[8.717069388500073,49.95195014813489],[8.717314398031293,49.952076458053476],[8.718113264896608,49.952488541628604],[8.718956821352387,49.95253186316639],[8.719269377774408,49.95254790693331],[8.720114659445287,49.95259140407073],[8.720297003020626,49.95254463422713],[8.720330377590994,49.95247808163743],[8.720518216066786,49.95239535543065],[8.720657470005289,49.95250485756401],[8.720950832342247,49.95242121572122],[8.721065259849382,49.95223211276001],[8.721065607792967,49.952231574057734],[8.721119580700496,49.95222046343318],[8.721227857703285,49.95224041686604],[8.721263963326502,49.95229787460395],[8.721466661425382,49.952408517352815],[8.721573037870126,49.952279732998655],[8.721517604804513,49.952185270541136],[8.721563484208959,49.952142487327684],[8.721643847874219,49.95215931598132],[8.72173416563048,49.95214424573636],[8.721770668697596,49.95211286018949],[8.721908243108262,49.95203531662568],[8.722017347878985,49.952031261822945],[8.722037911496546,49.951973310660705],[8.721807387529967,49.951924289462454],[8.72175937216996,49.95185906993188],[8.721910961977736,49.951802691922346],[8.722010289534566,49.95183970857289],[8.722070682985597,49.95183131058678],[8.72215796675342,49.95176407730704],[8.722138105972345,49.95169991451841],[8.722213890134961,49.951633552880736],[8.722309297016876,49.95165275510065],[8.722318382127535,49.951731909234574],[8.722423558422783,49.95177127753443],[8.722485925002342,49.951819535646734],[8.722444399107955,49.951925006087464],[8.72252167424312,49.95197923477865],[8.722619144358735,49.951939542007004],[8.722849635782849,49.952054475189605],[8.722909246606248,49.952102366794655],[8.722873865197302,49.95215875401684],[8.722865031654884,49.95223588698177],[8.722874421587857,49.95228212991685],[8.722937354394643,49.95229199194693],[8.722933283835458,49.95232030801836],[8.722798445136668,49.95240199579595],[8.7226684233049,49.95238540892535],[8.7225922529228,49.952418858053896],[8.722698958352197,49.952492490476196],[8.72275601619323,49.95258470816675],[8.723012917008969,49.952584872263195],[8.723118541236923,49.95250644166734],[8.723298165825904,49.95249230272189],[8.723385003633318,49.952522903852454],[8.723430616793491,49.95258658827981],[8.723489348808254,49.95268780191351],[8.723371229762565,49.95272016239692],[8.723392142373335,49.95274152405159],[8.723559212492301,49.95291268636939],[8.723596466032399,49.95295090255507],[8.723618518190133,49.953054366712976],[8.723813492718433,49.95317038232675],[8.723887070620101,49.95312802383867],[8.724072840890164,49.95308476322408],[8.724206565604888,49.95327859582898],[8.724429809224361,49.953335957798714],[8.724649878211892,49.953325239988],[8.724668207788884,49.95341673532471],[8.724651776347848,49.953435849951084],[8.725275020945407,49.95333436565701],[8.725503085310383,49.95349433927248],[8.725566921000885,49.95344683104972],[8.725796958181384,49.953563285954765],[8.726043501751313,49.95368805231209],[8.726274343306642,49.95380495777933],[8.726604391845692,49.95365691333684],[8.727142560424864,49.95341547792703],[8.727694319723387,49.95347405549049],[8.727971200675725,49.95339710145645],[8.728209398467241,49.95333084690914],[8.728754941461021,49.95324786585379],[8.729198438374313,49.9531803806029],[8.72933101139665,49.95309121649614],[8.729794264726475,49.952779363976795],[8.730277109974114,49.95280710492994],[8.730455677558927,49.952817411538305],[8.730867656401571,49.95279417877096],[8.731100954099487,49.95278096156639],[8.73130830739441,49.95276174887389],[8.731691041659703,49.95272639573975],[8.731732282369236,49.9526894427889],[8.731790503117866,49.95263751192032],[8.731848031584379,49.95258602903753],[8.732204979304125,49.952267176853205],[8.73229080837006,49.952190400751526],[8.732404855687351,49.95179212450473],[8.732450452191832,49.951632616084645],[8.732478839907184,49.95159167659803],[8.732525418225753,49.95152461141165],[8.733024577424889,49.95113594441639],[8.733967806501216,49.95040200040629],[8.73422026403099,49.950204927983584],[8.73425831490215,49.9501411697067],[8.73428569504516,49.94971886326285],[8.734288719681864,49.94967049151967],[8.734375255301092,49.94831437820184],[8.734377152879626,49.948282819502886],[8.734026981263575,49.94806790996707],[8.734043609243056,49.9480329679648],[8.734261289129966,49.94757431893669],[8.734970657646135,49.94654748997757],[8.73498807465942,49.946473253182695],[8.735073167164703,49.94610898869369],[8.73516154579979,49.94571110033049],[8.73516944114343,49.9456755087526],[8.735237435859059,49.94528494746879],[8.73526225240066,49.94516055033279],[8.735326660175568,49.9448370635254],[8.735330190570307,49.944801012355214],[8.735411059650986,49.94396886713018],[8.7354156614881,49.943905032105725],[8.735453156217927,49.943375019924645],[8.735295800586988,49.94283449178068],[8.73503872401174,49.94237295804603],[8.73496515907001,49.942333943116985],[8.734275322559272,49.942265641766866],[8.733965666776152,49.94223489759532],[8.732509621996504,49.942090639167354],[8.732454031867436,49.94208502563726],[8.732667216931898,49.9417096377523],[8.732775026784529,49.941519788299615],[8.733021978400865,49.941084588587266],[8.73308795799059,49.94093591734119],[8.733174300636778,49.94074143200433],[8.733264716729664,49.940537514015354],[8.733298932797188,49.94027213903189],[8.733307214795857,49.940208222587074],[8.73332390058895,49.94007913104696],[8.733331821662217,49.94003895352836],[8.733356055373427,49.93991644373594],[8.73339588917018,49.93971573649014],[8.733420240443081,49.93959268740785],[8.733427570420282,49.93955547599119],[8.733435845483108,49.93951359073204],[8.733475563698008,49.93931288317971],[8.733496369005609,49.939207630747596],[8.733712017009061,49.93842327501354],[8.733728785087276,49.938362345471326],[8.733758101137623,49.93825558381565],[8.733792108543845,49.93813156763239],[8.733813450008183,49.938053922825716],[8.733843001442976,49.93794608260294],[8.733520794257016,49.93734177714682],[8.733276338817095,49.93685032354618],[8.73311405021442,49.93635815924237],[8.732930801557464,49.93583357398453],[8.73266661655612,49.93513075352225],[8.732662986460868,49.935122292354926],[8.732633487630372,49.93505433218557],[8.732346797439478,49.93439174470803],[8.731960549261201,49.93347111592448],[8.731950342125009,49.93344699285494],[8.73196248359584,49.93308094259021],[8.73198009375347,49.933075408031215],[8.732166668661312,49.93301684923531],[8.732333907602797,49.93296418046579],[8.732415304875447,49.93293451369646],[8.732688392297073,49.93283523844734],[8.733357061620609,49.932591916038305],[8.734431778089013,49.93220060694763],[8.734578343033137,49.932145639513536],[8.734849480693955,49.932044106620395],[8.734996044196615,49.93198922857777],[8.735511131539866,49.931756603311136],[8.735576093054394,49.93172725653342],[8.7363251274235,49.931384375053916],[8.736580600660336,49.93126742558169],[8.737076224613652,49.93104050424183],[8.737716800000682,49.930714902912044],[8.738610552103879,49.93020489628519],[8.738845424261168,49.93007107968782],[8.739107494487227,49.929921497261226],[8.73915025730567,49.92989587532652],[8.739313354578432,49.92979822542022],[8.739542844357528,49.929660438672734],[8.739958018275226,49.929411562802414],[8.740522105200094,49.92896617614954],[8.740534563229723,49.928956851976174],[8.740738968261386,49.928803539885806],[8.740843707441364,49.92872509090232],[8.741092918578541,49.92848564165153],[8.741116360393102,49.92846330302538],[8.741158118874056,49.928410251435004],[8.741299936471425,49.928229821598414],[8.741306529224836,49.928221563340664],[8.741363675789756,49.928148223282676],[8.741566543384149,49.9279160433691],[8.74164716840981,49.927791768848614],[8.741833788117804,49.92750370975779],[8.74201672989889,49.9271079137931],[8.742152553178508,49.926671547184085],[8.742186277248841,49.926487368837634],[8.742222961800126,49.92628656120147],[8.742234439479883,49.92622391000592],[8.742277868453296,49.925921593655204],[8.74230662837178,49.925720228822655],[8.742345281055725,49.92545171306301],[8.742289566211902,49.92545131950769],[8.741901384071587,49.92545162532572],[8.741588104433195,49.92545182698403],[8.741197739593755,49.92545212558384],[8.741200530573085,49.92542434543462],[8.741188139225782,49.92518539090571],[8.74117773423294,49.92498312960975],[8.741163152650131,49.924702715410284],[8.741149408384585,49.924437590070234],[8.741138888345318,49.924235418411236],[8.741136496113551,49.92418874273942],[8.741134620962297,49.92415276912617],[8.741155267161917,49.924072873151545],[8.74121779127682,49.923831028339876],[8.741288995458515,49.923555571428714],[8.741340374263071,49.92335686498811],[8.741336082308612,49.92332169529525],[8.741310739679202,49.92312012001925],[8.741299499476483,49.923030980673275],[8.74129883862904,49.92302567370754],[8.74133981802772,49.92294555326708],[8.7414619319689,49.922902122679204],[8.741740458021187,49.92280283811715],[8.741736284058577,49.92276703923352],[8.741721030683026,49.92263337880832],[8.741700717655675,49.922457712790546],[8.74168546207042,49.922324501966465],[8.741662301520723,49.92212284166951],[8.74163178844612,49.92185686960423],[8.741628387016844,49.921827007389716],[8.741578777180186,49.92139445422406],[8.741572517555982,49.92134057603211],[8.741561543061742,49.92124469300506],[8.741559019808996,49.92122247624945],[8.74153586125879,49.92102063604536],[8.741534759687367,49.921011821075815],[8.741530477408128,49.920974852925035],[8.741525647716657,49.92093284783114],[8.741419057405665,49.92063055678291],[8.741349583302048,49.920433289276055],[8.741224211829413,49.92007781126725],[8.741174086727094,49.91993562007175],[8.741170886077443,49.91991124362349],[8.741144856678938,49.91970966665804],[8.741141223558838,49.91968025351892],[8.741135378840157,49.919634829035196],[8.741129416859957,49.919589853907304],[8.740774344950523,49.91957215517089],[8.740461877081684,49.919556618939566],[8.740359328313462,49.91955162345402],[8.739697825623114,49.91944268189399],[8.739466390284612,49.919375079184086],[8.73918093891283,49.9192917078332],[8.739054785746882,49.91925482513588],[8.738478230825704,49.91924183639635],[8.73831159117872,49.9191513570157],[8.738266582548928,49.919126706293454],[8.738210457494027,49.91909735443158],[8.738096374641293,49.91903774725055],[8.738058274497646,49.91903127662568],[8.737754964504203,49.918979964165764],[8.73769758494696,49.91897021257484],[8.737613113251063,49.91895752210825],[8.73710447346468,49.91893973436671],[8.736972659092164,49.918951575189624],[8.73689398569479,49.918992132153456],[8.736822193214923,49.91903468299871],[8.736706307071358,49.919032351725036],[8.736603112995736,49.9190406601527],[8.736510104997349,49.91905573590507],[8.736429450751409,49.919080281642536],[8.736350739301308,49.91910663021353],[8.73627499853031,49.91913586304313],[8.736238181481745,49.919210056255416],[8.736137562599557,49.91925155195342],[8.73598803460051,49.91920454128618],[8.735845706169895,49.91891205524209],[8.735772341683433,49.91886377896315],[8.735565550461697,49.91882814749967],[8.735539730357766,49.918823682366],[8.735354383118823,49.9188156160621],[8.735265384403311,49.9188117260731],[8.73520004207965,49.91880887919111],[8.735026408524543,49.91880128872555],[8.735000340523458,49.918800150080784],[8.734189783623085,49.91891789364604],[8.73329829284728,49.919047405305136],[8.73319185866108,49.919059929658836],[8.73295082914322,49.91908842025538],[8.732452218913624,49.91914716023822],[8.73232107212646,49.919162594261394],[8.732195441713342,49.91917750133242],[8.731730391421573,49.91923244898386],[8.731538325763582,49.91925502500927],[8.730940517726198,49.9193254886764],[8.730718106118921,49.91935176973261],[8.730463197846673,49.919273123857224],[8.73032788837378,49.91923153435222],[8.73025785694962,49.91920439439454],[8.730230413490514,49.919202711936755],[8.72999524790697,49.91918858621619],[8.729857685125973,49.91918035259417],[8.729172054345852,49.91913918713371],[8.72904981909457,49.919142498573656],[8.728731133895598,49.91915119559511],[8.72835385842133,49.91916146307279],[8.728078139149096,49.91916899999737],[8.727793344533922,49.919176694813686],[8.727726726851168,49.91921673431566],[8.727196495354953,49.919524286161575],[8.726860788030487,49.91971934974773],[8.726465650528143,49.91996229143707],[8.726501440000012,49.92035678097248],[8.726060650994134,49.92034351105157],[8.725951659881177,49.920340196159586],[8.725708639840082,49.920332967313854],[8.72558770418058,49.92032935405898],[8.725525341314155,49.92032749793764],[8.725400960195843,49.920323786410236],[8.725272100322517,49.92031988429297],[8.725088687543106,49.92031432403225],[8.724953051618087,49.92031022565114],[8.724832690919627,49.92030652304879],[8.724694411573015,49.92030268786433],[8.724554860520318,49.920300288273125],[8.724393373052807,49.920297296845035],[8.724247390533295,49.9202947017528],[8.72410129419,49.92029192635872],[8.72389730874655,49.920288383515675],[8.723189565819027,49.920275456010245],[8.722871644347537,49.92026966104947],[8.722746910227643,49.92026747453404],[8.722424050643415,49.92026148669385],[8.722224660636082,49.92025786198348],[8.722084880114705,49.920255458870436],[8.72138792907637,49.92016395295402],[8.721452224153545,49.92008956067959],[8.721369603916344,49.92003504832828],[8.720550195063955,49.92004530646217],[8.720521683883446,49.92006933730137],[8.720121955250084,49.92040486768835],[8.72008738661161,49.920403705178224],[8.719314251060943,49.92037647816686],[8.719187609434991,49.92042580946196],[8.719060012038591,49.9204814329592],[8.71892953639976,49.92053812842419],[8.718720858932706,49.92059067746629],[8.71853921461082,49.92063645754356],[8.718170059357888,49.92072926151949],[8.71777310803477,49.92044755458605],[8.7177001120764,49.9204372155574],[8.716640128270036,49.92047266833084],[8.715853189394794,49.9204879184122],[8.71565385039647,49.920495073369636],[8.71556293407133,49.92050447226348],[8.714961804741472,49.92056666238014],[8.71418700002233,49.92064694578424],[8.713722530766267,49.92069489854655],[8.712742400722595,49.92103490436192],[8.712606228387349,49.92108222654416],[8.712391668332852,49.92115660107036],[8.712342494104877,49.92113894400298],[8.711077152690239,49.92068555095171],[8.710994760744532,49.92067149742465],[8.7107544083646,49.920640863738456],[8.710520483466006,49.92061114483353],[8.710200358382732,49.92057041925598],[8.709912821405204,49.92057383690544],[8.709712476569434,49.92057612325788],[8.709518218588606,49.920578604357075],[8.709130279070543,49.920583207330374],[8.707588984448371,49.92094163400986],[8.707471993513273,49.92096948509288],[8.707230304732596,49.92102687599968],[8.70703287200923,49.92104112492276],[8.70683992120958,49.921055025144284],[8.706637202686075,49.92106952980375],[8.706235325647699,49.92109863700084],[8.706115694242433,49.921107146440214],[8.705776563694446,49.921131645073906],[8.70563873266987,49.921129496857375],[8.705307250150256,49.92112415887372],[8.705182742794564,49.92112222381633],[8.705021940913928,49.92111956685412],[8.704465219472418,49.92111077581698],[8.704426282434262,49.92111013704941],[8.704285380896813,49.92110294367382],[8.704101990822403,49.921093573488506],[8.703572718763256,49.92106686346239],[8.703289422960967,49.921052470646664],[8.70315816737282,49.92104584012043],[8.703013246940671,49.92103845506534],[8.702895771727118,49.92103248899451],[8.702825148882052,49.92102889095729],[8.702581815427209,49.921016577123396],[8.702542083268767,49.92101449690542],[8.702373796110324,49.92094032775531],[8.702078120759632,49.92080998859707],[8.701936182442752,49.920747576567315],[8.701634933628267,49.92077620700689],[8.701384831041667,49.9208000225624],[8.701134181849111,49.92106087496974],[8.700196237657375,49.92084362651986],[8.700125691181247,49.9208092731388],[8.700021674940265,49.92076332291888],[8.699465340394232,49.92073004963698],[8.699364752432695,49.92072403382349],[8.69872910721789,49.92066222543553],[8.69715411579048,49.92042746920242],[8.696551218497385,49.92034676047966],[8.696444058100665,49.9203266069161],[8.69590306360434,49.92022978063859],[8.694321002095302,49.920245584690385],[8.69352604760798,49.92031065972384],[8.693457404619059,49.92032117923196],[8.69196650199034,49.92056002298641],[8.690714176018787,49.92104902228132],[8.690385716052944,49.921128088048086],[8.6894944710073,49.921105202762995],[8.688325881049945,49.92110782335299],[8.688267981743948,49.92110856697956],[8.687256202895362,49.921109080307204],[8.686633947927435,49.921286888362864],[8.684768333274677,49.92174538918584],[8.684480365686857,49.92183102278666],[8.682887883180827,49.92221856691075],[8.682724312478703,49.922234845360826],[8.682423392816045,49.922315132922364],[8.68143726275835,49.92251610561197],[8.681135544209376,49.922577593588734],[8.680956560275664,49.92261405999596],[8.680619066692708,49.92268282195243],[8.68017551571233,49.922773141963994],[8.679831116871778,49.922843501211396],[8.679594271598473,49.92289167569633],[8.679022112708386,49.9230082533388],[8.67880797817862,49.92304407960197],[8.67839203604639,49.92311027978121],[8.678365466346474,49.92311533175035],[8.678113276226263,49.92315581714346],[8.67784488141372,49.923197336061804],[8.677487544123483,49.923260368592906],[8.677238682640741,49.92330104118786],[8.676952079819829,49.92335096019254],[8.676594625970175,49.92341389972434],[8.67622246002904,49.923426439829356],[8.675948339787555,49.92344761562635],[8.675754673610863,49.923462631148944],[8.675398604029006,49.92349014093943],[8.674875417046247,49.92353066982968],[8.674847832847563,49.92353275066803],[8.674813696612087,49.923535442594996],[8.674811858633062,49.92353543744162],[8.674615167643527,49.92353893235085],[8.6730755917205,49.923353496524186],[8.671902408069725,49.923212330610546],[8.67184788678671,49.92320579177972],[8.671055635296263,49.923098336771744],[8.670906809181965,49.92305699929527],[8.670317471428511,49.922893013291024],[8.670134479761714,49.92284204578606],[8.670024523758443,49.92281151864026],[8.669886362843455,49.922773087752255],[8.669441497029476,49.922649434525916],[8.669098791722309,49.922554127301716],[8.66906256133798,49.92254395247294],[8.669020941255242,49.92253241339647],[8.668808387328896,49.922487654084314],[8.668797030488541,49.92248537356058],[8.66861177806286,49.92244626711869],[8.668542264864742,49.922431680685364],[8.668417692594764,49.922405426576915],[8.668227163514825,49.92236531527291],[8.667999469742828,49.92231736383572],[8.667937068398457,49.92230432610006],[8.667751701879608,49.92226530787899],[8.667716142678392,49.92225783226247],[8.667469120761208,49.92221432058989],[8.667281072723089,49.92218113896768],[8.66697806117793,49.92212784377542],[8.666654773834843,49.922166391541595],[8.666599703810531,49.92217306744815],[8.66649091413913,49.92217383374737],[8.666295966110328,49.92217516138762],[8.66615317294167,49.92217609929839],[8.665996306006619,49.922168993293845],[8.665801887712899,49.92216016025044],[8.664736320429885,49.92211176332438],[8.664541787736733,49.92210292783746],[8.66440719985317,49.922096783358235],[8.664381013248748,49.92224508169931],[8.66454862222737,49.92235958986242],[8.664518746517063,49.92237739826465],[8.664424149218007,49.92243521530569],[8.664161753966901,49.9225875958537],[8.66410553593051,49.92254444952121],[8.66393806845117,49.92264099206026],[8.663624519924806,49.9224016953587],[8.66357041245838,49.92233598403599],[8.66305484811897,49.922321538335005],[8.662977902951255,49.92231870697851],[8.662783356589442,49.922311756900946],[8.662776440349658,49.92228224181515],[8.662750526979439,49.92220950810915],[8.662586975309216,49.92213979115234],[8.66222376570224,49.9221372951301],[8.661639119885734,49.921883175068736],[8.661583003103575,49.92185882185782],[8.661537809052657,49.92183306171667],[8.66130588648269,49.9217013658029],[8.660503975824703,49.92156944111014],[8.660177161731017,49.921651933201176],[8.65991544362172,49.92167409660644],[8.659888539582155,49.92167752473744],[8.659860485582385,49.92168112933709],[8.659285695183462,49.92174256862885],[8.65820121488361,49.92167436278408],[8.657452138765963,49.92147971599156],[8.657288775090178,49.921465924660936],[8.657233817021952,49.921489142418416],[8.657159388065407,49.92152048565327],[8.656913794975042,49.921536485214325],[8.656835518781778,49.921656661503455],[8.656490907941478,49.92180167746514],[8.656322839623332,49.92183553041542],[8.655505107344553,49.92220062261645],[8.655139303993012,49.922448983880585],[8.65509336148323,49.922480230639735],[8.654899115257207,49.92252785192534],[8.654879793808801,49.9225310316856],[8.654707501790352,49.922560643310625]]]]}},{"type":"Feature","properties":{"plr_id":"0910","gid":"0910","kiez":"Kranichstein-Süd","plr_name":"Kranichstein-Süd","bez":"09 - Kranichstein","bzr_name":null,"pgr_name":null,"st":"09"},"geometry":{"type":"MultiPolygon","coordinates":[[[[8.673632656913693,49.902433205652216],[8.673716246061355,49.90233164690438],[8.673819749336571,49.90220568478138],[8.673823453380884,49.90220128892378],[8.673830399750456,49.902192855605506],[8.674059515580097,49.901914285770516],[8.674330466787834,49.901851200970526],[8.675744438130211,49.901522084766256],[8.676247586059649,49.90109446309648],[8.677907289539386,49.90077526846529],[8.677977299712182,49.90076269368913],[8.678018676180466,49.900860106369166],[8.678093760210462,49.900982341711504],[8.678159461110953,49.901065254167165],[8.678688866854811,49.901676496950024],[8.678734260371737,49.901618891505834],[8.678746181946629,49.90160462661586],[8.678766789770336,49.901579145286156],[8.678804876516585,49.90153249030145],[8.678848172532415,49.90147946512616],[8.678859980411701,49.9014650200613],[8.678903125311363,49.9014347452204],[8.678962419113972,49.90139336449449],[8.679021714008318,49.90135180389304],[8.679081124218207,49.901310153656205],[8.679140304684058,49.901268502753005],[8.679220939490243,49.90121216363069],[8.679247717999608,49.90119110555983],[8.679320548926935,49.90113411531407],[8.679378952640745,49.901088325635605],[8.679401113766017,49.90107094164709],[8.679447755442318,49.90105002836661],[8.679522728050133,49.90101633423233],[8.679597930789521,49.9009825507613],[8.679673132828631,49.90094885716345],[8.679686491849612,49.90094286915545],[8.679973452843656,49.90093979470826],[8.680075192956625,49.90093863665305],[8.680176473190365,49.90093756716427],[8.680314384591963,49.90093605903261],[8.68041991375301,49.900934911120444],[8.680565152896902,49.90076265718209],[8.680805133645174,49.900692547788076],[8.681318455778177,49.90054252755124],[8.681892400723887,49.90037495632381],[8.682052559028707,49.90029014758481],[8.682127016389217,49.900229563069736],[8.68234500252246,49.90029085911239],[8.682559926711887,49.90022391471029],[8.682766681112668,49.900159555356844],[8.68345516885408,49.90010307607788],[8.683598427054521,49.90009123737492],[8.683739846332854,49.90007966325188],[8.683799263349021,49.89994826643722],[8.684738870851309,49.899784015631845],[8.685581980411586,49.899644134794805],[8.685721955451076,49.899589480730874],[8.685888980431479,49.899524378660594],[8.68606279664912,49.89945659701414],[8.686053645160552,49.899451356645024],[8.685999992249773,49.899420996904375],[8.686079712518158,49.89938002753606],[8.686232354581493,49.8993017571248],[8.686432228097242,49.89919933474924],[8.686689240975111,49.89906748141632],[8.686751910312235,49.89903527806955],[8.686775295894414,49.899023291418004],[8.686832204551058,49.89899412988455],[8.686984729947696,49.89891576824053],[8.687043596609813,49.8988856227238],[8.687617288600185,49.89859104972032],[8.688527231464455,49.89812400396879],[8.688554417745445,49.89811004883687],[8.68861293743177,49.89807999151297],[8.688765456488248,49.89800171742579],[8.688776861170542,49.89799581304773],[8.688946017243923,49.897776312692365],[8.689149990499958,49.89748064982343],[8.689229261730453,49.89736566957982],[8.68950856147954,49.89696068040369],[8.68953544855389,49.896921635425336],[8.689628022657383,49.89679086387956],[8.689709010883883,49.89667633751195],[8.68976080087004,49.89660318796778],[8.68979110553456,49.89649661909657],[8.689787950641419,49.8964514687744],[8.689785319070026,49.896414233169885],[8.689782782134623,49.89638014516069],[8.689781095650417,49.89635667046669],[8.689778147910014,49.896315027736115],[8.689774356647547,49.896261692619156],[8.689760330121915,49.89608567368225],[8.689750343543938,49.8959600230302],[8.689731545785198,49.89572239332037],[8.690351307483896,49.89528890729343],[8.690816801107507,49.895441401682426],[8.690990717762467,49.895498337589004],[8.691715259907395,49.89573559739677],[8.692641955341742,49.89550839125919],[8.692824097294253,49.8954636420814],[8.693168371839148,49.895379125672406],[8.69342214863512,49.89531702988411],[8.693512941737724,49.89517527976419],[8.693484603884002,49.89517214744354],[8.693429190489846,49.89516597604282],[8.693351749643751,49.89515731841717],[8.693322150079373,49.89515400287211],[8.69313009514894,49.89513281224695],[8.693063898025818,49.895125353196335],[8.692564093346292,49.894933480034545],[8.692378785448607,49.894862488105524],[8.692283221792549,49.894797129509996],[8.692278191501572,49.89479378896982],[8.692144678597286,49.89470225156],[8.692139648325734,49.89469891101382],[8.691688357667083,49.894389901824134],[8.691525926425374,49.89427868334834],[8.691392186756385,49.89418714445853],[8.691203123470352,49.89405768997622],[8.691163801951545,49.89403078787378],[8.691150542673101,49.89402167022467],[8.691083101763123,49.89397553936244],[8.690769218999394,49.89376059344633],[8.690635482193123,49.89366905368101],[8.690442307315886,49.893536889250775],[8.690012755649002,49.893242768972186],[8.689964976985218,49.893210088706276],[8.689831243221057,49.89311854801049],[8.689772607075625,49.89307828499576],[8.68952141898841,49.89311376220703],[8.689337796859476,49.893139618179895],[8.689147509680799,49.89316644516037],[8.6890141006165,49.89318542113605],[8.688855987084546,49.8932077477894],[8.688633179772214,49.89323925264036],[8.688548453282321,49.89325727970137],[8.68818137961575,49.89333560627349],[8.688022506857095,49.89338652561875],[8.687851439192192,49.89344136858051],[8.687803472620294,49.893455807156464],[8.687626790167057,49.893508926111416],[8.687508426669062,49.893544486921805],[8.687451258257415,49.89356159827746],[8.68734934440981,49.89359207758713],[8.687225024707605,49.89362546386983],[8.68702710071516,49.89367879438603],[8.686708996932207,49.893764262536465],[8.686571571309777,49.89380031043209],[8.686418161019926,49.8938404514485],[8.686237724450043,49.893887802990236],[8.686101794073199,49.893923314830026],[8.68587892197311,49.89398170152329],[8.685698484352155,49.89402905222275],[8.685596592959385,49.89405575323922],[8.685334389449887,49.89412437351098],[8.68514556206979,49.89411999421893],[8.685124670673973,49.89411948787163],[8.684929873528121,49.89411509201783],[8.684908982136854,49.89411458563165],[8.684694671292503,49.8941096867366],[8.684680322558538,49.89410937794753],[8.68468009295067,49.89410937732317],[8.684610760752285,49.89410774998572],[8.684451434596397,49.8941039893427],[8.684326084557052,49.89410122021983],[8.684200964727307,49.89409836166426],[8.68407572952202,49.894095592583454],[8.683950494918982,49.89409273344489],[8.683928340705709,49.89409222344019],[8.68382526033137,49.89408987417113],[8.683735036825638,49.89408773972507],[8.68364446832874,49.894085694191745],[8.683556540328604,49.89408365579342],[8.6834660866514,49.89408161043408],[8.683329602523624,49.894078540068186],[8.683284491086381,49.8940774276999],[8.683242822589255,49.894076504567195],[8.683200924486119,49.89407558079222],[8.68315581246606,49.89407455829638],[8.683063063336627,49.894072416426425],[8.683009890847064,49.894092593934026],[8.682969263752652,49.89410794981473],[8.682921040128447,49.89412625240517],[8.6823088642302,49.894358199697734],[8.681900333552091,49.894505364592774],[8.681730130887672,49.8945666754307],[8.681512744651235,49.89464503194104],[8.681442775585174,49.89467028826946],[8.68121940432135,49.894750785965904],[8.681098799650643,49.89479424739241],[8.680928595551334,49.89485546712432],[8.680807990952662,49.894898838324075],[8.680401272846508,49.89501354031877],[8.680232075272837,49.89506118326169],[8.679409973233478,49.89496853960548],[8.67909398707843,49.89492180428095],[8.678783209179917,49.89488614318735],[8.678322673136686,49.894823358458936],[8.678112622714936,49.894781680258475],[8.677878692068228,49.89472284976141],[8.677602117594564,49.89463719277576],[8.677386398493171,49.894550535438576],[8.67734460622538,49.89453369327366],[8.677108510817417,49.89442108057225],[8.676916600427123,49.89429375302329],[8.676761787829133,49.89418145597459],[8.676580716507651,49.89403014833511],[8.676456760588414,49.89392198351649],[8.676428797298506,49.893897446128236],[8.676068348487096,49.89358269447718],[8.675655166649893,49.89322292205246],[8.675152516431305,49.89278403404681],[8.674793801967175,49.892469912687616],[8.674655704487877,49.892588045339664],[8.674495228589413,49.89272194165944],[8.674401517486642,49.89279496674668],[8.674307733662411,49.89286169686294],[8.674200475484376,49.8929346837358],[8.674074218462543,49.89301598005534],[8.673942480235924,49.89309285454134],[8.673810086723464,49.8931646912816],[8.673654228389896,49.89324311622105],[8.673520750931175,49.89330532769602],[8.672791798303722,49.89368796851508],[8.672588214733372,49.893794853212995],[8.672507103719502,49.893837428054],[8.671423473080981,49.894291446943534],[8.67115175602022,49.89440532996283],[8.670856192976137,49.89453092472165],[8.670471394223483,49.894694482926184],[8.670262758831392,49.894783184501236],[8.66987804292933,49.895001324910105],[8.669566276605387,49.895195392422615],[8.669338706116905,49.89536631893907],[8.669144937121667,49.89553005759895],[8.669063849920176,49.89560185542826],[8.668984222373014,49.89567842334476],[8.668895435550484,49.89576800404937],[8.668808003936952,49.89586082582342],[8.668671643929754,49.896023468694885],[8.66852041832462,49.896227523920935],[8.668391815643375,49.89643065447476],[8.668248974447037,49.8967343692105],[8.66814988408834,49.89702004430119],[8.668086859963454,49.8973033945811],[8.668066833925787,49.89756150930975],[8.668072996405769,49.89790170974869],[8.668125372417927,49.898200047894186],[8.668190755909631,49.898426663812394],[8.668288616416346,49.898438004446575],[8.668316440875147,49.89849932232701],[8.668389621235267,49.89866067554948],[8.669430959598156,49.899424226424266],[8.669729380029429,49.89964188362014],[8.670458877816897,49.90017370153344],[8.671636221401386,49.90104013215519],[8.671821400150117,49.90117994867282],[8.672199759349503,49.90146535856427],[8.672388564759686,49.9015957423933],[8.673187434708478,49.902116588300125],[8.67327794137271,49.90218095914723],[8.67329816848309,49.90219531405063],[8.673470725774933,49.90231809670417],[8.673632656913693,49.902433205652216]]]]}},{"type":"Feature","properties":{"plr_id":"0920","gid":"0920","kiez":"Kranichstein-Nord","plr_name":"Kranichstein-Nord","bez":"09 - Kranichstein","bzr_name":null,"pgr_name":null,"st":"09"},"geometry":{"type":"MultiPolygon","coordinates":[[[[8.690816801107507,49.895441401682426],[8.690351307483896,49.89528890729343],[8.689731545785198,49.89572239332037],[8.689750343543938,49.8959600230302],[8.689760330121915,49.89608567368225],[8.689774356647547,49.896261692619156],[8.689778147910014,49.896315027736115],[8.689781095650417,49.89635667046669],[8.689782782134623,49.89638014516069],[8.689785319070026,49.896414233169885],[8.689787950641419,49.8964514687744],[8.68979110553456,49.89649661909657],[8.68976080087004,49.89660318796778],[8.689709010883883,49.89667633751195],[8.689628022657383,49.89679086387956],[8.68953544855389,49.896921635425336],[8.68950856147954,49.89696068040369],[8.689229261730453,49.89736566957982],[8.689149990499958,49.89748064982343],[8.688946017243923,49.897776312692365],[8.688776861170542,49.89799581304773],[8.688765456488248,49.89800171742579],[8.68861293743177,49.89807999151297],[8.688554417745445,49.89811004883687],[8.688527231464455,49.89812400396879],[8.687617288600185,49.89859104972032],[8.687043596609813,49.8988856227238],[8.686984729947696,49.89891576824053],[8.686832204551058,49.89899412988455],[8.686775295894414,49.899023291418004],[8.686751910312235,49.89903527806955],[8.686689240975111,49.89906748141632],[8.686432228097242,49.89919933474924],[8.686232354581493,49.8993017571248],[8.686079712518158,49.89938002753606],[8.685999992249773,49.899420996904375],[8.686053645160552,49.899451356645024],[8.68606279664912,49.89945659701414],[8.685888980431479,49.899524378660594],[8.685721955451076,49.899589480730874],[8.685581980411586,49.899644134794805],[8.684738870851309,49.899784015631845],[8.683799263349021,49.89994826643722],[8.683739846332854,49.90007966325188],[8.683598427054521,49.90009123737492],[8.68345516885408,49.90010307607788],[8.682766681112668,49.900159555356844],[8.682559926711887,49.90022391471029],[8.68234500252246,49.90029085911239],[8.682127016389217,49.900229563069736],[8.682052559028707,49.90029014758481],[8.681892400723887,49.90037495632381],[8.681318455778177,49.90054252755124],[8.680805133645174,49.900692547788076],[8.680565152896902,49.90076265718209],[8.68041991375301,49.900934911120444],[8.680314384591963,49.90093605903261],[8.680176473190365,49.90093756716427],[8.680075192956625,49.90093863665305],[8.679973452843656,49.90093979470826],[8.679686491849612,49.90094286915545],[8.679673132828631,49.90094885716345],[8.679597930789521,49.9009825507613],[8.679522728050133,49.90101633423233],[8.679447755442318,49.90105002836661],[8.679401113766017,49.90107094164709],[8.679378952640745,49.901088325635605],[8.679320548926935,49.90113411531407],[8.679247717999608,49.90119110555983],[8.679220939490243,49.90121216363069],[8.679140304684058,49.901268502753005],[8.679081124218207,49.901310153656205],[8.679021714008318,49.90135180389304],[8.678962419113972,49.90139336449449],[8.678903125311363,49.9014347452204],[8.678859980411701,49.9014650200613],[8.678848172532415,49.90147946512616],[8.678804876516585,49.90153249030145],[8.678766789770336,49.901579145286156],[8.678746181946629,49.90160462661586],[8.678734260371737,49.901618891505834],[8.678688866854811,49.901676496950024],[8.678159461110953,49.901065254167165],[8.678093760210462,49.900982341711504],[8.678018676180466,49.900860106369166],[8.677977299712182,49.90076269368913],[8.677907289539386,49.90077526846529],[8.676247586059649,49.90109446309648],[8.675744438130211,49.901522084766256],[8.674330466787834,49.901851200970526],[8.674059515580097,49.901914285770516],[8.673830399750456,49.902192855605506],[8.673823453380884,49.90220128892378],[8.673819749336571,49.90220568478138],[8.673716246061355,49.90233164690438],[8.673632656913693,49.902433205652216],[8.673648884820322,49.90244467167035],[8.673669111544392,49.902459116431096],[8.673934807348777,49.90264816465951],[8.67396449979965,49.902672257850575],[8.673986311223967,49.902690124122486],[8.674008688302258,49.90270925091626],[8.674288452917711,49.902940961844045],[8.674660496534795,49.90324765784262],[8.675512404150552,49.903863775892006],[8.676510675237118,49.904592970700534],[8.677373154887745,49.905215039369814],[8.677423324888911,49.90525123843932],[8.67747120974924,49.90528572257634],[8.679869149537549,49.90707178174546],[8.681088761766143,49.90784857763658],[8.68193100383712,49.90842244702628],[8.682064995642714,49.90851381742914],[8.682225970455242,49.90862342624218],[8.683669154383182,49.909574000513416],[8.684790958843246,49.910328458858864],[8.685542200690522,49.91083389205302],[8.68581331552145,49.91101618312359],[8.68683075475432,49.91170514392563],[8.687512145577582,49.912114067138965],[8.687936192575199,49.91239487206463],[8.688064162148548,49.912479654811534],[8.68855078215534,49.91280028215915],[8.689010566657903,49.91313360466471],[8.689633677566833,49.91346682298997],[8.690142237886914,49.91370045606582],[8.690545569664588,49.91384873824972],[8.69115965472,49.914051714583906],[8.692120869448447,49.91430308947509],[8.6922390517819,49.91439368664075],[8.692174051232973,49.914591076684786],[8.69254586084377,49.914695475324486],[8.69257233899052,49.9147941919041],[8.692632280185155,49.914868537900915],[8.692935909386895,49.9151112371767],[8.693204553063602,49.91532911406348],[8.693557987271333,49.91561573630314],[8.6938899540335,49.915883147026754],[8.694012115128288,49.91598139637655],[8.694042283477648,49.91600575538394],[8.694148936185234,49.91610450321517],[8.694436555131855,49.91642943650816],[8.694533379677486,49.91653876908476],[8.69492581170879,49.91698231680173],[8.694937581413907,49.91699196960191],[8.695058366294875,49.917090663825725],[8.695077106136296,49.917106090057736],[8.695371627689964,49.91743121896174],[8.695439419870338,49.91748211399508],[8.695464455739568,49.91750097379878],[8.695591581201752,49.917596356928016],[8.695683838415334,49.917665660470014],[8.695983189880984,49.91786319868973],[8.696119424655267,49.917953299611675],[8.6968176540059,49.918414457379974],[8.696959841040087,49.9185083496599],[8.697573960477223,49.918884844651515],[8.69771539073566,49.91897163004903],[8.697882568538132,49.91907403914828],[8.698219766432716,49.91928389973994],[8.698360161314453,49.919371311115206],[8.69874359046051,49.919609886137025],[8.698787366246105,49.91964489023255],[8.698850115552775,49.91969505076077],[8.699037678420966,49.919844990818675],[8.69916009250306,49.91994278570112],[8.699455327022292,49.920178881441785],[8.699539224000125,49.92024582219717],[8.69951996873716,49.92029442102483],[8.699482040252168,49.920390361246014],[8.699481391021033,49.920402409337235],[8.699474865153523,49.92052828558191],[8.699473017781548,49.92056676813021],[8.699364752432695,49.92072403382349],[8.699465340394232,49.92073004963698],[8.700021674940265,49.92076332291888],[8.700125691181247,49.9208092731388],[8.700196237657375,49.92084362651986],[8.701134181849111,49.92106087496974],[8.701384831041667,49.9208000225624],[8.701634933628267,49.92077620700689],[8.701936182442752,49.920747576567315],[8.702078120759632,49.92080998859707],[8.702373796110324,49.92094032775531],[8.702542083268767,49.92101449690542],[8.702581815427209,49.921016577123396],[8.702825148882052,49.92102889095729],[8.702895771727118,49.92103248899451],[8.703013246940671,49.92103845506534],[8.70315816737282,49.92104584012043],[8.703289422960967,49.921052470646664],[8.703572718763256,49.92106686346239],[8.704101990822403,49.921093573488506],[8.704285380896813,49.92110294367382],[8.704426282434262,49.92111013704941],[8.704465219472418,49.92111077581698],[8.705021940913928,49.92111956685412],[8.705182742794564,49.92112222381633],[8.705307250150256,49.92112415887372],[8.70563873266987,49.921129496857375],[8.705776563694446,49.921131645073906],[8.706115694242433,49.921107146440214],[8.706235325647699,49.92109863700084],[8.706637202686075,49.92106952980375],[8.70683992120958,49.921055025144284],[8.70703287200923,49.92104112492276],[8.707230304732596,49.92102687599968],[8.707471993513273,49.92096948509288],[8.707588984448371,49.92094163400986],[8.709130279070543,49.920583207330374],[8.709518218588606,49.920578604357075],[8.709712476569434,49.92057612325788],[8.709912821405204,49.92057383690544],[8.710200358382732,49.92057041925598],[8.710520483466006,49.92061114483353],[8.7107544083646,49.920640863738456],[8.710994760744532,49.92067149742465],[8.711077152690239,49.92068555095171],[8.712342494104877,49.92113894400298],[8.712391668332852,49.92115660107036],[8.712606228387349,49.92108222654416],[8.712742400722595,49.92103490436192],[8.713722530766267,49.92069489854655],[8.71418700002233,49.92064694578424],[8.714961804741472,49.92056666238014],[8.71556293407133,49.92050447226348],[8.71565385039647,49.920495073369636],[8.715853189394794,49.9204879184122],[8.716640128270036,49.92047266833084],[8.7177001120764,49.9204372155574],[8.71777310803477,49.92044755458605],[8.718170059357888,49.92072926151949],[8.71853921461082,49.92063645754356],[8.718720858932706,49.92059067746629],[8.71892953639976,49.92053812842419],[8.719060012038591,49.9204814329592],[8.719187609434991,49.92042580946196],[8.719314251060943,49.92037647816686],[8.72008738661161,49.920403705178224],[8.720121955250084,49.92040486768835],[8.720521683883446,49.92006933730137],[8.720550195063955,49.92004530646217],[8.721369603916344,49.92003504832828],[8.721452224153545,49.92008956067959],[8.72138792907637,49.92016395295402],[8.722084880114705,49.920255458870436],[8.722224660636082,49.92025786198348],[8.722424050643415,49.92026148669385],[8.722746910227643,49.92026747453404],[8.722871644347537,49.92026966104947],[8.723189565819027,49.920275456010245],[8.72389730874655,49.920288383515675],[8.72410129419,49.92029192635872],[8.724247390533295,49.9202947017528],[8.724393373052807,49.920297296845035],[8.724554860520318,49.920300288273125],[8.724694411573015,49.92030268786433],[8.724832690919627,49.92030652304879],[8.724953051618087,49.92031022565114],[8.725088687543106,49.92031432403225],[8.725272100322517,49.92031988429297],[8.725400960195843,49.920323786410236],[8.725525341314155,49.92032749793764],[8.72558770418058,49.92032935405898],[8.725708639840082,49.920332967313854],[8.725951659881177,49.920340196159586],[8.726060650994134,49.92034351105157],[8.726501440000012,49.92035678097248],[8.726465650528143,49.91996229143707],[8.726860788030487,49.91971934974773],[8.727196495354953,49.919524286161575],[8.727726726851168,49.91921673431566],[8.727793344533922,49.919176694813686],[8.728078139149096,49.91916899999737],[8.72835385842133,49.91916146307279],[8.728731133895598,49.91915119559511],[8.72904981909457,49.919142498573656],[8.729172054345852,49.91913918713371],[8.729857685125973,49.91918035259417],[8.72999524790697,49.91918858621619],[8.730230413490514,49.919202711936755],[8.73025785694962,49.91920439439454],[8.73032788837378,49.91923153435222],[8.730463197846673,49.919273123857224],[8.730718106118921,49.91935176973261],[8.730940517726198,49.9193254886764],[8.731538325763582,49.91925502500927],[8.731730391421573,49.91923244898386],[8.732195441713342,49.91917750133242],[8.73232107212646,49.919162594261394],[8.732452218913624,49.91914716023822],[8.73295082914322,49.91908842025538],[8.73319185866108,49.919059929658836],[8.73329829284728,49.919047405305136],[8.734189783623085,49.91891789364604],[8.735000340523458,49.918800150080784],[8.735026408524543,49.91880128872555],[8.73520004207965,49.91880887919111],[8.735265384403311,49.9188117260731],[8.735024300726986,49.91861999780649],[8.734881001587725,49.91850591688166],[8.734847879955717,49.9184295858928],[8.734765673166146,49.91842310326113],[8.734592995010098,49.91840912974975],[8.734541673855722,49.9184049657272],[8.734435586698647,49.91839644987861],[8.734015321864366,49.91812121959406],[8.73377798098526,49.91819000617566],[8.733619101979771,49.918235952053365],[8.733331370134081,49.918319189603395],[8.733160295554041,49.918368613832904],[8.733029026477402,49.91840661921689],[8.732870146051638,49.91845256406454],[8.732816073851303,49.91846817614897],[8.732763036867755,49.91848352082258],[8.732690556797808,49.9185044858511],[8.73233031539659,49.91855113468353],[8.731020602112697,49.91864000650823],[8.73086535847018,49.918465464205994],[8.730778490575219,49.9183678752512],[8.730649274313203,49.9182226182606],[8.730591117498799,49.918187862563826],[8.730152289959209,49.91792939086107],[8.72973576225721,49.918038667388366],[8.72957460282163,49.91808100546746],[8.729228701751781,49.9181718306319],[8.727185698506503,49.91748847867858],[8.727031157779503,49.917436678691864],[8.726735718666292,49.917337876199525],[8.725971770684465,49.91658925731764],[8.725876050598771,49.91649542052941],[8.72578684154262,49.91640798363873],[8.725724817816188,49.91634722839152],[8.72562201735821,49.91624636059448],[8.725526183771844,49.916152523242445],[8.725443828563899,49.91607193650482],[8.724308727300858,49.91564174636969],[8.724158588793992,49.9155849172686],[8.723253069005924,49.9152416792817],[8.722589664568932,49.91510080245241],[8.722424358977428,49.91506569636148],[8.721700504959177,49.914911900569756],[8.721228418718276,49.91457858845522],[8.72116310267165,49.91453248040004],[8.72077955946317,49.914261696441876],[8.7206274356651,49.91411259620118],[8.720531730851167,49.914018754987936],[8.720153939073867,49.91364852711319],[8.720058236095106,49.91355468550482],[8.71941904207552,49.912928530335094],[8.71866674397086,49.91247906724391],[8.718538786264473,49.91240277116992],[8.717865589183058,49.91200052492057],[8.717683329178131,49.91178336504305],[8.71760052631009,49.911684606964414],[8.717473241770783,49.91153304512374],[8.717411311972924,49.9114590667981],[8.7172534625245,49.91127110101224],[8.717044862540952,49.91102249247033],[8.717008258077948,49.91099749426018],[8.716920749527342,49.91093793097766],[8.716870761069144,49.91090390767258],[8.716561109084845,49.91069308926358],[8.716534709860287,49.91067090348202],[8.716428655939602,49.91058179948195],[8.715647096393528,49.90992434114396],[8.713887871228673,49.90872969246689],[8.710059431343353,49.90411230424675],[8.709733444219019,49.90386114054547],[8.709647605582468,49.903794831570785],[8.709175778675249,49.90343107597513],[8.708696797743343,49.903245889402534],[8.70796781486227,49.90276080465731],[8.707929196569006,49.90274784827517],[8.70776125958906,49.902681870629124],[8.707260663258625,49.90256037969776],[8.707193817612373,49.902544204471866],[8.706981242388757,49.90249268065459],[8.706595316692784,49.902397374634475],[8.705604364718031,49.902153237506084],[8.705422410718368,49.902108353007364],[8.705353275330031,49.90209127166224],[8.705293883516775,49.9020769127568],[8.704701568260942,49.901934405195185],[8.70451892149938,49.901890416751435],[8.703555357979583,49.901658561519916],[8.702159839099904,49.90082975336122],[8.701847793767094,49.90056232686896],[8.701798635906222,49.90052739988599],[8.70181085885387,49.90051897846185],[8.701823673628168,49.90050768099053],[8.701867522613158,49.90045383933738],[8.701926885227534,49.90037926510276],[8.701950282373318,49.90032761894571],[8.701967520091179,49.900250688311736],[8.701991085239206,49.90007854442473],[8.701978752656991,49.89989974382566],[8.702039263147181,49.89982508255303],[8.702014231291088,49.89971342254823],[8.701986294062099,49.89958880601287],[8.70195131628733,49.89943287781876],[8.701765990171502,49.89924805712901],[8.701355060372752,49.898986939326626],[8.70120053719895,49.89892773096587],[8.70103295600822,49.898863542912835],[8.700705240699486,49.89873797294252],[8.700638575770562,49.89871235236622],[8.700607407846595,49.89870229033461],[8.699623915432548,49.89847574623357],[8.69944047205191,49.89843345624452],[8.698671617962065,49.89825628891436],[8.698569119968228,49.89823264227932],[8.698322967817944,49.89817535003236],[8.698139873967122,49.898132609271066],[8.698045632972692,49.898110602298495],[8.697904959400413,49.898077773335935],[8.69772163666385,49.898035031316724],[8.697557345715763,49.89799674492367],[8.69713670985708,49.8978425064569],[8.696967288441845,49.897780286032],[8.696780454826557,49.897711815071276],[8.696019975690913,49.897392841802734],[8.69571123460743,49.897211374649075],[8.695639082178287,49.89714626013088],[8.695564075507008,49.8970786202002],[8.695508720954544,49.89700797440663],[8.69539119332607,49.89685560416771],[8.695347803219837,49.896799467495086],[8.694734096807496,49.89600418376544],[8.694426287073036,49.895277415989966],[8.693816860624644,49.89520827546008],[8.69377119831137,49.89520329898258],[8.693579140707733,49.89518246879091],[8.693512941737724,49.89517527976419],[8.69342214863512,49.89531702988411],[8.693168371839148,49.895379125672406],[8.692824097294253,49.8954636420814],[8.692641955341742,49.89550839125919],[8.691715259907395,49.89573559739677],[8.690990717762467,49.895498337589004],[8.690816801107507,49.895441401682426]]]]}}]}